time_utc,ALLSKY_SFC_SW_DWN,ALLSKY_SFC_SW_DNI,ALLSKY_SFC_SW_DIFF,T2M,RH2M,WS10M,PRECTOTCORR,PS
2020-01-01 00:00:00+00:00,0.0,0.0,0.0,12.26,40.03,3.35,0.0,94.47
2020-01-01 01:00:00+00:00,0.0,0.0,0.0,11.39,42.52,3.42,0.0,94.49
2020-01-01 02:00:00+00:00,0.0,0.0,0.0,10.64,45.2,3.59,0.0,94.56
2020-01-01 03:00:00+00:00,0.0,0.0,0.0,10.06,48.0,3.77,0.0,94.64
2020-01-01 04:00:00+00:00,115.93,197.49,83.59,10.93,46.61,4.68,0.0,94.72
2020-01-01 05:00:00+00:00,294.42,443.0,139.97,13.38,40.77,4.02,0.0,94.77
2020-01-01 06:00:00+00:00,476.58,577.96,183.82,16.44,33.88,3.62,0.0,94.78
2020-01-01 07:00:00+00:00,600.7,680.16,233.6,18.64,29.54,2.79,0.0,94.73
2020-01-01 08:00:00+00:00,558.85,186.17,368.91,20.07,27.45,1.71,0.0,94.63
2020-01-01 09:00:00+00:00,572.17,203.1,384.63,21.27,26.84,1.07,0.0,94.52
2020-01-01 10:00:00+00:00,486.02,242.32,323.36,22.21,27.8,1.43,0.0,94.45
2020-01-01 11:00:00+00:00,371.42,157.49,275.79,22.81,29.51,1.65,0.0,94.41
2020-01-01 12:00:00+00:00,218.3,77.24,191.02,22.85,31.81,1.82,0.0,94.39
2020-01-01 13:00:00+00:00,78.62,16.87,72.76,21.08,36.65,2.02,0.0,94.4
2020-01-01 14:00:00+00:00,0.0,0.0,0.0,19.09,40.38,3.41,0.0,94.44
2020-01-01 15:00:00+00:00,0.0,0.0,0.0,18.31,40.92,4.54,0.0,94.51
2020-01-01 16:00:00+00:00,0.0,0.0,0.0,17.0,43.46,4.43,0.0,94.56
2020-01-01 17:00:00+00:00,0.0,0.0,0.0,16.33,44.63,4.43,0.0,94.58
2020-01-01 18:00:00+00:00,0.0,0.0,0.0,15.74,45.76,4.41,0.0,94.6
2020-01-01 19:00:00+00:00,0.0,0.0,0.0,15.26,46.48,4.51,0.0,94.57
2020-01-01 20:00:00+00:00,0.0,0.0,0.0,14.64,47.54,4.34,0.0,94.53
2020-01-01 21:00:00+00:00,0.0,0.0,0.0,13.94,48.69,4.03,0.0,94.5
2020-01-01 22:00:00+00:00,0.0,0.0,0.0,13.07,50.52,3.8,0.0,94.5
2020-01-01 23:00:00+00:00,0.0,0.0,0.0,12.47,51.82,3.97,0.0,94.5
2020-01-02 00:00:00+00:00,0.0,0.0,0.0,12.01,53.09,4.13,0.0,94.5
2020-01-02 01:00:00+00:00,0.0,0.0,0.0,11.79,53.78,4.39,0.0,94.54
2020-01-02 02:00:00+00:00,0.0,0.0,0.0,11.71,54.21,4.61,0.0,94.61
2020-01-02 03:00:00+00:00,0.0,0.0,0.0,11.79,54.19,4.87,0.0,94.68
2020-01-02 04:00:00+00:00,110.5,163.19,78.75,12.56,52.06,5.39,0.0,94.73
2020-01-02 05:00:00+00:00,283.95,399.07,140.26,14.72,45.97,5.52,0.0,94.77
2020-01-02 06:00:00+00:00,459.8,530.07,182.52,17.65,38.73,6.07,0.0,94.78
2020-01-02 07:00:00+00:00,601.12,604.18,213.42,20.54,32.63,6.76,0.0,94.71
2020-01-02 08:00:00+00:00,688.28,724.37,182.89,23.25,27.79,7.24,0.0,94.62
2020-01-02 09:00:00+00:00,687.53,750.9,177.23,25.22,25.08,7.47,0.0,94.49
2020-01-02 10:00:00+00:00,613.88,705.42,169.91,26.4,24.12,7.44,0.0,94.42
2020-01-02 11:00:00+00:00,475.38,632.03,149.05,26.93,24.09,7.21,0.0,94.39
2020-01-02 12:00:00+00:00,290.95,483.21,122.77,26.65,24.7,6.56,0.0,94.38
2020-01-02 13:00:00+00:00,101.3,208.92,62.97,23.84,28.9,4.23,0.0,94.42
2020-01-02 14:00:00+00:00,0.0,0.0,0.0,20.57,34.3,4.57,0.0,94.49
2020-01-02 15:00:00+00:00,0.0,0.0,0.0,19.84,34.94,5.5,0.0,94.57
2020-01-02 16:00:00+00:00,0.0,0.0,0.0,19.07,36.26,6.31,0.0,94.62
2020-01-02 17:00:00+00:00,0.0,0.0,0.0,18.31,37.9,6.64,0.0,94.65
2020-01-02 18:00:00+00:00,0.0,0.0,0.0,17.72,39.26,6.73,0.0,94.67
2020-01-02 19:00:00+00:00,0.0,0.0,0.0,17.09,40.85,6.67,0.0,94.65
2020-01-02 20:00:00+00:00,0.0,0.0,0.0,16.41,42.56,6.68,0.0,94.62
2020-01-02 21:00:00+00:00,0.0,0.0,0.0,15.85,44.18,6.71,0.0,94.61
2020-01-02 22:00:00+00:00,0.0,0.0,0.0,15.39,45.76,6.73,0.0,94.59
2020-01-02 23:00:00+00:00,0.0,0.0,0.0,15.03,47.0,6.8,0.0,94.57
2020-01-03 00:00:00+00:00,0.0,0.0,0.0,14.78,47.93,6.91,0.0,94.55
2020-01-03 01:00:00+00:00,0.0,0.0,0.0,14.58,48.75,6.97,0.0,94.57
2020-01-03 02:00:00+00:00,0.0,0.0,0.0,14.39,49.66,6.98,0.0,94.63
2020-01-03 03:00:00+00:00,0.0,0.0,0.0,14.25,50.05,6.85,0.0,94.69
2020-01-03 04:00:00+00:00,122.82,320.71,65.61,15.48,45.91,7.49,0.0,94.74
2020-01-03 05:00:00+00:00,314.17,593.55,102.0,18.39,37.68,7.58,0.0,94.77
2020-01-03 06:00:00+00:00,497.7,726.42,124.21,22.61,28.27,8.02,0.0,94.78
2020-01-03 07:00:00+00:00,633.7,801.23,133.47,25.74,22.91,9.06,0.0,94.71
2020-01-03 08:00:00+00:00,684.5,733.48,179.02,27.71,20.34,9.28,0.0,94.59
2020-01-03 09:00:00+00:00,684.67,738.59,177.48,28.95,18.98,9.01,0.0,94.48
2020-01-03 10:00:00+00:00,603.1,670.78,191.95,29.63,18.38,8.55,0.0,94.4
2020-01-03 11:00:00+00:00,469.85,627.13,150.89,29.73,18.45,7.87,0.0,94.37
2020-01-03 12:00:00+00:00,288.05,478.81,118.76,29.18,19.23,6.63,0.0,94.36
2020-01-03 13:00:00+00:00,102.15,204.7,59.84,25.75,23.87,3.65,0.0,94.37
2020-01-03 14:00:00+00:00,0.0,0.0,0.0,22.23,28.99,3.75,0.0,94.42
2020-01-03 15:00:00+00:00,0.0,0.0,0.0,21.37,30.16,4.13,0.0,94.47
2020-01-03 16:00:00+00:00,0.0,0.0,0.0,20.83,30.63,4.85,0.0,94.49
2020-01-03 17:00:00+00:00,0.0,0.0,0.0,20.33,31.15,5.76,0.0,94.49
2020-01-03 18:00:00+00:00,0.0,0.0,0.0,19.66,32.26,6.21,0.0,94.47
2020-01-03 19:00:00+00:00,0.0,0.0,0.0,18.93,33.61,6.19,0.0,94.44
2020-01-03 20:00:00+00:00,0.0,0.0,0.0,18.04,35.45,5.56,0.0,94.4
2020-01-03 21:00:00+00:00,0.0,0.0,0.0,17.2,37.29,5.0,0.0,94.36
2020-01-03 22:00:00+00:00,0.0,0.0,0.0,16.61,38.7,4.62,0.0,94.33
2020-01-03 23:00:00+00:00,0.0,0.0,0.0,16.18,39.85,4.17,0.0,94.31
2020-01-04 00:00:00+00:00,0.0,0.0,0.0,15.84,40.98,3.9,0.0,94.31
2020-01-04 01:00:00+00:00,0.0,0.0,0.0,15.51,42.11,3.78,0.0,94.32
2020-01-04 02:00:00+00:00,0.0,0.0,0.0,15.06,43.63,3.73,0.0,94.35
2020-01-04 03:00:00+00:00,0.0,0.0,0.0,14.77,44.92,3.72,0.0,94.39
2020-01-04 04:00:00+00:00,117.53,306.28,63.12,16.84,39.83,4.45,0.0,94.43
2020-01-04 05:00:00+00:00,304.85,560.24,102.56,19.41,34.24,4.26,0.0,94.46
2020-01-04 06:00:00+00:00,484.85,701.38,124.77,23.59,27.91,6.23,0.0,94.47
2020-01-04 07:00:00+00:00,618.62,771.69,137.54,26.62,25.83,7.13,0.0,94.42
2020-01-04 08:00:00+00:00,651.83,670.72,186.35,28.25,27.02,6.77,0.0,94.3
2020-01-04 09:00:00+00:00,648.97,650.48,205.68,29.11,28.87,6.35,0.0,94.18
2020-01-04 10:00:00+00:00,585.55,654.46,171.11,29.44,30.41,5.99,0.0,94.09
2020-01-04 11:00:00+00:00,433.62,483.64,186.43,29.37,31.69,5.69,0.0,94.04
2020-01-04 12:00:00+00:00,251.5,371.15,123.12,28.8,33.35,5.28,0.0,94.03
2020-01-04 13:00:00+00:00,89.88,152.47,63.12,26.44,38.52,3.15,0.0,94.06
2020-01-04 14:00:00+00:00,0.0,0.0,0.0,23.45,45.49,2.98,0.0,94.12
2020-01-04 15:00:00+00:00,0.0,0.0,0.0,22.91,45.75,3.11,0.0,94.19
2020-01-04 16:00:00+00:00,0.0,0.0,0.0,22.46,44.73,3.51,0.0,94.25
2020-01-04 17:00:00+00:00,0.0,0.0,0.0,21.72,43.35,4.22,0.0,94.3
2020-01-04 18:00:00+00:00,0.0,0.0,0.0,20.55,42.12,4.37,0.0,94.31
2020-01-04 19:00:00+00:00,0.0,0.0,0.0,19.03,41.83,3.67,0.0,94.29
2020-01-04 20:00:00+00:00,0.0,0.0,0.0,17.99,40.69,3.37,0.0,94.26
2020-01-04 21:00:00+00:00,0.0,0.0,0.0,17.37,40.11,3.21,0.0,94.24
2020-01-04 22:00:00+00:00,0.0,0.0,0.0,17.13,41.17,3.82,0.03,94.22
2020-01-04 23:00:00+00:00,0.0,0.0,0.0,16.62,44.42,4.19,0.06,94.18
2020-01-05 00:00:00+00:00,0.0,0.0,0.0,16.13,48.77,4.38,0.04,94.16
2020-01-05 01:00:00+00:00,0.0,0.0,0.0,15.51,54.6,4.28,0.03,94.19
2020-01-05 02:00:00+00:00,0.0,0.0,0.0,14.92,60.82,3.83,0.05,94.26
2020-01-05 03:00:00+00:00,0.0,0.0,0.0,14.35,66.84,3.57,0.13,94.34
2020-01-05 04:00:00+00:00,51.38,7.38,44.69,14.22,70.05,3.84,0.19,94.41
2020-01-05 05:00:00+00:00,140.73,31.16,116.56,14.91,68.2,4.58,0.21,94.48
2020-01-05 06:00:00+00:00,211.75,15.01,183.15,16.14,61.81,5.1,0.24,94.5
2020-01-05 07:00:00+00:00,217.3,34.17,172.24,17.05,56.37,5.01,0.29,94.46
2020-01-05 08:00:00+00:00,255.45,36.37,190.66,17.48,53.16,4.92,0.32,94.39
2020-01-05 09:00:00+00:00,217.77,32.41,170.02,17.32,52.76,4.66,0.37,94.34
2020-01-05 10:00:00+00:00,197.35,24.16,158.31,16.76,54.74,4.68,0.36,94.32
2020-01-05 11:00:00+00:00,86.7,45.69,60.09,15.87,59.19,4.84,0.23,94.34
2020-01-05 12:00:00+00:00,95.4,37.49,77.34,15.32,62.57,4.66,0.12,94.4
2020-01-05 13:00:00+00:00,32.38,13.51,28.18,14.93,65.18,3.79,0.07,94.47
2020-01-05 14:00:00+00:00,0.0,0.0,0.0,14.49,67.54,2.22,0.02,94.51
2020-01-05 15:00:00+00:00,0.0,0.0,0.0,13.24,73.77,1.83,0.0,94.54
2020-01-05 16:00:00+00:00,0.0,0.0,0.0,12.03,80.32,1.87,0.0,94.57
2020-01-05 17:00:00+00:00,0.0,0.0,0.0,11.17,85.3,1.89,0.0,94.62
2020-01-05 18:00:00+00:00,0.0,0.0,0.0,10.44,89.45,1.88,0.0,94.65
2020-01-05 19:00:00+00:00,0.0,0.0,0.0,9.72,92.99,1.92,0.0,94.64
2020-01-05 20:00:00+00:00,0.0,0.0,0.0,9.04,95.77,1.99,0.0,94.63
2020-01-05 21:00:00+00:00,0.0,0.0,0.0,8.37,97.35,2.14,0.0,94.65
2020-01-05 22:00:00+00:00,0.0,0.0,0.0,7.72,96.04,2.48,0.0,94.66
2020-01-05 23:00:00+00:00,0.0,0.0,0.0,7.22,88.85,2.86,0.0,94.68
2020-01-06 00:00:00+00:00,0.0,0.0,0.0,6.83,76.77,3.22,0.0,94.69
2020-01-06 01:00:00+00:00,0.0,0.0,0.0,6.45,65.82,3.53,0.0,94.75
2020-01-06 02:00:00+00:00,0.0,0.0,0.0,6.05,60.61,3.65,0.0,94.83
2020-01-06 03:00:00+00:00,0.0,0.0,0.0,5.72,60.24,3.62,0.0,94.91
2020-01-06 04:00:00+00:00,130.27,322.1,69.01,7.74,52.61,4.83,0.0,94.98
2020-01-06 05:00:00+00:00,336.3,655.8,102.76,10.26,45.51,4.16,0.0,95.06
2020-01-06 06:00:00+00:00,534.1,822.1,115.81,13.96,36.15,4.72,0.0,95.09
2020-01-06 07:00:00+00:00,677.47,908.62,114.8,15.81,30.38,4.12,0.0,95.04
2020-01-06 08:00:00+00:00,727.05,796.51,177.4,17.02,26.53,3.36,0.0,94.94
2020-01-06 09:00:00+00:00,732.97,825.99,165.76,17.89,23.83,2.97,0.0,94.85
2020-01-06 10:00:00+00:00,662.75,815.72,150.21,18.34,22.43,2.81,0.0,94.8
2020-01-06 11:00:00+00:00,521.38,747.73,136.54,18.35,21.98,2.73,0.0,94.79
2020-01-06 12:00:00+00:00,328.55,616.5,109.49,17.79,22.63,2.66,0.0,94.84
2020-01-06 13:00:00+00:00,127.2,344.78,66.34,15.55,30.84,2.07,0.0,94.9
2020-01-06 14:00:00+00:00,0.0,0.0,0.0,12.01,38.2,2.86,0.0,94.96
2020-01-06 15:00:00+00:00,0.0,0.0,0.0,10.92,40.27,3.2,0.0,95.03
2020-01-06 16:00:00+00:00,0.0,0.0,0.0,10.1,43.41,3.31,0.0,95.05
2020-01-06 17:00:00+00:00,0.0,0.0,0.0,9.36,47.05,3.34,0.0,95.06
2020-01-06 18:00:00+00:00,0.0,0.0,0.0,8.66,50.54,3.29,0.0,95.06
2020-01-06 19:00:00+00:00,0.0,0.0,0.0,8.02,53.2,3.17,0.0,95.04
2020-01-06 20:00:00+00:00,0.0,0.0,0.0,7.47,54.93,3.03,0.0,95.01
2020-01-06 21:00:00+00:00,0.0,0.0,0.0,7.04,56.11,2.87,0.0,95.0
2020-01-06 22:00:00+00:00,0.0,0.0,0.0,6.74,56.65,2.66,0.0,94.98
2020-01-06 23:00:00+00:00,0.0,0.0,0.0,6.56,56.72,2.41,0.0,94.96
2020-01-07 00:00:00+00:00,0.0,0.0,0.0,6.53,56.21,2.15,0.0,94.95
2020-01-07 01:00:00+00:00,0.0,0.0,0.0,6.62,55.41,1.92,0.0,94.98
2020-01-07 02:00:00+00:00,0.0,0.0,0.0,6.79,54.5,1.67,0.0,95.06
2020-01-07 03:00:00+00:00,0.0,0.0,0.0,6.99,53.63,1.38,0.0,95.11
2020-01-07 04:00:00+00:00,112.53,191.04,77.67,8.58,48.83,1.09,0.0,95.17
2020-01-07 05:00:00+00:00,301.83,449.39,135.3,10.76,42.2,0.97,0.0,95.22
2020-01-07 06:00:00+00:00,490.15,598.07,172.76,14.24,32.26,1.64,0.0,95.22
2020-01-07 07:00:00+00:00,627.75,674.0,191.31,16.19,28.1,1.51,0.0,95.13
2020-01-07 08:00:00+00:00,722.88,841.58,143.29,17.64,26.58,1.28,0.0,95.01
2020-01-07 09:00:00+00:00,713.17,810.55,172.37,18.99,26.19,1.16,0.0,94.89
2020-01-07 10:00:00+00:00,638.05,763.68,159.1,19.76,26.39,1.31,0.0,94.82
2020-01-07 11:00:00+00:00,496.62,664.21,155.27,20.03,27.31,1.53,0.0,94.81
2020-01-07 12:00:00+00:00,311.02,516.95,124.45,19.67,28.79,1.98,0.0,94.81
2020-01-07 13:00:00+00:00,121.1,293.19,66.4,17.71,34.87,2.14,0.0,94.83
2020-01-07 14:00:00+00:00,0.0,0.0,0.0,14.25,40.53,2.9,0.0,94.88
2020-01-07 15:00:00+00:00,0.0,0.0,0.0,13.17,40.0,3.27,0.0,94.94
2020-01-07 16:00:00+00:00,0.0,0.0,0.0,12.39,39.36,3.45,0.0,94.96
2020-01-07 17:00:00+00:00,0.0,0.0,0.0,11.66,39.2,3.45,0.0,94.95
2020-01-07 18:00:00+00:00,0.0,0.0,0.0,10.98,39.37,3.43,0.0,94.91
2020-01-07 19:00:00+00:00,0.0,0.0,0.0,10.38,39.62,3.45,0.0,94.84
2020-01-07 20:00:00+00:00,0.0,0.0,0.0,9.81,40.0,3.49,0.0,94.76
2020-01-07 21:00:00+00:00,0.0,0.0,0.0,9.27,40.68,3.5,0.0,94.72
2020-01-07 22:00:00+00:00,0.0,0.0,0.0,8.78,41.63,3.44,0.0,94.68
2020-01-07 23:00:00+00:00,0.0,0.0,0.0,8.39,42.59,3.42,0.0,94.65
2020-01-08 00:00:00+00:00,0.0,0.0,0.0,8.1,43.44,3.41,0.0,94.64
2020-01-08 01:00:00+00:00,0.0,0.0,0.0,7.9,44.04,3.42,0.0,94.67
2020-01-08 02:00:00+00:00,0.0,0.0,0.0,7.72,44.46,3.4,0.0,94.7
2020-01-08 03:00:00+00:00,0.0,0.0,0.0,7.67,44.63,3.44,0.0,94.73
2020-01-08 04:00:00+00:00,110.85,184.94,76.19,9.98,38.06,4.66,0.0,94.75
2020-01-08 05:00:00+00:00,295.25,417.63,136.03,12.5,32.2,4.9,0.0,94.78
2020-01-08 06:00:00+00:00,478.45,546.68,185.13,16.01,26.57,6.42,0.0,94.77
2020-01-08 07:00:00+00:00,595.83,586.05,209.92,18.57,25.55,6.56,0.0,94.68
2020-01-08 08:00:00+00:00,616.4,492.4,248.84,20.67,26.62,6.34,0.0,94.56
2020-01-08 09:00:00+00:00,627.0,500.91,253.16,22.19,27.43,6.0,0.0,94.43
2020-01-08 10:00:00+00:00,546.9,528.71,199.11,23.06,28.18,5.52,0.0,94.33
2020-01-08 11:00:00+00:00,419.77,392.64,201.79,23.36,29.24,4.99,0.0,94.29
2020-01-08 12:00:00+00:00,251.5,275.13,144.13,22.98,30.88,4.46,0.0,94.28
2020-01-08 13:00:00+00:00,95.88,78.2,85.63,20.16,37.92,2.89,0.0,94.32
2020-01-08 14:00:00+00:00,0.0,0.0,0.0,17.21,42.95,3.7,0.0,94.36
2020-01-08 15:00:00+00:00,0.0,0.0,0.0,17.08,40.7,4.86,0.0,94.42
2020-01-08 16:00:00+00:00,0.0,0.0,0.0,16.71,39.14,6.04,0.0,94.45
2020-01-08 17:00:00+00:00,0.0,0.0,0.0,15.91,39.68,6.13,0.0,94.44
2020-01-08 18:00:00+00:00,0.0,0.0,0.0,15.06,41.2,5.55,0.0,94.43
2020-01-08 19:00:00+00:00,0.0,0.0,0.0,14.25,43.12,4.97,0.0,94.42
2020-01-08 20:00:00+00:00,0.0,0.0,0.0,13.26,46.08,4.28,0.0,94.39
2020-01-08 21:00:00+00:00,0.0,0.0,0.0,12.48,49.11,3.88,0.02,94.38
2020-01-08 22:00:00+00:00,0.0,0.0,0.0,11.9,52.09,3.67,0.02,94.35
2020-01-08 23:00:00+00:00,0.0,0.0,0.0,11.54,54.32,3.7,0.02,94.3
2020-01-09 00:00:00+00:00,0.0,0.0,0.0,11.28,56.14,3.78,0.0,94.26
2020-01-09 01:00:00+00:00,0.0,0.0,0.0,11.1,57.51,3.9,0.0,94.28
2020-01-09 02:00:00+00:00,0.0,0.0,0.0,10.93,58.75,4.01,0.0,94.31
2020-01-09 03:00:00+00:00,0.0,0.0,0.0,10.64,59.93,3.85,0.0,94.35
2020-01-09 04:00:00+00:00,80.4,54.91,68.63,12.71,51.15,4.15,0.0,94.38
2020-01-09 05:00:00+00:00,202.0,193.64,144.74,15.13,42.41,3.67,0.0,94.42
2020-01-09 06:00:00+00:00,367.9,223.66,243.27,18.58,34.49,3.42,0.0,94.42
2020-01-09 07:00:00+00:00,480.23,107.21,374.15,21.39,28.48,3.65,0.0,94.35
2020-01-09 08:00:00+00:00,555.75,512.79,221.64,23.26,23.91,4.09,0.0,94.21
2020-01-09 09:00:00+00:00,596.0,495.85,241.91,24.34,21.09,4.57,0.0,94.08
2020-01-09 10:00:00+00:00,509.95,360.78,271.27,24.82,19.32,5.09,0.0,93.99
2020-01-09 11:00:00+00:00,371.27,278.69,229.46,24.69,18.11,5.42,0.0,93.96
2020-01-09 12:00:00+00:00,234.45,262.52,144.36,23.88,17.7,5.19,0.0,93.98
2020-01-09 13:00:00+00:00,102.1,122.58,78.1,20.58,23.26,3.04,0.0,94.02
2020-01-09 14:00:00+00:00,0.0,0.0,0.0,16.59,28.45,3.06,0.0,94.08
2020-01-09 15:00:00+00:00,0.0,0.0,0.0,15.11,29.98,3.05,0.0,94.14
2020-01-09 16:00:00+00:00,0.0,0.0,0.0,13.98,32.26,2.92,0.0,94.16
2020-01-09 17:00:00+00:00,0.0,0.0,0.0,12.9,36.23,2.83,0.0,94.17
2020-01-09 18:00:00+00:00,0.0,0.0,0.0,11.79,42.24,2.75,0.0,94.15
2020-01-09 19:00:00+00:00,0.0,0.0,0.0,10.75,49.22,2.48,0.0,94.14
2020-01-09 20:00:00+00:00,0.0,0.0,0.0,9.92,56.45,2.14,0.0,94.12
2020-01-09 21:00:00+00:00,0.0,0.0,0.0,9.26,62.75,1.9,0.0,94.12
2020-01-09 22:00:00+00:00,0.0,0.0,0.0,8.68,68.34,1.77,0.0,94.13
2020-01-09 23:00:00+00:00,0.0,0.0,0.0,8.08,73.96,1.78,0.0,94.12
2020-01-10 00:00:00+00:00,0.0,0.0,0.0,7.51,79.77,1.8,0.0,94.1
2020-01-10 01:00:00+00:00,0.0,0.0,0.0,7.05,84.87,1.74,0.0,94.11
2020-01-10 02:00:00+00:00,0.0,0.0,0.0,6.75,88.66,1.59,0.0,94.15
2020-01-10 03:00:00+00:00,0.0,0.0,0.0,6.61,90.78,1.29,0.0,94.18
2020-01-10 04:00:00+00:00,122.88,256.67,77.65,8.14,81.92,0.89,0.0,94.22
2020-01-10 05:00:00+00:00,329.95,567.51,125.89,10.34,69.69,0.64,0.0,94.24
2020-01-10 06:00:00+00:00,532.3,757.03,136.25,14.67,46.31,1.07,0.0,94.24
2020-01-10 07:00:00+00:00,682.33,890.69,125.06,18.39,29.26,2.26,0.0,94.17
2020-01-10 08:00:00+00:00,739.17,805.72,171.92,19.96,23.98,3.25,0.0,94.04
2020-01-10 09:00:00+00:00,744.55,825.59,165.11,20.86,20.65,4.29,0.0,93.92
2020-01-10 10:00:00+00:00,671.88,786.18,167.79,21.27,18.27,5.23,0.0,93.83
2020-01-10 11:00:00+00:00,532.05,724.89,149.81,21.13,17.04,6.01,0.0,93.79
2020-01-10 12:00:00+00:00,341.83,605.43,119.65,20.35,17.19,6.48,0.0,93.8
2020-01-10 13:00:00+00:00,129.32,327.59,71.65,17.96,20.69,4.78,0.0,93.84
2020-01-10 14:00:00+00:00,4.43,3.02,6.59,14.22,27.22,4.05,0.0,93.91
2020-01-10 15:00:00+00:00,0.0,0.0,0.0,13.23,28.96,4.53,0.0,94.0
2020-01-10 16:00:00+00:00,0.0,0.0,0.0,12.66,30.91,5.24,0.0,94.07
2020-01-10 17:00:00+00:00,0.0,0.0,0.0,12.16,33.66,5.86,0.0,94.11
2020-01-10 18:00:00+00:00,0.0,0.0,0.0,11.42,37.47,5.83,0.0,94.13
2020-01-10 19:00:00+00:00,0.0,0.0,0.0,10.67,40.68,5.87,0.0,94.13
2020-01-10 20:00:00+00:00,0.0,0.0,0.0,9.98,42.83,6.06,0.0,94.09
2020-01-10 21:00:00+00:00,0.0,0.0,0.0,9.32,44.26,5.89,0.0,94.09
2020-01-10 22:00:00+00:00,0.0,0.0,0.0,8.71,45.18,5.57,0.0,94.1
2020-01-10 23:00:00+00:00,0.0,0.0,0.0,8.12,46.48,5.39,0.0,94.11
2020-01-11 00:00:00+00:00,0.0,0.0,0.0,7.55,48.32,5.29,0.0,94.12
2020-01-11 01:00:00+00:00,0.0,0.0,0.0,6.98,51.02,5.09,0.0,94.16
2020-01-11 02:00:00+00:00,0.0,0.0,0.0,6.42,54.8,4.73,0.0,94.25
2020-01-11 03:00:00+00:00,0.0,0.0,0.0,6.02,59.14,4.91,0.0,94.35
2020-01-11 04:00:00+00:00,128.9,340.3,69.89,7.23,57.88,5.96,0.0,94.43
2020-01-11 05:00:00+00:00,336.25,642.14,106.42,10.19,50.92,6.3,0.0,94.51
2020-01-11 06:00:00+00:00,537.2,794.91,126.89,13.22,39.72,7.38,0.0,94.57
2020-01-11 07:00:00+00:00,679.75,865.1,135.12,15.02,31.97,7.68,0.0,94.57
2020-01-11 08:00:00+00:00,750.3,883.68,142.63,15.99,28.7,7.82,0.0,94.51
2020-01-11 09:00:00+00:00,681.97,616.73,261.45,16.45,26.79,7.82,0.0,94.44
2020-01-11 10:00:00+00:00,617.28,599.12,234.64,16.52,25.7,7.84,0.0,94.39
2020-01-11 11:00:00+00:00,403.5,318.92,245.93,16.21,25.39,7.9,0.0,94.39
2020-01-11 12:00:00+00:00,256.12,421.72,124.24,15.47,26.03,7.87,0.0,94.44
2020-01-11 13:00:00+00:00,109.07,238.38,69.93,14.09,28.01,6.87,0.0,94.51
2020-01-11 14:00:00+00:00,4.32,1.7,6.58,11.49,33.24,4.78,0.0,94.6
2020-01-11 15:00:00+00:00,0.0,0.0,0.0,10.59,35.09,4.93,0.0,94.71
2020-01-11 16:00:00+00:00,0.0,0.0,0.0,10.03,36.71,5.44,0.0,94.79
2020-01-11 17:00:00+00:00,0.0,0.0,0.0,9.42,39.69,5.93,0.0,94.86
2020-01-11 18:00:00+00:00,0.0,0.0,0.0,8.77,44.19,6.11,0.0,94.92
2020-01-11 19:00:00+00:00,0.0,0.0,0.0,8.1,49.35,5.95,0.0,94.95
2020-01-11 20:00:00+00:00,0.0,0.0,0.0,7.29,54.83,5.26,0.0,94.95
2020-01-11 21:00:00+00:00,0.0,0.0,0.0,6.51,58.95,4.88,0.0,94.95
2020-01-11 22:00:00+00:00,0.0,0.0,0.0,6.02,60.65,5.21,0.0,94.95
2020-01-11 23:00:00+00:00,0.0,0.0,0.0,5.53,61.76,5.48,0.0,94.98
2020-01-12 00:00:00+00:00,0.0,0.0,0.0,4.94,63.5,5.34,0.0,95.01
2020-01-12 01:00:00+00:00,0.0,0.0,0.0,4.46,65.7,5.2,0.0,95.06
2020-01-12 02:00:00+00:00,0.0,0.0,0.0,4.17,68.58,5.3,0.0,95.14
2020-01-12 03:00:00+00:00,0.0,0.0,0.0,3.94,72.01,5.49,0.0,95.21
2020-01-12 04:00:00+00:00,132.43,354.97,69.38,5.17,67.67,6.31,0.0,95.27
2020-01-12 05:00:00+00:00,345.25,671.8,105.76,8.19,56.26,7.79,0.0,95.32
2020-01-12 06:00:00+00:00,545.35,812.4,125.59,10.72,45.08,8.42,0.0,95.33
2020-01-12 07:00:00+00:00,617.75,655.44,190.21,12.46,36.89,7.72,0.0,95.28
2020-01-12 08:00:00+00:00,702.55,689.42,205.24,13.84,30.98,7.0,0.0,95.17
2020-01-12 09:00:00+00:00,705.96,690.11,206.54,14.89,26.83,6.11,0.0,95.04
2020-01-12 10:00:00+00:00,682.83,773.98,180.47,15.55,24.32,5.34,0.0,94.97
2020-01-12 11:00:00+00:00,499.15,538.28,210.78,15.74,23.0,4.88,0.0,94.95
2020-01-12 12:00:00+00:00,318.33,461.94,151.98,15.3,22.97,4.56,0.0,94.98
2020-01-12 13:00:00+00:00,122.07,216.39,84.62,13.21,27.13,3.17,0.0,95.07
2020-01-12 14:00:00+00:00,4.8,0.83,7.71,9.59,34.25,3.14,0.0,95.15
2020-01-12 15:00:00+00:00,0.0,0.0,0.0,8.59,35.85,3.13,0.0,95.22
2020-01-12 16:00:00+00:00,0.0,0.0,0.0,7.93,36.93,2.91,0.0,95.24
2020-01-12 17:00:00+00:00,0.0,0.0,0.0,7.49,37.47,2.67,0.0,95.23
2020-01-12 18:00:00+00:00,0.0,0.0,0.0,7.37,37.16,2.29,0.0,95.18
2020-01-12 19:00:00+00:00,0.0,0.0,0.0,7.26,36.82,1.98,0.0,95.12
2020-01-12 20:00:00+00:00,0.0,0.0,0.0,7.13,36.67,1.71,0.0,95.05
2020-01-12 21:00:00+00:00,0.0,0.0,0.0,7.03,36.44,1.4,0.0,94.98
2020-01-12 22:00:00+00:00,0.0,0.0,0.0,6.62,37.32,1.35,0.0,94.96
2020-01-12 23:00:00+00:00,0.0,0.0,0.0,5.91,39.19,1.61,0.0,94.95
2020-01-13 00:00:00+00:00,0.0,0.0,0.0,5.07,41.38,1.95,0.0,94.96
2020-01-13 01:00:00+00:00,0.0,0.0,0.0,4.52,43.19,2.11,0.0,94.98
2020-01-13 02:00:00+00:00,0.0,0.0,0.0,4.2,44.19,2.17,0.0,95.03
2020-01-13 03:00:00+00:00,0.0,0.0,0.0,3.9,45.36,2.25,0.0,95.1
2020-01-13 04:00:00+00:00,137.0,423.09,61.44,5.99,40.2,2.14,0.0,95.16
2020-01-13 05:00:00+00:00,351.73,721.1,93.64,9.35,31.84,2.8,0.0,95.2
2020-01-13 06:00:00+00:00,550.83,858.16,110.52,13.21,24.85,2.54,0.0,95.21
2020-01-13 07:00:00+00:00,696.58,919.53,119.13,15.55,21.0,2.7,0.0,95.14
2020-01-13 08:00:00+00:00,765.97,904.58,139.79,16.96,18.38,2.87,0.0,95.01
2020-01-13 09:00:00+00:00,769.08,906.88,139.31,18.01,16.37,3.19,0.0,94.86
2020-01-13 10:00:00+00:00,697.78,865.22,142.05,18.65,15.0,3.52,0.0,94.75
2020-01-13 11:00:00+00:00,549.15,779.07,136.3,18.81,14.21,3.69,0.0,94.68
2020-01-13 12:00:00+00:00,350.65,648.65,109.54,18.34,14.34,3.68,0.0,94.66
2020-01-13 13:00:00+00:00,135.05,324.42,70.69,15.38,20.87,2.44,0.0,94.69
2020-01-13 14:00:00+00:00,5.28,2.8,7.89,12.51,23.8,2.5,0.0,94.75
2020-01-13 15:00:00+00:00,0.0,0.0,0.0,12.3,23.29,2.15,0.0,94.79
2020-01-13 16:00:00+00:00,0.0,0.0,0.0,12.42,22.59,1.68,0.0,94.83
2020-01-13 17:00:00+00:00,0.0,0.0,0.0,12.15,22.57,1.37,0.0,94.85
2020-01-13 18:00:00+00:00,0.0,0.0,0.0,11.58,23.11,1.3,0.0,94.86
2020-01-13 19:00:00+00:00,0.0,0.0,0.0,10.7,24.14,1.48,0.0,94.84
2020-01-13 20:00:00+00:00,0.0,0.0,0.0,9.65,25.63,1.79,0.0,94.81
2020-01-13 21:00:00+00:00,0.0,0.0,0.0,8.41,27.59,2.15,0.0,94.79
2020-01-13 22:00:00+00:00,0.0,0.0,0.0,7.07,30.22,2.57,0.0,94.76
2020-01-13 23:00:00+00:00,0.0,0.0,0.0,5.76,32.91,3.04,0.0,94.75
2020-01-14 00:00:00+00:00,0.0,0.0,0.0,4.78,35.06,3.46,0.0,94.75
2020-01-14 01:00:00+00:00,0.0,0.0,0.0,4.17,36.41,3.82,0.0,94.78
2020-01-14 02:00:00+00:00,0.0,0.0,0.0,3.81,37.57,4.0,0.0,94.85
2020-01-14 03:00:00+00:00,0.0,0.0,0.0,3.58,39.37,4.0,0.0,94.93
2020-01-14 04:00:00+00:00,128.65,329.6,69.55,6.62,34.99,4.77,0.0,94.99
2020-01-14 05:00:00+00:00,336.2,620.39,111.17,9.65,33.06,4.92,0.0,95.05
2020-01-14 06:00:00+00:00,532.85,772.05,131.22,13.41,32.22,4.84,0.0,95.08
2020-01-14 07:00:00+00:00,676.35,835.24,144.76,16.08,31.52,5.9,0.0,95.05
2020-01-14 08:00:00+00:00,748.78,837.34,160.78,17.29,29.71,6.39,0.0,94.98
2020-01-14 09:00:00+00:00,755.0,848.01,158.21,17.97,28.95,7.14,0.0,94.89
2020-01-14 10:00:00+00:00,683.85,810.37,157.44,18.19,29.12,7.7,0.0,94.84
2020-01-14 11:00:00+00:00,545.28,736.62,148.9,17.97,29.96,7.98,0.0,94.83
2020-01-14 12:00:00+00:00,349.42,587.66,124.3,17.26,31.11,7.87,0.0,94.87
2020-01-14 13:00:00+00:00,135.32,311.94,74.32,15.57,34.23,6.48,0.0,94.9
2020-01-14 14:00:00+00:00,5.62,1.8,8.26,12.3,41.94,4.86,0.0,94.97
2020-01-14 15:00:00+00:00,0.0,0.0,0.0,11.15,44.04,5.24,0.0,95.07
2020-01-14 16:00:00+00:00,0.0,0.0,0.0,10.11,43.91,5.33,0.0,95.14
2020-01-14 17:00:00+00:00,0.0,0.0,0.0,8.85,41.52,4.99,0.0,95.19
2020-01-14 18:00:00+00:00,0.0,0.0,0.0,7.53,37.79,4.53,0.0,95.2
2020-01-14 19:00:00+00:00,0.0,0.0,0.0,6.29,35.4,4.2,0.0,95.2
2020-01-14 20:00:00+00:00,0.0,0.0,0.0,5.33,35.1,4.07,0.0,95.21
2020-01-14 21:00:00+00:00,0.0,0.0,0.0,4.48,36.88,3.86,0.0,95.19
2020-01-14 22:00:00+00:00,0.0,0.0,0.0,3.85,39.68,3.87,0.0,95.18
2020-01-14 23:00:00+00:00,0.0,0.0,0.0,3.41,43.28,4.04,0.0,95.18
2020-01-15 00:00:00+00:00,0.0,0.0,0.0,3.01,47.32,4.15,0.0,95.16
2020-01-15 01:00:00+00:00,0.0,0.0,0.0,2.61,51.38,4.19,0.0,95.16
2020-01-15 02:00:00+00:00,0.0,0.0,0.0,2.27,55.21,4.2,0.0,95.21
2020-01-15 03:00:00+00:00,0.0,0.0,0.0,2.01,58.67,4.09,0.0,95.29
2020-01-15 04:00:00+00:00,138.18,455.64,58.91,3.97,52.6,5.02,0.0,95.37
2020-01-15 05:00:00+00:00,351.6,733.02,89.1,6.71,44.59,4.26,0.0,95.44
2020-01-15 06:00:00+00:00,548.15,853.18,108.72,10.51,36.05,5.28,0.0,95.48
2020-01-15 07:00:00+00:00,693.83,908.4,120.21,13.12,31.85,4.65,0.0,95.44
2020-01-15 08:00:00+00:00,749.15,825.9,169.52,14.86,28.79,3.91,0.0,95.37
2020-01-15 09:00:00+00:00,745.6,811.25,175.13,16.06,26.21,3.31,0.0,95.27
2020-01-15 10:00:00+00:00,669.35,748.98,183.96,16.71,24.4,2.89,0.0,95.19
2020-01-15 11:00:00+00:00,495.2,530.78,218.61,16.83,23.41,2.7,0.0,95.17
2020-01-15 12:00:00+00:00,318.9,425.71,154.53,16.32,23.7,2.72,0.0,95.19
2020-01-15 13:00:00+00:00,125.12,217.2,83.18,13.91,29.51,2.11,0.0,95.23
2020-01-15 14:00:00+00:00,5.78,1.34,9.24,10.38,37.13,2.58,0.0,95.27
2020-01-15 15:00:00+00:00,0.0,0.0,0.0,9.21,41.37,2.75,0.0,95.32
2020-01-15 16:00:00+00:00,0.0,0.0,0.0,8.43,45.29,2.76,0.0,95.37
2020-01-15 17:00:00+00:00,0.0,0.0,0.0,7.82,49.09,2.69,0.0,95.38
2020-01-15 18:00:00+00:00,0.0,0.0,0.0,7.41,52.41,2.52,0.0,95.38
2020-01-15 19:00:00+00:00,0.0,0.0,0.0,7.13,55.37,2.32,0.0,95.35
2020-01-15 20:00:00+00:00,0.0,0.0,0.0,6.94,57.76,2.11,0.0,95.32
2020-01-15 21:00:00+00:00,0.0,0.0,0.0,6.74,59.94,1.93,0.0,95.3
2020-01-15 22:00:00+00:00,0.0,0.0,0.0,6.47,62.31,1.79,0.0,95.28
2020-01-15 23:00:00+00:00,0.0,0.0,0.0,6.17,64.72,1.74,0.0,95.25
2020-01-16 00:00:00+00:00,0.0,0.0,0.0,5.83,67.24,1.76,0.0,95.23
2020-01-16 01:00:00+00:00,0.0,0.0,0.0,5.46,70.18,1.82,0.0,95.24
2020-01-16 02:00:00+00:00,0.0,0.0,0.0,4.99,73.77,1.97,0.0,95.28
2020-01-16 03:00:00+00:00,0.0,0.0,0.0,4.59,77.16,2.17,0.0,95.33
2020-01-16 04:00:00+00:00,125.62,303.0,72.11,6.76,67.8,2.28,0.0,95.38
2020-01-16 05:00:00+00:00,333.88,601.0,115.84,9.94,55.9,3.17,0.0,95.42
2020-01-16 06:00:00+00:00,533.85,749.79,140.17,13.66,44.31,4.69,0.0,95.42
2020-01-16 07:00:00+00:00,680.05,823.35,154.26,16.17,35.43,5.35,0.0,95.38
2020-01-16 08:00:00+00:00,764.22,914.64,137.91,17.7,29.72,5.33,0.0,95.28
2020-01-16 09:00:00+00:00,773.85,946.81,114.83,18.71,26.09,5.32,0.0,95.16
2020-01-16 10:00:00+00:00,704.4,917.15,117.61,19.28,23.8,5.23,0.0,95.08
2020-01-16 11:00:00+00:00,567.9,871.76,105.34,19.31,22.93,5.08,0.0,95.04
2020-01-16 12:00:00+00:00,374.85,761.44,89.53,18.67,23.51,4.97,0.0,95.03
2020-01-16 13:00:00+00:00,154.6,493.53,55.29,16.14,28.42,3.49,0.0,95.05
2020-01-16 14:00:00+00:00,7.1,17.53,9.38,12.27,36.96,3.58,0.0,95.08
2020-01-16 15:00:00+00:00,0.0,0.0,0.0,11.29,40.13,3.81,0.0,95.13
2020-01-16 16:00:00+00:00,0.0,0.0,0.0,10.53,42.94,3.9,0.0,95.15
2020-01-16 17:00:00+00:00,0.0,0.0,0.0,9.79,46.0,3.93,0.0,95.15
2020-01-16 18:00:00+00:00,0.0,0.0,0.0,9.06,49.5,3.9,0.0,95.14
2020-01-16 19:00:00+00:00,0.0,0.0,0.0,8.37,53.66,3.86,0.0,95.12
2020-01-16 20:00:00+00:00,0.0,0.0,0.0,7.8,57.91,3.85,0.0,95.08
2020-01-16 21:00:00+00:00,0.0,0.0,0.0,7.34,62.26,3.89,0.0,95.05
2020-01-16 22:00:00+00:00,0.0,0.0,0.0,6.95,66.52,3.91,0.0,95.02
2020-01-16 23:00:00+00:00,0.0,0.0,0.0,6.58,70.07,3.9,0.0,94.98
2020-01-17 00:00:00+00:00,0.0,0.0,0.0,6.25,72.79,3.9,0.0,94.96
2020-01-17 01:00:00+00:00,0.0,0.0,0.0,5.97,74.69,3.96,0.0,94.95
2020-01-17 02:00:00+00:00,0.0,0.0,0.0,5.81,75.54,4.11,0.0,94.97
2020-01-17 03:00:00+00:00,0.0,0.0,0.0,5.87,75.25,4.35,0.0,95.0
2020-01-17 04:00:00+00:00,135.43,431.45,58.64,8.63,62.31,5.84,0.0,95.04
2020-01-17 05:00:00+00:00,347.75,720.45,89.63,11.57,51.42,5.64,0.0,95.08
2020-01-17 06:00:00+00:00,545.22,832.31,113.42,15.8,38.8,8.27,0.0,95.09
2020-01-17 07:00:00+00:00,695.35,929.61,106.14,18.39,30.9,8.87,0.0,95.04
2020-01-17 08:00:00+00:00,753.12,850.29,151.51,20.1,25.81,8.99,0.0,94.93
2020-01-17 09:00:00+00:00,759.42,859.1,149.25,21.26,22.92,9.03,0.0,94.81
2020-01-17 10:00:00+00:00,691.42,825.67,151.49,21.9,21.67,8.79,0.0,94.71
2020-01-17 11:00:00+00:00,549.03,747.73,145.18,21.98,21.61,8.4,0.0,94.67
2020-01-17 12:00:00+00:00,354.0,599.98,121.37,21.41,22.43,8.08,0.0,94.64
2020-01-17 13:00:00+00:00,140.77,343.54,71.73,19.19,26.06,6.03,0.0,94.62
2020-01-17 14:00:00+00:00,6.82,4.82,10.07,15.06,34.31,4.48,0.0,94.66
2020-01-17 15:00:00+00:00,0.0,0.0,0.0,13.89,36.94,4.58,0.0,94.72
2020-01-17 16:00:00+00:00,0.0,0.0,0.0,13.01,38.73,4.6,0.0,94.75
2020-01-17 17:00:00+00:00,0.0,0.0,0.0,12.23,40.22,4.63,0.0,94.74
2020-01-17 18:00:00+00:00,0.0,0.0,0.0,11.61,41.12,4.69,0.0,94.73
2020-01-17 19:00:00+00:00,0.0,0.0,0.0,11.03,41.57,4.59,0.0,94.7
2020-01-17 20:00:00+00:00,0.0,0.0,0.0,10.49,41.52,4.53,0.0,94.65
2020-01-17 21:00:00+00:00,0.0,0.0,0.0,10.28,40.63,4.66,0.0,94.59
2020-01-17 22:00:00+00:00,0.0,0.0,0.0,9.99,40.29,4.65,0.0,94.54
2020-01-17 23:00:00+00:00,0.0,0.0,0.0,9.63,39.99,4.61,0.0,94.5
2020-01-18 00:00:00+00:00,0.0,0.0,0.0,9.2,39.86,4.63,0.0,94.49
2020-01-18 01:00:00+00:00,0.0,0.0,0.0,8.89,39.39,4.7,0.0,94.51
2020-01-18 02:00:00+00:00,0.0,0.0,0.0,8.65,39.1,4.69,0.0,94.54
2020-01-18 03:00:00+00:00,0.0,0.0,0.0,8.49,38.86,4.73,0.0,94.58
2020-01-18 04:00:00+00:00,124.35,293.81,71.11,10.89,32.74,5.99,0.0,94.62
2020-01-18 05:00:00+00:00,325.77,580.09,116.39,13.68,27.35,5.61,0.0,94.64
2020-01-18 06:00:00+00:00,520.2,723.58,139.47,17.89,20.83,6.2,0.0,94.69
2020-01-18 07:00:00+00:00,667.38,805.49,146.69,21.81,15.8,7.82,0.0,94.66
2020-01-18 08:00:00+00:00,751.15,905.35,118.28,23.99,14.04,7.15,0.0,94.56
2020-01-18 09:00:00+00:00,755.15,903.64,119.5,25.35,14.89,6.2,0.0,94.43
2020-01-18 10:00:00+00:00,684.08,870.85,123.01,25.96,16.95,5.29,0.0,94.32
2020-01-18 11:00:00+00:00,547.15,785.63,121.94,25.97,18.54,4.51,0.0,94.25
2020-01-18 12:00:00+00:00,355.15,633.82,108.55,25.3,19.67,3.73,0.0,94.23
2020-01-18 13:00:00+00:00,141.8,337.24,70.26,21.7,25.72,2.43,0.0,94.26
2020-01-18 14:00:00+00:00,7.25,3.02,10.71,18.4,27.72,2.86,0.0,94.32
2020-01-18 15:00:00+00:00,0.0,0.0,0.0,16.93,27.31,3.33,0.0,94.38
2020-01-18 16:00:00+00:00,0.0,0.0,0.0,16.02,25.87,3.71,0.0,94.42
2020-01-18 17:00:00+00:00,0.0,0.0,0.0,15.25,25.0,3.91,0.0,94.43
2020-01-18 18:00:00+00:00,0.0,0.0,0.0,14.53,25.19,3.94,0.0,94.43
2020-01-18 19:00:00+00:00,0.0,0.0,0.0,13.8,25.92,3.89,0.0,94.4
2020-01-18 20:00:00+00:00,0.0,0.0,0.0,13.05,26.91,3.86,0.0,94.37
2020-01-18 21:00:00+00:00,0.0,0.0,0.0,12.43,28.23,3.74,0.0,94.35
2020-01-18 22:00:00+00:00,0.0,0.0,0.0,12.11,29.25,3.67,0.0,94.33
2020-01-18 23:00:00+00:00,0.0,0.0,0.0,12.16,29.36,3.93,0.0,94.32
2020-01-19 00:00:00+00:00,0.0,0.0,0.0,12.21,29.38,4.31,0.0,94.33
2020-01-19 01:00:00+00:00,0.0,0.0,0.0,11.99,29.92,4.48,0.0,94.36
2020-01-19 02:00:00+00:00,0.0,0.0,0.0,11.35,31.69,4.24,0.0,94.42
2020-01-19 03:00:00+00:00,0.0,0.0,0.0,11.05,33.38,3.88,0.0,94.48
2020-01-19 04:00:00+00:00,114.68,242.44,66.19,13.38,30.72,4.41,0.0,94.54
2020-01-19 05:00:00+00:00,300.85,479.3,123.68,16.16,28.41,3.53,0.0,94.58
2020-01-19 06:00:00+00:00,488.67,619.36,160.07,20.23,26.67,2.78,0.0,94.62
2020-01-19 07:00:00+00:00,649.97,774.98,154.85,23.33,26.49,2.49,0.0,94.59
2020-01-19 08:00:00+00:00,711.75,678.75,213.96,24.94,26.32,2.45,0.0,94.51
2020-01-19 09:00:00+00:00,728.3,716.62,206.08,25.9,26.28,2.75,0.0,94.41
2020-01-19 10:00:00+00:00,656.38,693.81,192.91,26.43,26.32,3.27,0.0,94.34
2020-01-19 11:00:00+00:00,520.62,602.2,181.99,26.51,26.4,3.74,0.0,94.29
2020-01-19 12:00:00+00:00,334.6,468.29,145.4,26.04,26.88,3.88,0.0,94.29
2020-01-19 13:00:00+00:00,134.95,239.66,80.69,23.36,31.55,2.43,0.0,94.32
2020-01-19 14:00:00+00:00,7.3,0.48,10.74,19.58,38.95,2.71,0.0,94.39
2020-01-19 15:00:00+00:00,0.0,0.0,0.0,18.18,42.26,3.07,0.0,94.49
2020-01-19 16:00:00+00:00,0.0,0.0,0.0,17.04,45.37,3.29,0.0,94.57
2020-01-19 17:00:00+00:00,0.0,0.0,0.0,15.84,49.26,3.42,0.0,94.62
2020-01-19 18:00:00+00:00,0.0,0.0,0.0,14.59,54.31,3.49,0.0,94.66
2020-01-19 19:00:00+00:00,0.0,0.0,0.0,13.37,59.29,3.49,0.0,94.68
2020-01-19 20:00:00+00:00,0.0,0.0,0.0,12.28,63.16,3.49,0.0,94.69
2020-01-19 21:00:00+00:00,0.0,0.0,0.0,11.35,65.93,3.45,0.0,94.71
2020-01-19 22:00:00+00:00,0.0,0.0,0.0,10.61,68.06,3.5,0.0,94.69
2020-01-19 23:00:00+00:00,0.0,0.0,0.0,9.98,70.5,3.56,0.0,94.69
2020-01-20 00:00:00+00:00,0.0,0.0,0.0,9.39,74.13,3.58,0.0,94.71
2020-01-20 01:00:00+00:00,0.0,0.0,0.0,8.83,79.29,3.5,0.0,94.76
2020-01-20 02:00:00+00:00,0.0,0.0,0.0,8.31,84.55,3.38,0.0,94.83
2020-01-20 03:00:00+00:00,0.0,0.0,0.0,7.98,87.69,3.28,0.0,94.93
2020-01-20 04:00:00+00:00,109.2,120.49,84.15,10.01,75.77,4.47,0.0,95.0
2020-01-20 05:00:00+00:00,301.42,381.98,157.36,12.62,62.32,3.9,0.0,95.07
2020-01-20 06:00:00+00:00,502.48,549.54,200.26,17.19,39.08,4.67,0.0,95.11
2020-01-20 07:00:00+00:00,660.25,660.61,215.53,19.7,30.47,4.65,0.0,95.07
2020-01-20 08:00:00+00:00,744.42,723.83,209.32,21.1,26.83,4.07,0.0,94.99
2020-01-20 09:00:00+00:00,752.67,733.68,215.32,21.93,24.61,3.35,0.0,94.89
2020-01-20 10:00:00+00:00,686.6,711.83,202.45,22.26,23.31,2.71,0.0,94.8
2020-01-20 11:00:00+00:00,550.35,641.8,188.19,22.14,22.9,2.39,0.0,94.76
2020-01-20 12:00:00+00:00,355.8,498.2,153.16,21.5,23.34,2.35,0.0,94.76
2020-01-20 13:00:00+00:00,143.3,238.51,87.48,19.2,27.87,2.04,0.0,94.8
2020-01-20 14:00:00+00:00,8.2,1.13,10.43,15.43,34.52,3.05,0.0,94.85
2020-01-20 15:00:00+00:00,0.0,0.0,0.0,14.31,37.32,3.5,0.0,94.91
2020-01-20 16:00:00+00:00,0.0,0.0,0.0,13.48,40.29,3.7,0.0,94.94
2020-01-20 17:00:00+00:00,0.0,0.0,0.0,12.56,44.03,3.71,0.0,94.93
2020-01-20 18:00:00+00:00,0.0,0.0,0.0,11.61,48.2,3.48,0.0,94.9
2020-01-20 19:00:00+00:00,0.0,0.0,0.0,10.73,52.25,3.23,0.0,94.87
2020-01-20 20:00:00+00:00,0.0,0.0,0.0,9.92,56.25,3.01,0.0,94.82
2020-01-20 21:00:00+00:00,0.0,0.0,0.0,9.2,59.53,2.87,0.0,94.78
2020-01-20 22:00:00+00:00,0.0,0.0,0.0,8.57,62.23,2.78,0.0,94.73
2020-01-20 23:00:00+00:00,0.0,0.0,0.0,8.02,64.42,2.7,0.0,94.68
2020-01-21 00:00:00+00:00,0.0,0.0,0.0,7.54,66.25,2.62,0.0,94.65
2020-01-21 01:00:00+00:00,0.0,0.0,0.0,7.13,67.99,2.56,0.0,94.65
2020-01-21 02:00:00+00:00,0.0,0.0,0.0,6.81,69.54,2.52,0.0,94.71
2020-01-21 03:00:00+00:00,0.0,0.0,0.0,6.71,70.07,2.46,0.0,94.77
2020-01-21 04:00:00+00:00,112.88,149.63,83.16,9.29,58.94,3.02,0.0,94.82
2020-01-21 05:00:00+00:00,307.4,384.87,157.18,11.93,49.97,3.26,0.0,94.83
2020-01-21 06:00:00+00:00,496.91,600.34,173.02,16.1,38.37,4.91,0.0,94.83
2020-01-21 07:00:00+00:00,651.47,608.66,238.19,18.69,32.06,5.26,0.0,94.77
2020-01-21 08:00:00+00:00,719.95,592.74,276.67,20.31,29.21,5.31,0.0,94.65
2020-01-21 09:00:00+00:00,725.7,591.84,273.55,21.46,27.71,5.4,0.0,94.52
2020-01-21 10:00:00+00:00,643.95,626.69,218.93,22.15,27.1,5.58,0.0,94.41
2020-01-21 11:00:00+00:00,521.17,527.73,216.49,22.38,26.99,5.9,0.0,94.36
2020-01-21 12:00:00+00:00,337.42,426.87,164.05,22.0,27.72,6.16,0.0,94.33
2020-01-21 13:00:00+00:00,138.0,200.12,92.85,20.18,30.88,5.1,0.0,94.33
2020-01-21 14:00:00+00:00,8.4,0.51,10.82,17.33,36.76,5.39,0.0,94.38
2020-01-21 15:00:00+00:00,0.0,0.0,0.0,16.68,38.25,7.32,0.0,94.43
2020-01-21 16:00:00+00:00,0.0,0.0,0.0,15.81,40.45,8.13,0.0,94.46
2020-01-21 17:00:00+00:00,0.0,0.0,0.0,15.08,42.38,8.57,0.0,94.45
2020-01-21 18:00:00+00:00,0.0,0.0,0.0,14.36,44.38,8.84,0.0,94.41
2020-01-21 19:00:00+00:00,0.0,0.0,0.0,13.66,46.33,8.93,0.0,94.37
2020-01-21 20:00:00+00:00,0.0,0.0,0.0,13.15,47.67,8.97,0.0,94.31
2020-01-21 21:00:00+00:00,0.0,0.0,0.0,12.75,48.71,9.34,0.0,94.27
2020-01-21 22:00:00+00:00,0.0,0.0,0.0,12.34,49.59,9.46,0.0,94.23
2020-01-21 23:00:00+00:00,0.0,0.0,0.0,11.87,50.49,9.24,0.0,94.2
2020-01-22 00:00:00+00:00,0.0,0.0,0.0,11.42,51.46,8.61,0.0,94.21
2020-01-22 01:00:00+00:00,0.0,0.0,0.0,11.05,52.18,7.86,0.0,94.24
2020-01-22 02:00:00+00:00,0.0,0.0,0.0,10.34,54.15,6.14,0.0,94.3
2020-01-22 03:00:00+00:00,0.0,0.0,0.0,9.56,56.84,4.78,0.0,94.36
2020-01-22 04:00:00+00:00,115.05,159.52,80.85,10.82,52.28,5.43,0.0,94.43
2020-01-22 05:00:00+00:00,306.25,410.93,151.71,13.67,43.35,6.03,0.0,94.45
2020-01-22 06:00:00+00:00,498.77,540.79,198.13,17.4,34.05,8.36,0.0,94.46
2020-01-22 07:00:00+00:00,670.0,696.84,203.18,20.13,29.27,9.37,0.0,94.42
2020-01-22 08:00:00+00:00,725.83,595.44,273.07,21.98,27.13,9.6,0.0,94.32
2020-01-22 09:00:00+00:00,734.5,607.58,270.17,23.22,26.35,9.49,0.0,94.23
2020-01-22 10:00:00+00:00,649.95,577.21,237.29,23.98,26.56,9.09,0.0,94.13
2020-01-22 11:00:00+00:00,530.72,511.4,223.79,24.28,27.2,8.32,0.0,94.07
2020-01-22 12:00:00+00:00,340.5,378.93,182.72,23.95,27.95,7.17,0.0,94.06
2020-01-22 13:00:00+00:00,137.15,163.86,101.15,21.77,30.64,3.76,0.0,94.1
2020-01-22 14:00:00+00:00,8.93,0.46,11.96,17.91,34.13,2.8,0.0,94.21
2020-01-22 15:00:00+00:00,0.0,0.0,0.0,16.47,30.27,3.84,0.0,94.33
2020-01-22 16:00:00+00:00,0.0,0.0,0.0,14.73,28.92,5.18,0.0,94.43
2020-01-22 17:00:00+00:00,0.0,0.0,0.0,13.18,30.71,6.37,0.0,94.5
2020-01-22 18:00:00+00:00,0.0,0.0,0.0,11.69,35.1,6.28,0.0,94.54
2020-01-22 19:00:00+00:00,0.0,0.0,0.0,10.71,38.52,6.15,0.0,94.56
2020-01-22 20:00:00+00:00,0.0,0.0,0.0,9.86,40.53,6.15,0.0,94.57
2020-01-22 21:00:00+00:00,0.0,0.0,0.0,9.03,41.42,6.07,0.0,94.59
2020-01-22 22:00:00+00:00,0.0,0.0,0.0,8.29,41.06,5.88,0.0,94.59
2020-01-22 23:00:00+00:00,0.0,0.0,0.0,7.93,39.1,5.81,0.0,94.61
2020-01-23 00:00:00+00:00,0.0,0.0,0.0,7.63,37.46,5.63,0.0,94.63
2020-01-23 01:00:00+00:00,0.0,0.0,0.0,7.25,36.96,5.51,0.0,94.66
2020-01-23 02:00:00+00:00,0.0,0.0,0.0,6.71,37.92,5.31,0.0,94.71
2020-01-23 03:00:00+00:00,0.0,0.0,0.0,6.19,39.49,5.38,0.0,94.78
2020-01-23 04:00:00+00:00,98.55,62.29,90.93,6.88,38.91,5.77,0.0,94.85
2020-01-23 05:00:00+00:00,264.98,247.35,168.87,9.71,34.65,6.14,0.0,94.9
2020-01-23 06:00:00+00:00,449.05,401.61,223.47,12.5,28.8,5.83,0.0,94.94
2020-01-23 07:00:00+00:00,628.35,511.0,271.64,14.35,25.61,5.13,0.0,94.91
2020-01-23 08:00:00+00:00,727.17,637.72,254.22,15.78,23.42,4.55,0.0,94.82
2020-01-23 09:00:00+00:00,733.83,636.7,258.99,16.66,22.2,4.16,0.0,94.73
2020-01-23 10:00:00+00:00,682.4,645.35,224.02,17.31,21.44,3.98,0.0,94.67
2020-01-23 11:00:00+00:00,534.25,557.38,210.74,17.51,21.24,4.07,0.0,94.63
2020-01-23 12:00:00+00:00,354.1,487.26,153.61,17.09,21.74,4.38,0.0,94.65
2020-01-23 13:00:00+00:00,152.18,281.64,92.67,15.65,23.76,3.91,0.0,94.71
2020-01-23 14:00:00+00:00,10.02,4.85,12.71,12.08,29.67,3.16,0.0,94.79
2020-01-23 15:00:00+00:00,0.0,0.0,0.0,10.91,31.16,3.57,0.0,94.89
2020-01-23 16:00:00+00:00,0.0,0.0,0.0,10.07,32.24,3.86,0.0,94.96
2020-01-23 17:00:00+00:00,0.0,0.0,0.0,9.18,33.85,4.0,0.0,94.99
2020-01-23 18:00:00+00:00,0.0,0.0,0.0,8.25,35.91,3.96,0.0,95.0
2020-01-23 19:00:00+00:00,0.0,0.0,0.0,7.34,38.5,3.74,0.0,94.99
2020-01-23 20:00:00+00:00,0.0,0.0,0.0,6.51,41.22,3.45,0.0,94.97
2020-01-23 21:00:00+00:00,0.0,0.0,0.0,5.8,44.11,3.18,0.0,94.95
2020-01-23 22:00:00+00:00,0.0,0.0,0.0,5.21,46.97,3.04,0.0,94.92
2020-01-23 23:00:00+00:00,0.0,0.0,0.0,4.71,49.33,2.97,0.0,94.88
2020-01-24 00:00:00+00:00,0.0,0.0,0.0,4.26,51.63,2.89,0.0,94.86
2020-01-24 01:00:00+00:00,0.0,0.0,0.0,3.88,53.41,2.82,0.0,94.86
2020-01-24 02:00:00+00:00,0.0,0.0,0.0,3.55,55.08,2.75,0.0,94.91
2020-01-24 03:00:00+00:00,0.0,0.0,0.0,3.47,55.82,2.53,0.0,94.98
2020-01-24 04:00:00+00:00,136.18,341.91,68.89,6.37,46.11,2.42,0.0,95.06
2020-01-24 05:00:00+00:00,348.3,640.29,112.23,9.0,39.08,2.02,0.0,95.12
2020-01-24 06:00:00+00:00,550.2,783.12,134.76,12.69,28.5,2.36,0.0,95.13
2020-01-24 07:00:00+00:00,702.17,848.83,145.76,14.55,23.58,1.62,0.0,95.08
2020-01-24 08:00:00+00:00,759.5,743.42,205.1,16.07,20.78,1.43,0.0,94.97
2020-01-24 09:00:00+00:00,768.15,749.47,206.3,17.51,18.93,2.0,0.0,94.84
2020-01-24 10:00:00+00:00,702.03,723.36,197.83,18.6,18.16,2.7,0.0,94.72
2020-01-24 11:00:00+00:00,536.26,609.84,183.68,19.16,18.33,3.32,0.0,94.64
2020-01-24 12:00:00+00:00,354.95,493.68,151.6,19.05,19.35,3.81,0.0,94.61
2020-01-24 13:00:00+00:00,153.96,283.58,91.81,17.05,23.82,2.64,0.0,94.62
2020-01-24 14:00:00+00:00,10.89,15.28,13.15,13.53,29.97,2.47,0.0,94.65
2020-01-24 15:00:00+00:00,0.0,0.0,0.0,12.15,33.46,2.96,0.0,94.7
2020-01-24 16:00:00+00:00,0.0,0.0,0.0,11.14,36.71,3.54,0.0,94.74
2020-01-24 17:00:00+00:00,0.0,0.0,0.0,10.51,38.76,3.94,0.0,94.76
2020-01-24 18:00:00+00:00,0.0,0.0,0.0,9.88,40.3,4.22,0.0,94.75
2020-01-24 19:00:00+00:00,0.0,0.0,0.0,9.16,42.03,4.27,0.0,94.72
2020-01-24 20:00:00+00:00,0.0,0.0,0.0,8.49,43.56,4.2,0.0,94.7
2020-01-24 21:00:00+00:00,0.0,0.0,0.0,7.98,44.81,4.17,0.0,94.69
2020-01-24 22:00:00+00:00,0.0,0.0,0.0,7.81,44.89,4.55,0.0,94.67
2020-01-24 23:00:00+00:00,0.0,0.0,0.0,7.61,45.21,4.76,0.0,94.65
2020-01-25 00:00:00+00:00,0.0,0.0,0.0,7.2,46.49,4.62,0.0,94.64
2020-01-25 01:00:00+00:00,0.0,0.0,0.0,6.89,47.51,4.67,0.0,94.68
2020-01-25 02:00:00+00:00,0.0,0.0,0.0,6.5,49.14,4.5,0.0,94.74
2020-01-25 03:00:00+00:00,0.0,0.0,0.0,6.4,50.0,4.67,0.0,94.82
2020-01-25 04:00:00+00:00,118.5,143.55,93.27,8.62,44.21,6.08,0.0,94.89
2020-01-25 05:00:00+00:00,315.75,378.63,166.46,11.63,38.28,6.57,0.0,94.95
2020-01-25 06:00:00+00:00,519.17,542.35,214.03,14.73,31.36,7.3,0.0,94.99
2020-01-25 07:00:00+00:00,673.38,633.34,236.57,16.4,24.75,6.82,0.0,94.97
2020-01-25 08:00:00+00:00,789.92,856.64,164.84,17.55,19.96,6.38,0.0,94.91
2020-01-25 09:00:00+00:00,796.25,856.59,165.86,18.31,17.72,6.07,0.0,94.85
2020-01-25 10:00:00+00:00,721.33,813.96,167.55,18.52,17.55,5.95,0.0,94.8
2020-01-25 11:00:00+00:00,578.58,740.38,156.53,18.27,18.55,6.19,0.0,94.79
2020-01-25 12:00:00+00:00,382.17,601.84,133.3,17.44,21.23,6.54,0.0,94.82
2020-01-25 13:00:00+00:00,164.27,340.71,83.72,15.72,26.59,5.97,0.0,94.88
2020-01-25 14:00:00+00:00,11.32,3.79,14.52,12.58,35.02,4.89,0.0,94.96
2020-01-25 15:00:00+00:00,0.0,0.0,0.0,11.64,36.63,5.98,0.0,95.07
2020-01-25 16:00:00+00:00,0.0,0.0,0.0,10.58,35.4,6.2,0.0,95.15
2020-01-25 17:00:00+00:00,0.0,0.0,0.0,9.39,32.4,5.94,0.0,95.18
2020-01-25 18:00:00+00:00,0.0,0.0,0.0,8.11,29.55,5.45,0.0,95.18
2020-01-25 19:00:00+00:00,0.0,0.0,0.0,6.63,27.37,4.55,0.0,95.15
2020-01-25 20:00:00+00:00,0.0,0.0,0.0,5.33,25.67,4.02,0.0,95.12
2020-01-25 21:00:00+00:00,0.0,0.0,0.0,4.91,23.79,4.51,0.0,95.14
2020-01-25 22:00:00+00:00,0.0,0.0,0.0,5.03,23.6,5.69,0.0,95.16
2020-01-25 23:00:00+00:00,0.0,0.0,0.0,4.78,29.0,6.24,0.0,95.18
2020-01-26 00:00:00+00:00,0.0,0.0,0.0,4.14,39.81,6.08,0.0,95.19
2020-01-26 01:00:00+00:00,0.0,0.0,0.0,3.48,50.29,5.96,0.0,95.24
2020-01-26 02:00:00+00:00,0.0,0.0,0.0,2.86,58.69,5.91,0.0,95.31
2020-01-26 03:00:00+00:00,0.0,0.0,0.0,2.34,65.18,6.22,0.0,95.39
2020-01-26 04:00:00+00:00,151.65,462.6,69.67,3.42,63.74,7.49,0.0,95.45
2020-01-26 05:00:00+00:00,372.67,730.46,101.85,5.8,55.49,8.8,0.0,95.52
2020-01-26 06:00:00+00:00,579.42,861.15,119.69,8.26,44.78,8.54,0.0,95.55
2020-01-26 07:00:00+00:00,733.08,929.45,124.07,10.47,36.05,8.16,0.0,95.53
2020-01-26 08:00:00+00:00,780.72,725.52,230.74,12.28,30.77,7.91,0.0,95.47
2020-01-26 09:00:00+00:00,789.8,735.75,227.74,13.63,27.35,7.8,0.0,95.36
2020-01-26 10:00:00+00:00,722.45,713.49,216.36,14.47,25.79,7.5,0.0,95.28
2020-01-26 11:00:00+00:00,577.58,651.0,188.47,14.68,25.89,7.18,0.0,95.25
2020-01-26 12:00:00+00:00,380.3,510.99,162.45,14.23,27.69,7.02,0.0,95.25
2020-01-26 13:00:00+00:00,163.6,273.42,94.73,12.84,31.96,6.07,0.0,95.26
2020-01-26 14:00:00+00:00,12.1,2.4,15.7,9.44,42.53,4.01,0.0,95.31
2020-01-26 15:00:00+00:00,0.0,0.0,0.0,8.25,48.36,4.03,0.0,95.36
2020-01-26 16:00:00+00:00,0.0,0.0,0.0,7.37,53.01,3.83,0.0,95.41
2020-01-26 17:00:00+00:00,0.0,0.0,0.0,6.48,57.16,3.55,0.0,95.44
2020-01-26 18:00:00+00:00,0.0,0.0,0.0,5.71,60.29,3.4,0.0,95.45
2020-01-26 19:00:00+00:00,0.0,0.0,0.0,5.07,62.69,3.36,0.0,95.44
2020-01-26 20:00:00+00:00,0.0,0.0,0.0,4.51,64.45,3.38,0.0,95.42
2020-01-26 21:00:00+00:00,0.0,0.0,0.0,4.02,65.94,3.41,0.0,95.4
2020-01-26 22:00:00+00:00,0.0,0.0,0.0,3.51,67.55,3.37,0.0,95.37
2020-01-26 23:00:00+00:00,0.0,0.0,0.0,3.0,69.41,3.27,0.0,95.34
2020-01-27 00:00:00+00:00,0.0,0.0,0.0,2.53,71.35,3.15,0.0,95.34
2020-01-27 01:00:00+00:00,0.0,0.0,0.0,2.14,72.95,3.03,0.0,95.37
2020-01-27 02:00:00+00:00,0.0,0.0,0.0,1.81,74.52,2.94,0.0,95.42
2020-01-27 03:00:00+00:00,4.7,24.65,5.93,1.64,75.06,3.08,0.0,95.51
2020-01-27 04:00:00+00:00,151.25,575.78,50.44,4.84,59.55,4.15,0.0,95.6
2020-01-27 05:00:00+00:00,386.35,838.02,74.25,7.66,48.74,3.74,0.0,95.64
2020-01-27 06:00:00+00:00,594.22,965.81,82.62,11.61,35.24,4.02,0.0,95.62
2020-01-27 07:00:00+00:00,748.7,1032.22,81.16,13.55,28.05,4.08,0.0,95.56
2020-01-27 08:00:00+00:00,826.33,1015.86,99.15,15.0,23.35,3.9,0.0,95.46
2020-01-27 09:00:00+00:00,834.9,1020.07,98.1,16.16,19.99,3.86,0.0,95.34
2020-01-27 10:00:00+00:00,767.88,1017.6,89.69,16.88,18.04,3.97,0.0,95.23
2020-01-27 11:00:00+00:00,547.89,623.81,177.62,17.11,17.06,3.96,0.0,95.16
2020-01-27 12:00:00+00:00,431.6,857.84,79.03,16.66,17.39,3.82,0.0,95.15
2020-01-27 13:00:00+00:00,200.18,635.08,57.63,14.41,21.31,2.67,0.0,95.17
2020-01-27 14:00:00+00:00,15.82,83.06,13.37,10.34,27.86,2.85,0.0,95.22
2020-01-27 15:00:00+00:00,0.0,0.0,0.0,9.13,30.37,2.98,0.0,95.27
2020-01-27 16:00:00+00:00,0.0,0.0,0.0,8.43,32.27,2.91,0.0,95.3
2020-01-27 17:00:00+00:00,0.0,0.0,0.0,7.87,33.95,2.77,0.0,95.29
2020-01-27 18:00:00+00:00,0.0,0.0,0.0,7.46,35.2,2.57,0.0,95.27
2020-01-27 19:00:00+00:00,0.0,0.0,0.0,7.29,35.74,2.29,0.0,95.21
2020-01-27 20:00:00+00:00,0.0,0.0,0.0,7.3,35.69,1.96,0.0,95.15
2020-01-27 21:00:00+00:00,0.0,0.0,0.0,7.1,36.18,1.74,0.0,95.14
2020-01-27 22:00:00+00:00,0.0,0.0,0.0,6.4,38.12,1.87,0.0,95.14
2020-01-27 23:00:00+00:00,0.0,0.0,0.0,5.67,40.09,2.03,0.0,95.12
2020-01-28 00:00:00+00:00,0.0,0.0,0.0,5.51,40.36,1.86,0.0,95.1
2020-01-28 01:00:00+00:00,0.0,0.0,0.0,5.52,40.33,1.58,0.0,95.09
2020-01-28 02:00:00+00:00,0.0,0.0,0.0,5.37,40.94,1.47,0.0,95.14
2020-01-28 03:00:00+00:00,4.93,35.19,5.91,5.26,41.28,1.39,0.0,95.19
2020-01-28 04:00:00+00:00,153.23,604.46,45.29,7.11,36.64,1.14,0.0,95.22
2020-01-28 05:00:00+00:00,389.33,849.76,71.59,9.69,30.64,1.45,0.0,95.28
2020-01-28 06:00:00+00:00,513.87,606.29,175.38,13.76,23.33,0.21,0.0,95.31
2020-01-28 07:00:00+00:00,754.9,1036.38,81.93,16.5,18.25,0.36,0.0,95.27
2020-01-28 08:00:00+00:00,824.72,969.13,122.14,17.94,15.83,0.61,0.0,95.2
2020-01-28 09:00:00+00:00,832.97,970.18,123.07,18.98,14.12,0.78,0.0,95.09
2020-01-28 10:00:00+00:00,765.75,961.53,114.36,19.59,12.84,1.09,0.0,94.97
2020-01-28 11:00:00+00:00,625.15,895.62,113.24,19.73,12.12,1.63,0.0,94.88
2020-01-28 12:00:00+00:00,427.15,781.18,102.04,19.19,12.25,2.19,0.0,94.83
2020-01-28 13:00:00+00:00,197.2,551.67,69.94,16.61,16.91,2.01,0.0,94.84
2020-01-28 14:00:00+00:00,15.7,50.61,14.76,12.39,21.38,2.8,0.0,94.86
2020-01-28 15:00:00+00:00,0.0,0.0,0.0,10.67,23.61,3.23,0.0,94.91
2020-01-28 16:00:00+00:00,0.0,0.0,0.0,9.59,25.9,3.46,0.0,94.95
2020-01-28 17:00:00+00:00,0.0,0.0,0.0,8.86,27.75,3.5,0.0,94.97
2020-01-28 18:00:00+00:00,0.0,0.0,0.0,7.91,30.02,3.57,0.0,94.94
2020-01-28 19:00:00+00:00,0.0,0.0,0.0,7.09,31.59,3.5,0.0,94.92
2020-01-28 20:00:00+00:00,0.0,0.0,0.0,6.36,32.89,3.45,0.0,94.88
2020-01-28 21:00:00+00:00,0.0,0.0,0.0,5.74,33.65,3.6,0.0,94.83
2020-01-28 22:00:00+00:00,0.0,0.0,0.0,6.05,32.42,3.66,0.0,94.75
2020-01-28 23:00:00+00:00,0.0,0.0,0.0,5.42,33.18,3.72,0.0,94.73
2020-01-29 00:00:00+00:00,0.0,0.0,0.0,5.54,32.41,3.73,0.0,94.75
2020-01-29 01:00:00+00:00,0.0,0.0,0.0,6.08,30.74,3.88,0.0,94.76
2020-01-29 02:00:00+00:00,0.0,0.0,0.0,6.15,30.12,4.0,0.0,94.8
2020-01-29 03:00:00+00:00,4.35,5.43,6.59,6.4,29.46,4.11,0.0,94.84
2020-01-29 04:00:00+00:00,117.85,230.46,79.38,8.71,25.16,5.37,0.0,94.86
2020-01-29 05:00:00+00:00,297.33,252.94,198.21,10.83,21.95,4.94,0.0,94.89
2020-01-29 06:00:00+00:00,470.02,291.11,330.04,14.6,16.96,5.59,0.0,94.89
2020-01-29 07:00:00+00:00,603.6,355.35,368.41,18.13,12.36,6.91,0.0,94.83
2020-01-29 08:00:00+00:00,700.9,427.98,349.6,20.48,9.85,6.55,0.0,94.72
2020-01-29 09:00:00+00:00,752.2,643.26,253.11,22.14,8.94,5.93,0.0,94.62
2020-01-29 10:00:00+00:00,690.42,646.01,226.24,23.06,9.36,5.39,0.0,94.53
2020-01-29 11:00:00+00:00,531.47,548.29,206.42,23.42,10.47,4.98,0.0,94.49
2020-01-29 12:00:00+00:00,355.4,428.46,170.7,23.17,12.01,4.25,0.0,94.46
2020-01-29 13:00:00+00:00,156.68,209.67,102.46,20.33,17.66,2.24,0.0,94.47
2020-01-29 14:00:00+00:00,13.0,1.49,14.4,18.61,18.95,1.68,0.0,94.51
2020-01-29 15:00:00+00:00,0.0,0.0,0.0,17.75,19.64,1.68,0.0,94.56
2020-01-29 16:00:00+00:00,0.0,0.0,0.0,16.34,21.08,2.03,0.0,94.62
2020-01-29 17:00:00+00:00,0.0,0.0,0.0,15.48,22.03,1.97,0.0,94.68
2020-01-29 18:00:00+00:00,0.0,0.0,0.0,15.03,22.68,1.42,0.0,94.71
2020-01-29 19:00:00+00:00,0.0,0.0,0.0,13.92,24.76,1.06,0.0,94.74
2020-01-29 20:00:00+00:00,0.0,0.0,0.0,11.65,29.52,2.83,0.0,94.77
2020-01-29 21:00:00+00:00,0.0,0.0,0.0,10.6,31.54,4.6,0.0,94.81
2020-01-29 22:00:00+00:00,0.0,0.0,0.0,9.8,30.15,5.86,0.0,94.83
2020-01-29 23:00:00+00:00,0.0,0.0,0.0,8.93,28.11,5.51,0.0,94.84
2020-01-30 00:00:00+00:00,0.0,0.0,0.0,8.23,28.93,4.83,0.0,94.85
2020-01-30 01:00:00+00:00,0.0,0.0,0.0,7.74,33.24,4.48,0.0,94.89
2020-01-30 02:00:00+00:00,0.0,0.0,0.0,7.26,39.45,4.15,0.0,94.96
2020-01-30 03:00:00+00:00,4.05,0.0,6.66,7.14,43.72,4.1,0.0,95.04
2020-01-30 04:00:00+00:00,104.97,79.24,86.2,9.52,39.01,5.69,0.0,95.11
2020-01-30 05:00:00+00:00,288.45,237.86,193.76,12.25,33.94,5.06,0.0,95.17
2020-01-30 06:00:00+00:00,477.58,366.99,250.44,15.9,28.23,5.73,0.0,95.21
2020-01-30 07:00:00+00:00,607.28,291.68,408.51,18.06,23.87,5.28,0.0,95.16
2020-01-30 08:00:00+00:00,703.4,457.49,322.0,19.73,20.56,4.65,0.0,95.06
2020-01-30 09:00:00+00:00,763.2,592.34,280.38,21.03,18.46,4.08,0.0,94.94
2020-01-30 10:00:00+00:00,695.22,566.14,269.84,21.72,17.73,3.58,0.0,94.83
2020-01-30 11:00:00+00:00,554.35,488.23,246.7,21.88,17.66,3.29,0.0,94.76
2020-01-30 12:00:00+00:00,362.98,380.99,189.94,21.37,18.22,3.19,0.0,94.74
2020-01-30 13:00:00+00:00,158.55,174.27,111.08,18.95,21.93,2.45,0.0,94.78
2020-01-30 14:00:00+00:00,13.73,1.01,15.91,14.62,27.43,3.05,0.0,94.85
2020-01-30 15:00:00+00:00,0.0,0.0,0.0,13.34,28.44,3.38,0.0,94.92
2020-01-30 16:00:00+00:00,0.0,0.0,0.0,12.61,28.6,3.39,0.0,94.97
2020-01-30 17:00:00+00:00,0.0,0.0,0.0,11.13,30.27,3.42,0.0,94.98
2020-01-30 18:00:00+00:00,0.0,0.0,0.0,10.03,31.47,3.27,0.0,94.98
2020-01-30 19:00:00+00:00,0.0,0.0,0.0,9.23,32.54,2.99,0.0,94.95
2020-01-30 20:00:00+00:00,0.0,0.0,0.0,8.88,33.04,2.59,0.0,94.9
2020-01-30 21:00:00+00:00,0.0,0.0,0.0,8.88,32.89,2.12,0.0,94.87
2020-01-30 22:00:00+00:00,0.0,0.0,0.0,8.96,32.83,1.71,0.0,94.83
2020-01-30 23:00:00+00:00,0.0,0.0,0.0,8.94,33.14,1.41,0.0,94.82
2020-01-31 00:00:00+00:00,0.0,0.0,0.0,8.69,33.97,1.26,0.0,94.82
2020-01-31 01:00:00+00:00,0.0,0.0,0.0,8.65,34.34,1.12,0.0,94.82
2020-01-31 02:00:00+00:00,0.0,0.0,0.0,8.65,34.63,0.87,0.0,94.87
2020-01-31 03:00:00+00:00,4.47,0.81,6.57,8.79,34.58,0.57,0.0,94.91
2020-01-31 04:00:00+00:00,124.8,229.58,73.83,10.22,32.03,0.3,0.0,94.94
2020-01-31 05:00:00+00:00,339.9,494.76,141.92,12.48,27.37,0.41,0.0,94.97
2020-01-31 06:00:00+00:00,542.03,641.04,180.41,16.82,22.03,2.01,0.0,94.98
2020-01-31 07:00:00+00:00,695.25,710.62,204.19,20.36,19.93,3.29,0.0,94.93
2020-01-31 08:00:00+00:00,757.22,639.59,252.01,22.18,19.51,3.34,0.0,94.8
2020-01-31 09:00:00+00:00,749.83,549.42,313.74,23.41,19.39,3.38,0.0,94.66
2020-01-31 10:00:00+00:00,679.2,559.29,260.03,24.17,19.55,3.31,0.0,94.54
2020-01-31 11:00:00+00:00,538.67,461.37,244.73,24.41,20.0,3.19,0.0,94.45
2020-01-31 12:00:00+00:00,334.83,295.09,194.61,24.01,21.03,2.99,0.0,94.41
2020-01-31 13:00:00+00:00,139.82,95.3,111.11,21.61,25.38,1.97,0.0,94.43
2020-01-31 14:00:00+00:00,12.85,0.0,16.62,18.4,29.97,2.66,0.0,94.44
2020-01-31 15:00:00+00:00,0.0,0.0,0.0,16.98,32.01,3.44,0.0,94.49
2020-01-31 16:00:00+00:00,0.0,0.0,0.0,16.04,32.84,4.09,0.0,94.53
2020-01-31 17:00:00+00:00,0.0,0.0,0.0,15.0,33.6,4.72,0.0,94.53
2020-01-31 18:00:00+00:00,0.0,0.0,0.0,14.31,34.1,5.28,0.0,94.49
2020-01-31 19:00:00+00:00,0.0,0.0,0.0,13.62,35.25,5.26,0.0,94.44
2020-01-31 20:00:00+00:00,0.0,0.0,0.0,12.68,37.26,4.69,0.0,94.39
2020-01-31 21:00:00+00:00,0.0,0.0,0.0,11.82,39.42,4.19,0.0,94.37
2020-01-31 22:00:00+00:00,0.0,0.0,0.0,11.27,40.99,4.03,0.0,94.35
2020-01-31 23:00:00+00:00,0.0,0.0,0.0,11.13,41.48,3.9,0.0,94.34
2020-02-01 00:00:00+00:00,0.0,0.0,0.0,11.24,41.19,3.92,0.0,94.36
2020-02-01 01:00:00+00:00,0.0,0.0,0.0,11.5,40.51,3.99,0.0,94.42
2020-02-01 02:00:00+00:00,0.0,0.0,0.0,11.67,40.09,3.78,0.0,94.49
2020-02-01 03:00:00+00:00,3.67,0.0,5.67,12.09,39.01,3.92,0.0,94.55
2020-02-01 04:00:00+00:00,88.0,20.91,80.73,14.06,34.51,5.25,0.0,94.61
2020-02-01 05:00:00+00:00,228.88,109.1,185.27,16.15,31.33,5.56,0.0,94.66
2020-02-01 06:00:00+00:00,387.55,192.88,240.31,18.88,29.99,6.74,0.0,94.69
2020-02-01 07:00:00+00:00,553.25,307.1,311.94,20.56,32.2,6.77,0.0,94.65
2020-02-01 08:00:00+00:00,662.35,568.4,249.54,21.63,34.39,5.84,0.0,94.58
2020-02-01 09:00:00+00:00,724.25,622.4,242.95,22.54,35.37,4.53,0.0,94.48
2020-02-01 10:00:00+00:00,658.22,522.25,278.66,23.04,35.68,3.32,0.0,94.41
2020-02-01 11:00:00+00:00,515.62,428.41,241.52,23.07,36.03,2.64,0.0,94.4
2020-02-01 12:00:00+00:00,339.08,330.17,197.1,22.64,36.83,2.28,0.0,94.42
2020-02-01 13:00:00+00:00,155.02,161.35,110.21,21.4,38.92,1.74,0.0,94.47
2020-02-01 14:00:00+00:00,15.12,2.11,19.48,18.69,43.9,2.38,0.0,94.55
2020-02-01 15:00:00+00:00,0.0,0.0,0.0,17.07,44.54,3.49,0.0,94.63
2020-02-01 16:00:00+00:00,0.0,0.0,0.0,15.77,42.35,4.26,0.0,94.71
2020-02-01 17:00:00+00:00,0.0,0.0,0.0,14.29,39.45,4.91,0.0,94.76
2020-02-01 18:00:00+00:00,0.0,0.0,0.0,12.85,37.41,4.77,0.0,94.78
2020-02-01 19:00:00+00:00,0.0,0.0,0.0,11.71,37.02,4.1,0.0,94.79
2020-02-01 20:00:00+00:00,0.0,0.0,0.0,10.82,37.4,3.7,0.0,94.8
2020-02-01 21:00:00+00:00,0.0,0.0,0.0,10.06,37.26,3.62,0.0,94.81
2020-02-01 22:00:00+00:00,0.0,0.0,0.0,9.26,36.98,3.51,0.0,94.81
2020-02-01 23:00:00+00:00,0.0,0.0,0.0,8.42,36.39,3.28,0.0,94.8
2020-02-02 00:00:00+00:00,0.0,0.0,0.0,7.6,35.28,3.0,0.0,94.81
2020-02-02 01:00:00+00:00,0.0,0.0,0.0,6.86,34.06,2.81,0.0,94.85
2020-02-02 02:00:00+00:00,0.0,0.0,0.0,6.25,32.67,2.68,0.0,94.9
2020-02-02 03:00:00+00:00,4.75,0.0,7.38,6.06,30.36,2.52,0.0,94.97
2020-02-02 04:00:00+00:00,118.6,145.33,87.01,8.86,22.95,3.06,0.0,95.05
2020-02-02 05:00:00+00:00,330.55,397.87,165.59,11.52,18.32,2.63,0.0,95.13
2020-02-02 06:00:00+00:00,536.72,550.86,212.99,15.95,14.5,2.99,0.0,95.19
2020-02-02 07:00:00+00:00,675.38,564.45,273.72,18.29,13.37,2.77,0.0,95.16
2020-02-02 08:00:00+00:00,754.3,552.8,309.11,20.07,13.39,2.3,0.0,95.08
2020-02-02 09:00:00+00:00,764.28,554.95,301.69,21.1,13.28,1.88,0.0,94.99
2020-02-02 10:00:00+00:00,686.75,506.6,290.62,21.62,13.33,1.51,0.0,94.92
2020-02-02 11:00:00+00:00,549.78,435.76,260.43,21.7,13.61,1.44,0.0,94.89
2020-02-02 12:00:00+00:00,356.58,316.6,205.87,21.3,14.25,1.53,0.0,94.9
2020-02-02 13:00:00+00:00,156.15,125.39,120.34,19.39,17.99,1.5,0.0,94.93
2020-02-02 14:00:00+00:00,15.23,0.51,17.89,15.34,21.42,2.6,0.0,94.98
2020-02-02 15:00:00+00:00,0.0,0.0,0.0,13.6,21.84,3.27,0.0,95.04
2020-02-02 16:00:00+00:00,0.0,0.0,0.0,12.55,21.73,3.52,0.0,95.1
2020-02-02 17:00:00+00:00,0.0,0.0,0.0,11.51,22.05,3.55,0.0,95.13
2020-02-02 18:00:00+00:00,0.0,0.0,0.0,10.43,22.96,3.42,0.0,95.14
2020-02-02 19:00:00+00:00,0.0,0.0,0.0,9.38,24.25,3.18,0.0,95.14
2020-02-02 20:00:00+00:00,0.0,0.0,0.0,8.58,25.59,2.86,0.0,95.13
2020-02-02 21:00:00+00:00,0.0,0.0,0.0,8.11,26.57,2.55,0.0,95.13
2020-02-02 22:00:00+00:00,0.0,0.0,0.0,7.8,27.27,2.35,0.0,95.11
2020-02-02 23:00:00+00:00,0.0,0.0,0.0,7.51,28.1,2.25,0.0,95.09
2020-02-03 00:00:00+00:00,0.0,0.0,0.0,7.2,29.31,2.2,0.0,95.08
2020-02-03 01:00:00+00:00,0.0,0.0,0.0,6.88,30.58,2.16,0.0,95.13
2020-02-03 02:00:00+00:00,0.0,0.0,0.0,6.42,32.86,2.24,0.0,95.18
2020-02-03 03:00:00+00:00,5.03,0.0,7.52,6.04,35.87,2.35,0.0,95.25
2020-02-03 04:00:00+00:00,127.97,211.91,81.24,8.76,32.23,2.79,0.0,95.32
2020-02-03 05:00:00+00:00,349.1,520.21,143.64,11.45,29.2,2.42,0.0,95.38
2020-02-03 06:00:00+00:00,558.03,689.76,167.32,15.55,24.0,2.61,0.0,95.42
2020-02-03 07:00:00+00:00,717.33,781.59,176.28,17.38,21.82,2.19,0.0,95.39
2020-02-03 08:00:00+00:00,806.0,835.12,180.32,18.64,20.35,1.66,0.0,95.29
2020-02-03 09:00:00+00:00,807.08,824.5,210.76,19.58,19.24,1.23,0.0,95.18
2020-02-03 10:00:00+00:00,739.2,783.3,182.11,20.18,18.64,0.95,0.0,95.09
2020-02-03 11:00:00+00:00,606.78,752.0,146.08,20.4,18.51,0.86,0.0,95.04
2020-02-03 12:00:00+00:00,409.88,612.63,137.01,20.08,18.94,1.1,0.0,95.02
2020-02-03 13:00:00+00:00,189.48,411.5,83.78,18.64,21.43,1.52,0.0,95.02
2020-02-03 14:00:00+00:00,17.77,17.35,17.57,14.72,27.49,2.57,0.0,95.04
2020-02-03 15:00:00+00:00,0.0,0.0,0.0,13.27,30.22,3.17,0.0,95.08
2020-02-03 16:00:00+00:00,0.0,0.0,0.0,12.36,32.4,3.37,0.0,95.11
2020-02-03 17:00:00+00:00,0.0,0.0,0.0,11.36,34.84,3.36,0.0,95.1
2020-02-03 18:00:00+00:00,0.0,0.0,0.0,10.3,37.26,3.18,0.0,95.08
2020-02-03 19:00:00+00:00,0.0,0.0,0.0,9.29,39.72,2.94,0.0,95.04
2020-02-03 20:00:00+00:00,0.0,0.0,0.0,8.37,42.25,2.7,0.0,94.99
2020-02-03 21:00:00+00:00,0.0,0.0,0.0,7.63,44.57,2.47,0.0,94.98
2020-02-03 22:00:00+00:00,0.0,0.0,0.0,7.15,46.35,2.27,0.0,94.94
2020-02-03 23:00:00+00:00,0.0,0.0,0.0,6.81,47.73,2.12,0.0,94.91
2020-02-04 00:00:00+00:00,0.0,0.0,0.0,6.5,49.22,2.07,0.0,94.88
2020-02-04 01:00:00+00:00,0.0,0.0,0.0,6.17,50.67,2.14,0.0,94.87
2020-02-04 02:00:00+00:00,0.0,0.0,0.0,5.86,52.27,2.23,0.0,94.9
2020-02-04 03:00:00+00:00,5.18,1.18,7.73,5.82,52.94,2.28,0.0,94.95
2020-02-04 04:00:00+00:00,128.62,241.79,81.79,8.62,44.11,3.04,0.0,94.97
2020-02-04 05:00:00+00:00,338.85,491.74,144.47,11.3,37.32,3.39,0.0,94.99
2020-02-04 06:00:00+00:00,541.08,611.67,190.07,15.11,29.37,4.95,0.0,95.01
2020-02-04 07:00:00+00:00,690.42,670.66,231.06,17.73,24.25,5.26,0.0,94.97
2020-02-04 08:00:00+00:00,756.03,599.36,277.29,20.04,21.35,5.29,0.0,94.87
2020-02-04 09:00:00+00:00,779.28,645.07,266.8,21.83,20.15,5.21,0.0,94.75
2020-02-04 10:00:00+00:00,689.17,600.24,240.85,22.86,19.5,5.1,0.0,94.64
2020-02-04 11:00:00+00:00,566.6,534.18,214.94,23.22,19.38,5.0,0.0,94.57
2020-02-04 12:00:00+00:00,367.6,386.18,190.4,22.9,19.97,4.95,0.0,94.53
2020-02-04 13:00:00+00:00,163.77,180.63,113.94,21.03,22.57,3.78,0.0,94.54
2020-02-04 14:00:00+00:00,16.33,2.17,19.33,17.54,27.83,3.97,0.0,94.58
2020-02-04 15:00:00+00:00,0.0,0.0,0.0,16.74,29.06,5.02,0.0,94.64
2020-02-04 16:00:00+00:00,0.0,0.0,0.0,16.01,30.38,5.68,0.0,94.69
2020-02-04 17:00:00+00:00,0.0,0.0,0.0,14.65,33.06,5.29,0.0,94.69
2020-02-04 18:00:00+00:00,0.0,0.0,0.0,13.56,35.48,4.89,0.0,94.69
2020-02-04 19:00:00+00:00,0.0,0.0,0.0,12.74,37.43,4.64,0.0,94.66
2020-02-04 20:00:00+00:00,0.0,0.0,0.0,11.99,39.41,4.42,0.0,94.62
2020-02-04 21:00:00+00:00,0.0,0.0,0.0,11.27,41.55,4.04,0.0,94.61
2020-02-04 22:00:00+00:00,0.0,0.0,0.0,10.68,43.68,3.8,0.0,94.59
2020-02-04 23:00:00+00:00,0.0,0.0,0.0,10.17,45.67,3.51,0.0,94.58
2020-02-05 00:00:00+00:00,0.0,0.0,0.0,9.94,46.76,3.29,0.0,94.59
2020-02-05 01:00:00+00:00,0.0,0.0,0.0,10.36,45.71,3.17,0.0,94.61
2020-02-05 02:00:00+00:00,0.0,0.0,0.0,10.52,45.61,3.14,0.0,94.67
2020-02-05 03:00:00+00:00,3.58,0.0,4.09,10.83,44.95,3.21,0.0,94.74
2020-02-05 04:00:00+00:00,78.62,39.59,66.86,13.14,39.02,4.42,0.0,94.8
2020-02-05 05:00:00+00:00,194.65,109.82,152.65,15.31,35.32,4.19,0.0,94.87
2020-02-05 06:00:00+00:00,310.58,236.46,221.51,18.45,36.09,5.29,0.0,94.9
2020-02-05 07:00:00+00:00,452.83,329.99,231.69,20.58,37.86,5.01,0.0,94.88
2020-02-05 08:00:00+00:00,546.1,239.05,317.66,21.97,38.11,4.6,0.0,94.8
2020-02-05 09:00:00+00:00,570.83,315.61,307.67,22.69,37.6,4.3,0.0,94.73
2020-02-05 10:00:00+00:00,616.55,454.05,258.84,23.01,37.18,4.06,0.0,94.68
2020-02-05 11:00:00+00:00,479.25,416.42,207.92,23.03,37.29,3.82,0.0,94.66
2020-02-05 12:00:00+00:00,326.62,294.7,189.1,22.61,38.25,3.67,0.0,94.65
2020-02-05 13:00:00+00:00,155.82,150.98,109.06,21.49,40.61,2.84,0.0,94.68
2020-02-05 14:00:00+00:00,16.73,2.42,18.44,18.72,47.38,2.68,0.0,94.71
2020-02-05 15:00:00+00:00,0.0,0.0,0.0,17.66,49.63,3.18,0.0,94.76
2020-02-05 16:00:00+00:00,0.0,0.0,0.0,16.87,51.25,3.7,0.0,94.81
2020-02-05 17:00:00+00:00,0.0,0.0,0.0,16.2,53.16,4.05,0.0,94.81
2020-02-05 18:00:00+00:00,0.0,0.0,0.0,15.41,56.6,4.16,0.0,94.81
2020-02-05 19:00:00+00:00,0.0,0.0,0.0,14.54,60.86,4.14,0.0,94.78
2020-02-05 20:00:00+00:00,0.0,0.0,0.0,13.67,64.96,4.0,0.0,94.77
2020-02-05 21:00:00+00:00,0.0,0.0,0.0,12.86,68.59,3.77,0.0,94.77
2020-02-05 22:00:00+00:00,0.0,0.0,0.0,12.12,72.22,3.54,0.0,94.78
2020-02-05 23:00:00+00:00,0.0,0.0,0.0,11.55,75.99,3.4,0.0,94.77
2020-02-06 00:00:00+00:00,0.0,0.0,0.0,11.13,80.31,3.33,0.0,94.78
2020-02-06 01:00:00+00:00,0.0,0.0,0.0,10.9,84.12,3.31,0.0,94.81
2020-02-06 02:00:00+00:00,0.0,0.0,0.0,11.34,84.01,3.33,0.0,94.88
2020-02-06 03:00:00+00:00,5.05,0.0,8.09,12.09,81.52,3.29,0.0,94.96
2020-02-06 04:00:00+00:00,107.5,85.55,89.77,14.21,71.21,4.37,0.0,95.03
2020-02-06 05:00:00+00:00,287.4,290.19,170.3,16.29,61.42,3.83,0.0,95.07
2020-02-06 06:00:00+00:00,477.7,393.92,245.79,19.63,42.96,5.32,0.0,95.08
2020-02-06 07:00:00+00:00,613.88,486.28,254.8,21.91,32.01,5.6,0.0,95.03
2020-02-06 08:00:00+00:00,668.22,335.49,367.93,23.75,26.79,5.0,0.0,94.92
2020-02-06 09:00:00+00:00,714.42,444.23,325.79,25.02,24.99,4.19,0.0,94.8
2020-02-06 10:00:00+00:00,648.55,562.08,235.86,25.98,23.85,3.73,0.0,94.71
2020-02-06 11:00:00+00:00,425.8,196.1,280.88,26.35,23.32,3.58,0.0,94.66
2020-02-06 12:00:00+00:00,293.27,202.22,199.89,26.0,23.45,3.61,0.0,94.65
2020-02-06 13:00:00+00:00,149.0,127.11,112.75,23.76,26.35,2.7,0.0,94.68
2020-02-06 14:00:00+00:00,17.35,3.16,20.45,19.74,32.51,3.39,0.0,94.71
2020-02-06 15:00:00+00:00,0.0,0.0,0.0,18.53,33.95,3.91,0.0,94.77
2020-02-06 16:00:00+00:00,0.0,0.0,0.0,17.95,33.89,4.41,0.0,94.8
2020-02-06 17:00:00+00:00,0.0,0.0,0.0,17.36,33.89,4.76,0.0,94.82
2020-02-06 18:00:00+00:00,0.0,0.0,0.0,16.77,34.38,5.08,0.0,94.81
2020-02-06 19:00:00+00:00,0.0,0.0,0.0,16.25,35.44,5.46,0.0,94.76
2020-02-06 20:00:00+00:00,0.0,0.0,0.0,15.72,36.98,5.61,0.0,94.72
2020-02-06 21:00:00+00:00,0.0,0.0,0.0,14.91,39.21,5.15,0.0,94.69
2020-02-06 22:00:00+00:00,0.0,0.0,0.0,14.16,41.05,4.73,0.0,94.65
2020-02-06 23:00:00+00:00,0.0,0.0,0.0,13.64,41.77,4.49,0.0,94.63
2020-02-07 00:00:00+00:00,0.0,0.0,0.0,13.26,42.12,4.33,0.0,94.62
2020-02-07 01:00:00+00:00,0.0,0.0,0.0,13.09,42.0,4.31,0.0,94.64
2020-02-07 02:00:00+00:00,0.0,0.0,0.0,13.02,41.81,4.32,0.0,94.7
2020-02-07 03:00:00+00:00,5.93,0.57,8.9,13.21,41.12,4.18,0.0,94.77
2020-02-07 04:00:00+00:00,129.07,194.89,86.38,15.81,34.7,5.48,0.0,94.83
2020-02-07 05:00:00+00:00,342.2,446.7,159.06,18.57,29.07,4.75,0.0,94.86
2020-02-07 06:00:00+00:00,545.0,606.05,180.67,23.02,22.16,7.15,0.0,94.86
2020-02-07 07:00:00+00:00,700.22,676.06,208.48,26.02,18.6,7.72,0.0,94.79
2020-02-07 08:00:00+00:00,793.2,726.77,223.96,27.92,16.81,7.36,0.0,94.68
2020-02-07 09:00:00+00:00,804.5,736.38,219.84,29.1,15.91,6.88,0.0,94.57
2020-02-07 10:00:00+00:00,735.97,719.08,207.0,29.64,15.73,6.31,0.0,94.48
2020-02-07 11:00:00+00:00,603.47,668.65,182.43,29.65,16.04,5.78,0.0,94.44
2020-02-07 12:00:00+00:00,411.48,543.32,159.78,29.07,16.89,5.24,0.0,94.43
2020-02-07 13:00:00+00:00,195.65,349.08,96.92,26.29,20.49,3.09,0.0,94.46
2020-02-07 14:00:00+00:00,20.77,11.87,20.01,22.11,25.88,3.36,0.0,94.5
2020-02-07 15:00:00+00:00,0.0,0.0,0.0,20.83,27.52,3.87,0.0,94.54
2020-02-07 16:00:00+00:00,0.0,0.0,0.0,20.12,28.13,4.33,0.0,94.6
2020-02-07 17:00:00+00:00,0.0,0.0,0.0,19.31,28.91,4.67,0.0,94.63
2020-02-07 18:00:00+00:00,0.0,0.0,0.0,18.48,30.09,4.77,0.0,94.63
2020-02-07 19:00:00+00:00,0.0,0.0,0.0,17.68,31.49,4.58,0.0,94.61
2020-02-07 20:00:00+00:00,0.0,0.0,0.0,16.94,32.91,4.3,0.0,94.59
2020-02-07 21:00:00+00:00,0.0,0.0,0.0,16.47,33.82,4.34,0.0,94.57
2020-02-07 22:00:00+00:00,0.0,0.0,0.0,16.2,34.4,4.56,0.0,94.53
2020-02-07 23:00:00+00:00,0.0,0.0,0.0,16.0,34.75,4.72,0.0,94.51
2020-02-08 00:00:00+00:00,0.0,0.0,0.0,15.89,34.91,4.92,0.0,94.51
2020-02-08 01:00:00+00:00,0.0,0.0,0.0,15.9,34.9,5.2,0.0,94.55
2020-02-08 02:00:00+00:00,0.0,0.0,0.0,15.83,35.16,5.4,0.0,94.61
2020-02-08 03:00:00+00:00,6.43,1.88,9.63,15.79,35.53,5.47,0.0,94.68
2020-02-08 04:00:00+00:00,143.95,348.2,75.79,17.93,31.41,6.34,0.0,94.73
2020-02-08 05:00:00+00:00,363.27,594.4,124.44,20.95,26.46,5.76,0.0,94.76
2020-02-08 06:00:00+00:00,567.17,737.3,140.5,25.27,21.23,8.35,0.0,94.77
2020-02-08 07:00:00+00:00,718.45,815.58,145.46,27.85,18.62,8.84,0.0,94.7
2020-02-08 08:00:00+00:00,802.67,835.55,158.33,29.48,17.22,8.42,0.0,94.58
2020-02-08 09:00:00+00:00,812.3,839.46,157.8,30.49,16.54,7.82,0.0,94.45
2020-02-08 10:00:00+00:00,730.1,763.87,181.27,31.02,16.56,7.21,0.0,94.35
2020-02-08 11:00:00+00:00,572.78,651.45,167.7,31.09,17.25,6.61,0.0,94.3
2020-02-08 12:00:00+00:00,392.2,578.41,129.41,30.61,18.62,5.71,0.0,94.29
2020-02-08 13:00:00+00:00,193.9,383.35,92.92,28.08,22.86,2.96,0.0,94.31
2020-02-08 14:00:00+00:00,21.73,27.41,22.2,25.05,27.95,1.96,0.0,94.35
2020-02-08 15:00:00+00:00,0.0,0.0,0.0,24.79,29.04,0.93,0.0,94.42
2020-02-08 16:00:00+00:00,0.0,0.0,0.0,24.22,30.32,0.52,0.0,94.49
2020-02-08 17:00:00+00:00,0.0,0.0,0.0,22.59,32.53,1.68,0.0,94.55
2020-02-08 18:00:00+00:00,0.0,0.0,0.0,21.34,32.74,2.54,0.0,94.57
2020-02-08 19:00:00+00:00,0.0,0.0,0.0,19.59,32.91,3.11,0.0,94.58
2020-02-08 20:00:00+00:00,0.0,0.0,0.0,18.12,32.14,3.56,0.0,94.57
2020-02-08 21:00:00+00:00,0.0,0.0,0.0,17.03,31.47,3.67,0.0,94.58
2020-02-08 22:00:00+00:00,0.0,0.0,0.0,16.08,31.53,3.63,0.0,94.57
2020-02-08 23:00:00+00:00,0.0,0.0,0.0,15.21,32.02,3.51,0.0,94.56
2020-02-09 00:00:00+00:00,0.0,0.0,0.0,14.42,33.24,3.36,0.0,94.57
2020-02-09 01:00:00+00:00,0.0,0.0,0.0,13.67,35.39,3.17,0.0,94.6
2020-02-09 02:00:00+00:00,0.0,0.0,0.0,12.97,38.19,3.04,0.0,94.67
2020-02-09 03:00:00+00:00,6.22,0.68,9.57,12.65,40.27,3.08,0.0,94.75
2020-02-09 04:00:00+00:00,107.2,79.71,94.79,14.24,37.45,4.08,0.0,94.8
2020-02-09 05:00:00+00:00,252.4,129.21,192.5,16.98,32.13,3.99,0.0,94.83
2020-02-09 06:00:00+00:00,412.4,167.84,310.1,20.65,25.11,4.22,0.0,94.84
2020-02-09 07:00:00+00:00,486.83,414.02,219.83,22.53,22.59,4.06,0.0,94.78
2020-02-09 08:00:00+00:00,633.25,209.67,388.83,23.83,21.17,3.55,0.0,94.69
2020-02-09 09:00:00+00:00,733.3,464.82,340.48,24.71,20.31,2.77,0.0,94.6
2020-02-09 10:00:00+00:00,618.58,460.21,255.95,25.14,19.87,1.96,0.0,94.51
2020-02-09 11:00:00+00:00,544.33,403.64,266.03,25.24,19.93,1.49,0.0,94.47
2020-02-09 12:00:00+00:00,332.3,285.17,193.31,24.91,20.37,1.79,0.0,94.47
2020-02-09 13:00:00+00:00,156.43,127.25,117.04,23.53,22.3,2.48,0.0,94.51
2020-02-09 14:00:00+00:00,18.1,0.42,19.89,19.78,27.73,3.25,0.0,94.55
2020-02-09 15:00:00+00:00,0.0,0.0,0.0,18.33,29.66,4.31,0.0,94.63
2020-02-09 16:00:00+00:00,0.0,0.0,0.0,17.07,31.12,4.91,0.0,94.7
2020-02-09 17:00:00+00:00,0.0,0.0,0.0,15.68,32.66,4.83,0.0,94.74
2020-02-09 18:00:00+00:00,0.0,0.0,0.0,14.44,34.08,4.4,0.0,94.74
2020-02-09 19:00:00+00:00,0.0,0.0,0.0,13.39,35.4,3.92,0.0,94.72
2020-02-09 20:00:00+00:00,0.0,0.0,0.0,12.43,36.85,3.52,0.0,94.71
2020-02-09 21:00:00+00:00,0.0,0.0,0.0,11.58,38.52,3.47,0.0,94.7
2020-02-09 22:00:00+00:00,0.0,0.0,0.0,10.7,40.83,3.36,0.0,94.67
2020-02-09 23:00:00+00:00,0.0,0.0,0.0,9.87,43.4,3.22,0.0,94.65
2020-02-10 00:00:00+00:00,0.0,0.0,0.0,9.19,46.22,3.29,0.0,94.67
2020-02-10 01:00:00+00:00,0.0,0.0,0.0,8.6,49.21,3.27,0.0,94.71
2020-02-10 02:00:00+00:00,0.0,0.0,0.0,8.06,52.63,3.07,0.0,94.77
2020-02-10 03:00:00+00:00,6.43,0.0,9.85,7.92,55.0,3.23,0.0,94.81
2020-02-10 04:00:00+00:00,110.03,22.63,98.43,9.48,50.92,4.06,0.0,94.86
2020-02-10 05:00:00+00:00,272.48,114.67,213.57,12.88,40.65,4.72,0.0,94.89
2020-02-10 06:00:00+00:00,432.58,185.38,280.56,15.98,32.25,4.73,0.0,94.88
2020-02-10 07:00:00+00:00,584.6,226.57,363.33,18.04,28.06,3.95,0.0,94.81
2020-02-10 08:00:00+00:00,638.8,404.86,304.84,19.72,25.11,3.3,0.0,94.7
2020-02-10 09:00:00+00:00,652.05,230.31,398.35,20.85,23.26,2.87,0.0,94.59
2020-02-10 10:00:00+00:00,573.7,40.73,459.93,21.36,22.64,2.16,0.0,94.5
2020-02-10 11:00:00+00:00,419.85,139.6,302.65,21.49,22.57,1.44,0.0,94.45
2020-02-10 12:00:00+00:00,260.25,159.74,184.09,21.12,23.2,1.18,0.0,94.43
2020-02-10 13:00:00+00:00,133.77,57.56,113.64,19.95,25.14,1.35,0.0,94.44
2020-02-10 14:00:00+00:00,18.05,0.0,21.29,16.35,31.45,2.53,0.0,94.47
2020-02-10 15:00:00+00:00,0.0,0.0,0.0,15.06,33.82,3.43,0.0,94.51
2020-02-10 16:00:00+00:00,0.0,0.0,0.0,14.22,35.26,4.24,0.0,94.58
2020-02-10 17:00:00+00:00,0.0,0.0,0.0,13.08,37.09,4.49,0.0,94.62
2020-02-10 18:00:00+00:00,0.0,0.0,0.0,11.85,38.91,4.37,0.0,94.64
2020-02-10 19:00:00+00:00,0.0,0.0,0.0,10.72,40.53,4.45,0.0,94.63
2020-02-10 20:00:00+00:00,0.0,0.0,0.0,9.62,42.23,4.63,0.0,94.63
2020-02-10 21:00:00+00:00,0.0,0.0,0.0,8.56,44.55,4.88,0.0,94.65
2020-02-10 22:00:00+00:00,0.0,0.0,0.0,7.52,47.68,4.98,0.0,94.66
2020-02-10 23:00:00+00:00,0.0,0.0,0.0,6.64,50.8,4.89,0.0,94.66
2020-02-11 00:00:00+00:00,0.0,0.0,0.0,5.88,53.23,4.93,0.0,94.69
2020-02-11 01:00:00+00:00,0.0,0.0,0.0,5.1,54.5,4.83,0.0,94.74
2020-02-11 02:00:00+00:00,0.0,0.0,0.0,4.39,54.4,4.55,0.0,94.81
2020-02-11 03:00:00+00:00,5.97,0.0,8.05,4.01,52.75,4.42,0.0,94.89
2020-02-11 04:00:00+00:00,98.7,8.31,93.1,5.25,46.35,5.76,0.0,94.96
2020-02-11 05:00:00+00:00,258.55,84.67,200.82,7.56,41.88,5.67,0.0,95.01
2020-02-11 06:00:00+00:00,452.02,169.89,312.62,10.13,37.92,5.05,0.0,95.05
2020-02-11 07:00:00+00:00,597.65,286.12,324.94,12.4,34.09,4.76,0.0,95.02
2020-02-11 08:00:00+00:00,740.2,361.52,406.9,14.23,31.07,4.68,0.0,94.95
2020-02-11 09:00:00+00:00,654.7,220.65,383.67,15.6,28.93,4.58,0.0,94.85
2020-02-11 10:00:00+00:00,563.4,298.1,282.01,16.44,27.39,4.56,0.0,94.78
2020-02-11 11:00:00+00:00,507.17,261.34,285.37,16.73,26.81,4.72,0.0,94.76
2020-02-11 12:00:00+00:00,332.88,180.67,223.04,16.4,27.06,4.88,0.0,94.77
2020-02-11 13:00:00+00:00,154.55,60.44,129.81,15.33,28.56,4.97,0.0,94.84
2020-02-11 14:00:00+00:00,19.8,0.0,22.27,12.23,34.0,3.38,0.0,94.92
2020-02-11 15:00:00+00:00,0.0,0.0,0.0,10.8,35.18,3.8,0.0,95.0
2020-02-11 16:00:00+00:00,0.0,0.0,0.0,9.99,33.94,4.5,0.0,95.08
2020-02-11 17:00:00+00:00,0.0,0.0,0.0,9.03,32.52,5.27,0.0,95.15
2020-02-11 18:00:00+00:00,0.0,0.0,0.0,7.99,31.79,5.94,0.0,95.21
2020-02-11 19:00:00+00:00,0.0,0.0,0.0,6.86,32.36,5.8,0.0,95.26
2020-02-11 20:00:00+00:00,0.0,0.0,0.0,5.71,33.88,5.14,0.0,95.28
2020-02-11 21:00:00+00:00,0.0,0.0,0.0,4.68,34.79,4.66,0.0,95.3
2020-02-11 22:00:00+00:00,0.0,0.0,0.0,3.76,34.63,4.06,0.0,95.3
2020-02-11 23:00:00+00:00,0.0,0.0,0.0,2.97,33.18,3.64,0.0,95.29
2020-02-12 00:00:00+00:00,0.0,0.0,0.0,2.27,30.84,3.41,0.0,95.29
2020-02-12 01:00:00+00:00,0.0,0.0,0.0,1.59,28.6,3.16,0.0,95.34
2020-02-12 02:00:00+00:00,0.0,0.0,0.0,0.99,26.38,3.18,0.0,95.43
2020-02-12 03:00:00+00:00,8.35,0.54,10.17,0.73,24.05,3.72,0.0,95.5
2020-02-12 04:00:00+00:00,152.7,236.6,98.36,2.32,18.92,5.13,0.0,95.57
2020-02-12 05:00:00+00:00,385.33,514.64,160.05,4.74,16.14,5.45,0.0,95.63
2020-02-12 06:00:00+00:00,601.7,665.05,190.6,7.28,16.1,5.07,0.0,95.67
2020-02-12 07:00:00+00:00,767.03,748.86,212.24,9.78,16.13,4.91,0.0,95.66
2020-02-12 08:00:00+00:00,876.78,915.84,162.27,12.02,15.74,5.06,0.0,95.6
2020-02-12 09:00:00+00:00,886.72,918.23,163.2,13.88,14.79,5.39,0.0,95.52
2020-02-12 10:00:00+00:00,817.75,890.52,162.02,15.1,13.48,5.61,0.0,95.43
2020-02-12 11:00:00+00:00,675.8,857.75,140.97,15.54,12.67,5.84,0.0,95.39
2020-02-12 12:00:00+00:00,474.77,740.83,123.1,15.19,12.51,6.04,0.0,95.38
2020-02-12 13:00:00+00:00,244.43,578.73,86.17,13.85,13.26,5.43,0.0,95.4
2020-02-12 14:00:00+00:00,30.98,90.18,25.7,9.59,17.71,3.57,0.0,95.45
2020-02-12 15:00:00+00:00,0.0,0.0,0.0,7.83,19.24,3.83,0.0,95.51
2020-02-12 16:00:00+00:00,0.0,0.0,0.0,6.74,19.81,3.96,0.0,95.58
2020-02-12 17:00:00+00:00,0.0,0.0,0.0,5.59,20.27,3.9,0.0,95.61
2020-02-12 18:00:00+00:00,0.0,0.0,0.0,4.48,20.45,3.64,0.0,95.61
2020-02-12 19:00:00+00:00,0.0,0.0,0.0,3.42,20.65,3.25,0.0,95.59
2020-02-12 20:00:00+00:00,0.0,0.0,0.0,2.52,20.96,2.91,0.0,95.59
2020-02-12 21:00:00+00:00,0.0,0.0,0.0,1.81,21.17,2.56,0.0,95.58
2020-02-12 22:00:00+00:00,0.0,0.0,0.0,1.42,21.08,2.14,0.0,95.56
2020-02-12 23:00:00+00:00,0.0,0.0,0.0,1.29,20.59,1.72,0.0,95.54
2020-02-13 00:00:00+00:00,0.0,0.0,0.0,1.31,19.88,1.28,0.0,95.53
2020-02-13 01:00:00+00:00,0.0,0.0,0.0,1.34,19.61,0.81,0.0,95.55
2020-02-13 02:00:00+00:00,0.0,0.0,0.0,1.24,19.3,0.55,0.0,95.61
2020-02-13 03:00:00+00:00,10.73,40.35,11.46,1.26,19.52,0.58,0.0,95.67
2020-02-13 04:00:00+00:00,188.98,612.89,59.06,3.32,16.46,0.94,0.0,95.73
2020-02-13 05:00:00+00:00,435.42,857.09,81.73,6.28,13.23,0.92,0.0,95.78
2020-02-13 06:00:00+00:00,524.84,465.24,225.75,9.84,11.91,1.15,0.0,95.79
2020-02-13 07:00:00+00:00,812.4,1028.39,88.44,13.38,12.52,1.42,0.0,95.74
2020-02-13 08:00:00+00:00,887.25,960.82,135.32,15.87,11.67,1.34,0.0,95.64
2020-02-13 09:00:00+00:00,899.17,979.22,128.97,17.09,10.86,1.04,0.0,95.53
2020-02-13 10:00:00+00:00,833.33,967.51,125.45,17.88,10.25,0.81,0.0,95.44
2020-02-13 11:00:00+00:00,691.78,925.91,114.75,18.26,9.93,1.11,0.0,95.36
2020-02-13 12:00:00+00:00,489.73,852.06,94.41,18.07,10.04,1.48,0.0,95.32
2020-02-13 13:00:00+00:00,252.8,685.55,66.36,16.59,12.4,1.47,0.0,95.32
2020-02-13 14:00:00+00:00,34.55,172.03,23.24,12.99,15.96,2.03,0.0,95.34
2020-02-13 15:00:00+00:00,0.0,0.0,0.0,11.22,17.6,2.44,0.0,95.39
2020-02-13 16:00:00+00:00,0.0,0.0,0.0,10.1,19.34,2.56,0.0,95.44
2020-02-13 17:00:00+00:00,0.0,0.0,0.0,9.1,21.22,2.59,0.0,95.45
2020-02-13 18:00:00+00:00,0.0,0.0,0.0,8.12,22.95,2.63,0.0,95.43
2020-02-13 19:00:00+00:00,0.0,0.0,0.0,7.12,24.71,2.79,0.0,95.38
2020-02-13 20:00:00+00:00,0.0,0.0,0.0,6.25,26.06,2.99,0.0,95.33
2020-02-13 21:00:00+00:00,0.0,0.0,0.0,5.57,26.97,3.09,0.0,95.29
2020-02-13 22:00:00+00:00,0.0,0.0,0.0,5.01,27.33,3.13,0.0,95.25
2020-02-13 23:00:00+00:00,0.0,0.0,0.0,4.54,27.15,3.2,0.0,95.23
2020-02-14 00:00:00+00:00,0.0,0.0,0.0,4.15,26.42,3.3,0.0,95.23
2020-02-14 01:00:00+00:00,0.0,0.0,0.0,3.81,25.35,3.4,0.0,95.25
2020-02-14 02:00:00+00:00,0.0,0.0,0.0,3.52,24.33,3.52,0.0,95.31
2020-02-14 03:00:00+00:00,11.77,63.81,10.94,3.83,22.49,3.59,0.0,95.35
2020-02-14 04:00:00+00:00,193.88,655.75,52.44,8.45,15.93,4.17,0.0,95.37
2020-02-14 05:00:00+00:00,438.38,876.79,74.68,11.86,12.46,4.04,0.0,95.37
2020-02-14 06:00:00+00:00,652.62,988.11,81.48,16.67,9.85,3.32,0.0,95.37
2020-02-14 07:00:00+00:00,810.7,1030.27,83.02,20.0,8.9,1.6,0.0,95.33
2020-02-14 08:00:00+00:00,885.97,985.6,115.78,22.07,7.95,0.72,0.0,95.24
2020-02-14 09:00:00+00:00,896.4,993.84,114.77,23.44,7.41,1.45,0.0,95.15
2020-02-14 10:00:00+00:00,830.75,979.67,110.23,24.05,7.19,1.97,0.0,95.07
2020-02-14 11:00:00+00:00,685.78,919.38,110.51,24.11,7.26,2.5,0.0,95.02
2020-02-14 12:00:00+00:00,483.83,831.73,95.01,23.54,7.57,2.95,0.0,94.99
2020-02-14 13:00:00+00:00,248.1,646.03,69.64,20.88,10.56,2.34,0.0,95.0
2020-02-14 14:00:00+00:00,33.7,132.08,24.05,15.98,14.03,3.0,0.0,95.02
2020-02-14 15:00:00+00:00,0.0,0.0,0.0,13.98,15.49,3.29,0.0,95.07
2020-02-14 16:00:00+00:00,0.0,0.0,0.0,12.73,16.81,3.31,0.0,95.11
2020-02-14 17:00:00+00:00,0.0,0.0,0.0,11.64,18.18,3.29,0.0,95.13
2020-02-14 18:00:00+00:00,0.0,0.0,0.0,10.76,19.51,3.22,0.0,95.12
2020-02-14 19:00:00+00:00,0.0,0.0,0.0,10.03,20.48,3.17,0.0,95.1
2020-02-14 20:00:00+00:00,0.0,0.0,0.0,9.38,21.13,3.2,0.0,95.08
2020-02-14 21:00:00+00:00,0.0,0.0,0.0,8.95,21.21,3.18,0.0,95.04
2020-02-14 22:00:00+00:00,0.0,0.0,0.0,8.75,21.08,3.08,0.0,94.99
2020-02-14 23:00:00+00:00,0.0,0.0,0.0,8.62,20.85,2.99,0.0,94.94
2020-02-15 00:00:00+00:00,0.0,0.0,0.0,8.59,20.61,2.91,0.0,94.91
2020-02-15 01:00:00+00:00,0.0,0.0,0.0,8.56,20.52,2.84,0.0,94.92
2020-02-15 02:00:00+00:00,0.0,0.0,0.0,8.47,20.52,2.81,0.0,94.98
2020-02-15 03:00:00+00:00,11.57,40.89,11.95,8.49,20.51,2.84,0.0,95.05
2020-02-15 04:00:00+00:00,188.65,589.68,60.09,12.24,16.61,2.82,0.0,95.12
2020-02-15 05:00:00+00:00,428.9,839.15,82.22,15.8,12.68,3.43,0.0,95.16
2020-02-15 06:00:00+00:00,641.5,924.69,96.66,19.73,11.03,1.13,0.0,95.16
2020-02-15 07:00:00+00:00,800.42,978.51,104.01,22.89,10.94,1.73,0.0,95.1
2020-02-15 08:00:00+00:00,872.22,905.73,153.36,24.4,10.22,2.31,0.0,94.99
2020-02-15 09:00:00+00:00,885.08,911.58,154.2,25.31,9.58,2.8,0.0,94.86
2020-02-15 10:00:00+00:00,816.42,877.3,161.07,25.76,9.18,3.35,0.0,94.77
2020-02-15 11:00:00+00:00,674.7,829.46,144.44,25.68,9.08,3.75,0.0,94.71
2020-02-15 12:00:00+00:00,471.88,705.04,134.09,24.97,9.37,4.11,0.0,94.7
2020-02-15 13:00:00+00:00,238.82,539.01,89.55,22.54,11.41,3.34,0.0,94.73
2020-02-15 14:00:00+00:00,32.03,72.48,27.81,17.31,15.94,3.53,0.0,94.79
2020-02-15 15:00:00+00:00,0.0,0.0,0.0,15.51,17.54,3.85,0.0,94.86
2020-02-15 16:00:00+00:00,0.0,0.0,0.0,14.47,18.49,3.96,0.0,94.93
2020-02-15 17:00:00+00:00,0.0,0.0,0.0,13.45,19.57,3.96,0.0,94.95
2020-02-15 18:00:00+00:00,0.0,0.0,0.0,12.43,20.91,3.93,0.0,94.93
2020-02-15 19:00:00+00:00,0.0,0.0,0.0,11.48,22.15,3.9,0.0,94.91
2020-02-15 20:00:00+00:00,0.0,0.0,0.0,10.68,23.23,3.9,0.0,94.85
2020-02-15 21:00:00+00:00,0.0,0.0,0.0,10.0,24.42,3.91,0.0,94.8
2020-02-15 22:00:00+00:00,0.0,0.0,0.0,9.42,25.5,3.89,0.0,94.75
2020-02-15 23:00:00+00:00,0.0,0.0,0.0,8.99,26.51,3.89,0.0,94.72
2020-02-16 00:00:00+00:00,0.0,0.0,0.0,8.69,27.18,3.94,0.0,94.71
2020-02-16 01:00:00+00:00,0.0,0.0,0.0,8.55,27.58,4.04,0.0,94.72
2020-02-16 02:00:00+00:00,0.0,0.0,0.0,8.51,27.54,4.09,0.0,94.77
2020-02-16 03:00:00+00:00,10.88,15.21,13.15,9.25,25.95,4.01,0.0,94.83
2020-02-16 04:00:00+00:00,171.02,423.0,75.85,12.9,20.17,5.13,0.0,94.9
2020-02-16 05:00:00+00:00,397.62,651.54,121.76,16.03,16.48,4.69,0.0,94.93
2020-02-16 06:00:00+00:00,606.47,765.63,146.87,20.3,12.53,6.86,0.0,94.9
2020-02-16 07:00:00+00:00,768.53,844.0,165.51,22.61,9.82,7.3,0.0,94.83
2020-02-16 08:00:00+00:00,840.03,783.91,215.37,24.32,7.7,7.21,0.0,94.73
2020-02-16 09:00:00+00:00,858.75,835.23,181.18,25.62,6.24,7.37,0.0,94.6
2020-02-16 10:00:00+00:00,789.15,856.85,174.72,26.29,5.59,7.49,0.0,94.49
2020-02-16 11:00:00+00:00,633.6,629.24,224.99,26.21,5.52,7.36,0.0,94.43
2020-02-16 12:00:00+00:00,435.77,598.7,163.26,25.39,5.98,7.14,0.0,94.41
2020-02-16 13:00:00+00:00,220.75,386.66,113.4,23.38,7.01,5.64,0.0,94.42
2020-02-16 14:00:00+00:00,30.6,40.51,31.55,20.07,8.78,4.73,0.0,94.45
2020-02-16 15:00:00+00:00,0.0,0.0,0.0,19.14,9.17,5.52,0.0,94.49
2020-02-16 16:00:00+00:00,0.0,0.0,0.0,18.41,9.82,5.84,0.0,94.52
2020-02-16 17:00:00+00:00,0.0,0.0,0.0,17.48,10.87,5.96,0.0,94.53
2020-02-16 18:00:00+00:00,0.0,0.0,0.0,16.19,12.2,5.91,0.0,94.49
2020-02-16 19:00:00+00:00,0.0,0.0,0.0,15.29,13.35,6.1,0.0,94.44
2020-02-16 20:00:00+00:00,0.0,0.0,0.0,14.8,13.96,6.1,0.0,94.41
2020-02-16 21:00:00+00:00,0.0,0.0,0.0,14.72,14.03,5.79,0.0,94.4
2020-02-16 22:00:00+00:00,0.0,0.0,0.0,14.9,13.69,5.4,0.0,94.39
2020-02-16 23:00:00+00:00,0.0,0.0,0.0,14.99,13.52,4.96,0.0,94.38
2020-02-17 00:00:00+00:00,0.0,0.0,0.0,15.05,13.38,4.6,0.0,94.37
2020-02-17 01:00:00+00:00,0.0,0.0,0.0,14.84,13.47,4.09,0.0,94.39
2020-02-17 02:00:00+00:00,0.0,0.0,0.0,14.57,13.71,3.73,0.0,94.44
2020-02-17 03:00:00+00:00,10.35,0.72,14.47,14.97,13.19,4.19,0.0,94.5
2020-02-17 04:00:00+00:00,139.85,133.14,111.08,16.4,11.8,4.92,0.0,94.55
2020-02-17 05:00:00+00:00,326.4,248.7,230.9,18.66,10.38,4.57,0.0,94.58
2020-02-17 06:00:00+00:00,533.0,276.72,332.85,22.11,8.73,5.57,0.0,94.59
2020-02-17 07:00:00+00:00,682.15,447.18,380.72,25.42,8.04,5.83,0.0,94.55
2020-02-17 08:00:00+00:00,794.28,894.19,418.94,27.8,8.68,5.47,0.0,94.46
2020-02-17 09:00:00+00:00,806.3,546.26,376.9,29.19,9.75,5.02,0.0,94.37
2020-02-17 10:00:00+00:00,748.25,514.33,341.29,29.93,10.3,4.68,0.0,94.3
2020-02-17 11:00:00+00:00,614.42,523.36,265.69,30.07,10.5,4.53,0.0,94.27
2020-02-17 12:00:00+00:00,425.0,402.55,233.0,29.48,10.76,4.38,0.0,94.28
2020-02-17 13:00:00+00:00,213.82,241.3,152.43,27.0,12.39,3.1,0.0,94.32
2020-02-17 14:00:00+00:00,30.45,21.49,31.03,22.31,15.12,3.62,0.0,94.39
2020-02-17 15:00:00+00:00,0.0,0.0,0.0,20.49,15.09,4.09,0.0,94.47
2020-02-17 16:00:00+00:00,0.0,0.0,0.0,19.61,14.42,4.71,0.0,94.52
2020-02-17 17:00:00+00:00,0.0,0.0,0.0,18.96,14.26,5.1,0.0,94.53
2020-02-17 18:00:00+00:00,0.0,0.0,0.0,18.19,14.6,4.96,0.0,94.52
2020-02-17 19:00:00+00:00,0.0,0.0,0.0,17.39,15.05,4.79,0.0,94.51
2020-02-17 20:00:00+00:00,0.0,0.0,0.0,16.7,15.48,4.6,0.0,94.5
2020-02-17 21:00:00+00:00,0.0,0.0,0.0,16.24,15.93,4.56,0.0,94.47
2020-02-17 22:00:00+00:00,0.0,0.0,0.0,15.73,16.8,4.46,0.0,94.46
2020-02-17 23:00:00+00:00,0.0,0.0,0.0,15.19,17.92,4.22,0.0,94.46
2020-02-18 00:00:00+00:00,0.0,0.0,0.0,14.74,19.08,4.04,0.0,94.47
2020-02-18 01:00:00+00:00,0.0,0.0,0.0,14.29,20.21,3.83,0.0,94.5
2020-02-18 02:00:00+00:00,0.0,0.0,0.0,13.91,21.1,3.67,0.0,94.55
2020-02-18 03:00:00+00:00,10.57,0.0,11.32,14.05,21.12,3.74,0.0,94.62
2020-02-18 04:00:00+00:00,122.03,6.97,104.82,16.1,18.6,4.8,0.0,94.69
2020-02-18 05:00:00+00:00,290.95,27.17,249.51,18.69,15.87,4.25,0.0,94.75
2020-02-18 06:00:00+00:00,448.75,57.01,369.56,22.74,12.26,6.83,0.0,94.78
2020-02-18 07:00:00+00:00,624.42,265.76,384.39,25.46,10.09,7.56,0.0,94.75
2020-02-18 08:00:00+00:00,691.45,244.43,423.84,27.18,8.9,7.24,0.0,94.68
2020-02-18 09:00:00+00:00,713.8,329.63,373.41,28.48,8.12,7.18,0.0,94.58
2020-02-18 10:00:00+00:00,709.38,458.15,319.0,29.26,7.79,7.33,0.0,94.48
2020-02-18 11:00:00+00:00,555.33,327.39,281.87,29.49,7.83,7.38,0.0,94.42
2020-02-18 12:00:00+00:00,369.95,302.2,216.52,28.96,8.3,7.33,0.0,94.42
2020-02-18 13:00:00+00:00,186.82,113.38,150.42,27.13,9.7,6.18,0.0,94.44
2020-02-18 14:00:00+00:00,28.17,4.86,30.41,22.9,13.46,4.87,0.0,94.47
2020-02-18 15:00:00+00:00,0.0,0.0,0.0,21.4,15.88,5.52,0.0,94.52
2020-02-18 16:00:00+00:00,0.0,0.0,0.0,20.64,17.96,6.09,0.0,94.57
2020-02-18 17:00:00+00:00,0.0,0.0,0.0,19.82,20.14,6.46,0.0,94.59
2020-02-18 18:00:00+00:00,0.0,0.0,0.0,19.05,21.89,6.76,0.0,94.59
2020-02-18 19:00:00+00:00,0.0,0.0,0.0,18.35,23.0,7.03,0.0,94.54
2020-02-18 20:00:00+00:00,0.0,0.0,0.0,17.73,23.6,7.16,0.0,94.49
2020-02-18 21:00:00+00:00,0.0,0.0,0.0,17.18,24.35,7.19,0.0,94.44
2020-02-18 22:00:00+00:00,0.0,0.0,0.0,16.68,25.44,7.06,0.0,94.42
2020-02-18 23:00:00+00:00,0.0,0.0,0.0,16.17,26.77,6.83,0.0,94.4
2020-02-19 00:00:00+00:00,0.0,0.0,0.0,15.75,27.92,6.61,0.0,94.4
2020-02-19 01:00:00+00:00,0.0,0.0,0.0,15.48,28.59,6.28,0.0,94.42
2020-02-19 02:00:00+00:00,0.0,0.0,0.0,15.11,29.38,5.71,0.0,94.46
2020-02-19 03:00:00+00:00,11.62,1.68,14.47,14.98,29.72,5.54,0.0,94.5
2020-02-19 04:00:00+00:00,158.0,229.46,101.74,16.99,26.23,6.01,0.0,94.53
2020-02-19 05:00:00+00:00,376.33,434.57,184.06,20.14,21.79,5.06,0.0,94.55
2020-02-19 06:00:00+00:00,586.6,623.62,198.92,24.83,16.96,7.77,0.0,94.52
2020-02-19 07:00:00+00:00,745.6,687.78,219.6,27.8,13.58,8.45,0.0,94.44
2020-02-19 08:00:00+00:00,858.12,827.54,180.35,29.75,10.85,8.29,0.0,94.33
2020-02-19 09:00:00+00:00,851.0,791.02,212.73,31.09,9.07,8.3,0.0,94.21
2020-02-19 10:00:00+00:00,753.0,630.16,268.48,31.89,8.11,8.43,0.0,94.09
2020-02-19 11:00:00+00:00,567.03,455.7,271.67,32.07,7.83,8.48,0.0,94.03
2020-02-19 12:00:00+00:00,370.58,270.1,236.93,31.5,8.02,8.37,0.0,93.98
2020-02-19 13:00:00+00:00,188.43,107.9,145.07,29.46,9.2,6.62,0.0,93.97
2020-02-19 14:00:00+00:00,27.35,8.63,28.59,24.83,12.59,4.93,0.0,93.98
2020-02-19 15:00:00+00:00,0.0,0.0,0.0,23.66,13.92,6.01,0.0,94.0
2020-02-19 16:00:00+00:00,0.0,0.0,0.0,22.87,15.15,6.82,0.0,94.0
2020-02-19 17:00:00+00:00,0.0,0.0,0.0,21.65,16.84,6.34,0.0,94.03
2020-02-19 18:00:00+00:00,0.0,0.0,0.0,20.74,18.2,5.29,0.0,94.12
2020-02-19 19:00:00+00:00,0.0,0.0,0.0,20.5,18.58,6.17,0.0,94.08
2020-02-19 20:00:00+00:00,0.0,0.0,0.0,20.13,19.07,7.13,0.0,94.03
2020-02-19 21:00:00+00:00,0.0,0.0,0.0,19.66,19.36,6.67,0.0,93.99
2020-02-19 22:00:00+00:00,0.0,0.0,0.0,18.87,19.58,5.49,0.0,94.02
2020-02-19 23:00:00+00:00,0.0,0.0,0.0,18.07,19.86,4.93,0.0,94.02
2020-02-20 00:00:00+00:00,0.0,0.0,0.0,17.87,23.06,5.01,0.0,94.02
2020-02-20 01:00:00+00:00,0.0,0.0,0.0,17.74,38.66,4.94,0.0,94.06
2020-02-20 02:00:00+00:00,0.0,0.0,0.0,17.38,56.43,4.31,0.0,94.11
2020-02-20 03:00:00+00:00,9.93,0.0,12.37,17.82,56.18,5.41,0.0,94.17
2020-02-20 04:00:00+00:00,102.65,51.18,89.19,19.5,40.21,8.55,0.0,94.26
2020-02-20 05:00:00+00:00,225.57,155.82,157.72,20.22,31.12,9.95,0.0,94.35
2020-02-20 06:00:00+00:00,347.98,136.43,241.27,21.09,28.13,9.62,0.0,94.41
2020-02-20 07:00:00+00:00,576.08,274.67,329.79,22.24,25.15,9.36,0.0,94.42
2020-02-20 08:00:00+00:00,673.22,291.2,373.46,23.2,22.44,9.11,0.0,94.36
2020-02-20 09:00:00+00:00,721.15,320.56,386.45,23.96,20.41,8.58,0.0,94.29
2020-02-20 10:00:00+00:00,688.85,360.04,361.19,24.34,19.05,7.96,0.0,94.23
2020-02-20 11:00:00+00:00,530.47,283.93,294.44,24.27,18.03,7.57,0.0,94.21
2020-02-20 12:00:00+00:00,373.17,233.49,243.11,23.61,17.73,7.21,0.0,94.24
2020-02-20 13:00:00+00:00,190.05,129.02,144.71,22.27,18.68,6.53,0.0,94.28
2020-02-20 14:00:00+00:00,29.15,2.33,30.61,19.05,23.14,4.43,0.0,94.36
2020-02-20 15:00:00+00:00,0.0,0.0,0.0,17.46,26.73,4.92,0.0,94.45
2020-02-20 16:00:00+00:00,0.0,0.0,0.0,16.58,29.41,5.54,0.0,94.53
2020-02-20 17:00:00+00:00,0.0,0.0,0.0,15.38,32.46,5.49,0.0,94.59
2020-02-20 18:00:00+00:00,0.0,0.0,0.0,14.24,35.61,5.19,0.0,94.63
2020-02-20 19:00:00+00:00,0.0,0.0,0.0,13.34,38.55,4.77,0.0,94.64
2020-02-20 20:00:00+00:00,0.0,0.0,0.0,12.55,41.63,4.31,0.0,94.62
2020-02-20 21:00:00+00:00,0.0,0.0,0.0,11.8,44.93,3.87,0.0,94.6
2020-02-20 22:00:00+00:00,0.0,0.0,0.0,11.07,48.06,3.56,0.0,94.57
2020-02-20 23:00:00+00:00,0.0,0.0,0.0,10.45,50.55,3.41,0.0,94.56
2020-02-21 00:00:00+00:00,0.0,0.0,0.0,9.88,52.64,3.35,0.0,94.56
2020-02-21 01:00:00+00:00,0.0,0.0,0.0,9.38,54.33,3.34,0.0,94.59
2020-02-21 02:00:00+00:00,0.0,0.0,0.0,8.9,55.75,3.3,0.0,94.64
2020-02-21 03:00:00+00:00,12.57,0.5,14.39,9.25,53.97,3.38,0.0,94.7
2020-02-21 04:00:00+00:00,159.12,161.67,109.94,12.13,44.36,4.59,0.0,94.77
2020-02-21 05:00:00+00:00,375.67,355.61,203.54,15.55,35.71,4.29,0.0,94.82
2020-02-21 06:00:00+00:00,588.12,496.77,250.01,18.46,29.4,4.4,0.0,94.81
2020-02-21 07:00:00+00:00,744.83,556.99,285.35,20.15,25.36,3.4,0.0,94.77
2020-02-21 08:00:00+00:00,849.67,683.52,271.94,21.56,22.17,2.38,0.0,94.67
2020-02-21 09:00:00+00:00,853.97,687.95,262.09,22.65,19.85,1.59,0.0,94.59
2020-02-21 10:00:00+00:00,781.15,638.15,265.37,23.37,18.36,1.09,0.0,94.51
2020-02-21 11:00:00+00:00,618.1,507.92,262.18,23.75,17.52,1.14,0.0,94.47
2020-02-21 12:00:00+00:00,418.27,399.29,206.83,23.65,17.47,1.45,0.0,94.46
2020-02-21 13:00:00+00:00,205.55,203.47,138.91,22.84,18.35,1.35,0.0,94.49
2020-02-21 14:00:00+00:00,30.3,5.24,30.63,20.35,21.64,1.25,0.0,94.55
2020-02-21 15:00:00+00:00,0.0,0.0,0.0,18.22,24.51,2.11,0.0,94.61
2020-02-21 16:00:00+00:00,0.0,0.0,0.0,16.58,27.12,2.78,0.0,94.66
2020-02-21 17:00:00+00:00,0.0,0.0,0.0,15.49,29.25,3.21,0.0,94.67
2020-02-21 18:00:00+00:00,0.0,0.0,0.0,14.72,31.18,3.4,0.0,94.65
2020-02-21 19:00:00+00:00,0.0,0.0,0.0,14.11,32.99,3.39,0.0,94.62
2020-02-21 20:00:00+00:00,0.0,0.0,0.0,13.45,35.02,3.23,0.0,94.62
2020-02-21 21:00:00+00:00,0.0,0.0,0.0,12.68,37.55,3.08,0.0,94.61
2020-02-21 22:00:00+00:00,0.0,0.0,0.0,12.05,39.89,2.93,0.0,94.6
2020-02-21 23:00:00+00:00,0.0,0.0,0.0,11.55,42.11,2.83,0.0,94.58
2020-02-22 00:00:00+00:00,0.0,0.0,0.0,11.27,43.58,2.77,0.0,94.59
2020-02-22 01:00:00+00:00,0.0,0.0,0.0,10.86,45.5,2.77,0.0,94.62
2020-02-22 02:00:00+00:00,0.0,0.0,0.0,10.58,46.97,2.83,0.0,94.67
2020-02-22 03:00:00+00:00,12.15,0.0,13.3,11.07,45.96,2.84,0.0,94.74
2020-02-22 04:00:00+00:00,145.32,82.1,108.58,14.09,38.18,4.21,0.0,94.78
2020-02-22 05:00:00+00:00,345.5,233.8,223.01,16.99,32.19,4.43,0.0,94.83
2020-02-22 06:00:00+00:00,561.71,466.11,241.58,21.31,23.99,6.65,0.0,94.84
2020-02-22 07:00:00+00:00,719.25,463.76,317.36,23.76,20.41,6.87,0.0,94.8
2020-02-22 08:00:00+00:00,828.35,571.68,316.24,25.64,18.55,6.69,0.0,94.74
2020-02-22 09:00:00+00:00,838.67,575.64,315.29,26.96,17.74,6.33,0.0,94.65
2020-02-22 10:00:00+00:00,769.03,528.82,321.09,27.81,17.83,5.85,0.0,94.56
2020-02-22 11:00:00+00:00,622.75,469.18,272.55,28.12,18.42,5.43,0.0,94.51
2020-02-22 12:00:00+00:00,421.77,342.14,228.93,27.77,19.48,5.08,0.0,94.5
2020-02-22 13:00:00+00:00,208.0,174.73,140.73,26.09,21.82,3.9,0.0,94.53
2020-02-22 14:00:00+00:00,31.65,3.05,29.25,22.02,27.48,3.86,0.0,94.59
2020-02-22 15:00:00+00:00,0.0,0.0,0.0,20.95,28.26,5.31,0.0,94.65
2020-02-22 16:00:00+00:00,0.0,0.0,0.0,20.26,28.68,6.22,0.0,94.71
2020-02-22 17:00:00+00:00,0.0,0.0,0.0,19.28,30.56,6.27,0.0,94.74
2020-02-22 18:00:00+00:00,0.0,0.0,0.0,18.3,32.92,6.14,0.0,94.75
2020-02-22 19:00:00+00:00,0.0,0.0,0.0,17.31,35.49,5.83,0.0,94.72
2020-02-22 20:00:00+00:00,0.0,0.0,0.0,16.36,38.17,5.31,0.0,94.69
2020-02-22 21:00:00+00:00,0.0,0.0,0.0,15.54,40.9,4.69,0.0,94.67
2020-02-22 22:00:00+00:00,0.0,0.0,0.0,14.78,43.84,3.87,0.0,94.65
2020-02-22 23:00:00+00:00,0.0,0.0,0.0,14.29,45.99,3.53,0.0,94.63
2020-02-23 00:00:00+00:00,0.0,0.0,0.0,13.87,48.11,3.4,0.0,94.62
2020-02-23 01:00:00+00:00,0.0,0.0,0.0,13.39,50.44,3.16,0.0,94.65
2020-02-23 02:00:00+00:00,0.0,0.0,0.0,13.04,52.34,2.98,0.0,94.7
2020-02-23 03:00:00+00:00,12.93,0.0,16.83,13.55,51.34,2.99,0.0,94.76
2020-02-23 04:00:00+00:00,137.77,40.53,118.64,15.78,44.9,3.99,0.0,94.82
2020-02-23 05:00:00+00:00,328.25,171.91,238.24,18.43,38.55,3.69,0.0,94.87
2020-02-23 06:00:00+00:00,536.3,305.91,306.72,22.54,30.37,5.3,0.0,94.89
2020-02-23 07:00:00+00:00,703.05,405.53,351.02,25.75,24.99,5.67,0.0,94.85
2020-02-23 08:00:00+00:00,740.53,349.21,395.09,27.75,22.32,5.43,0.0,94.75
2020-02-23 09:00:00+00:00,756.0,357.9,393.9,28.93,21.12,5.28,0.0,94.64
2020-02-23 10:00:00+00:00,746.85,507.42,330.4,29.56,20.85,5.12,0.0,94.55
2020-02-23 11:00:00+00:00,510.77,117.3,365.47,29.68,21.32,4.74,0.0,94.51
2020-02-23 12:00:00+00:00,346.15,142.44,254.9,29.24,22.42,4.33,0.0,94.5
2020-02-23 13:00:00+00:00,184.55,118.69,144.91,27.65,24.96,3.4,0.0,94.52
2020-02-23 14:00:00+00:00,30.77,4.92,32.61,23.6,31.75,3.34,0.0,94.56
2020-02-23 15:00:00+00:00,0.0,0.0,0.0,22.22,34.14,4.03,0.0,94.61
2020-02-23 16:00:00+00:00,0.0,0.0,0.0,21.73,34.72,4.64,0.0,94.64
2020-02-23 17:00:00+00:00,0.0,0.0,0.0,21.17,35.7,5.0,0.0,94.64
2020-02-23 18:00:00+00:00,0.0,0.0,0.0,20.58,37.13,5.16,0.0,94.62
2020-02-23 19:00:00+00:00,0.0,0.0,0.0,19.97,39.25,5.04,0.0,94.58
2020-02-23 20:00:00+00:00,0.0,0.0,0.0,19.39,42.21,4.79,0.0,94.53
2020-02-23 21:00:00+00:00,0.0,0.0,0.0,18.56,47.26,4.35,0.0,94.49
2020-02-23 22:00:00+00:00,0.0,0.0,0.0,17.9,53.35,4.18,0.0,94.46
2020-02-23 23:00:00+00:00,0.0,0.0,0.0,17.32,59.28,3.82,0.0,94.43
2020-02-24 00:00:00+00:00,0.0,0.0,0.0,16.92,64.0,3.41,0.0,94.43
2020-02-24 01:00:00+00:00,0.0,0.0,0.0,16.66,67.54,3.22,0.0,94.46
2020-02-24 02:00:00+00:00,0.0,0.0,0.0,16.23,71.32,3.12,0.0,94.51
2020-02-24 03:00:00+00:00,14.55,0.5,18.92,16.51,71.31,4.02,0.0,94.57
2020-02-24 04:00:00+00:00,146.32,75.17,123.85,18.08,65.17,5.11,0.0,94.6
2020-02-24 05:00:00+00:00,320.62,151.75,237.88,20.67,56.09,5.89,0.0,94.62
2020-02-24 06:00:00+00:00,497.27,195.88,325.84,23.87,45.5,7.87,0.0,94.6
2020-02-24 07:00:00+00:00,658.78,273.57,418.72,26.9,35.06,8.72,0.0,94.56
2020-02-24 08:00:00+00:00,748.7,376.59,419.32,29.06,29.05,8.6,0.0,94.48
2020-02-24 09:00:00+00:00,828.25,586.55,335.54,30.55,25.51,8.43,0.0,94.38
2020-02-24 10:00:00+00:00,644.42,218.69,404.94,31.67,22.62,8.38,0.0,94.28
2020-02-24 11:00:00+00:00,550.33,304.2,319.46,32.19,20.48,8.47,0.0,94.21
2020-02-24 12:00:00+00:00,388.3,253.22,247.93,31.78,19.51,8.45,0.0,94.17
2020-02-24 13:00:00+00:00,205.6,179.01,154.0,30.29,20.2,7.2,0.0,94.17
2020-02-24 14:00:00+00:00,35.55,13.87,38.7,26.05,25.19,4.78,0.0,94.21
2020-02-24 15:00:00+00:00,0.0,0.0,0.0,24.46,26.77,5.17,0.0,94.25
2020-02-24 16:00:00+00:00,0.0,0.0,0.0,23.77,26.89,5.6,0.0,94.29
2020-02-24 17:00:00+00:00,0.0,0.0,0.0,22.64,27.86,5.66,0.0,94.31
2020-02-24 18:00:00+00:00,0.0,0.0,0.0,21.37,29.15,5.64,0.0,94.28
2020-02-24 19:00:00+00:00,0.0,0.0,0.0,20.46,29.63,5.71,0.0,94.24
2020-02-24 20:00:00+00:00,0.0,0.0,0.0,19.69,29.81,5.63,0.0,94.19
2020-02-24 21:00:00+00:00,0.0,0.0,0.0,19.01,30.06,5.69,0.0,94.14
2020-02-24 22:00:00+00:00,0.0,0.0,0.0,18.49,30.46,5.76,0.0,94.08
2020-02-24 23:00:00+00:00,0.0,0.0,0.0,17.97,31.17,5.49,0.0,94.05
2020-02-25 00:00:00+00:00,0.0,0.0,0.0,17.22,32.3,4.72,0.0,94.05
2020-02-25 01:00:00+00:00,0.0,0.0,0.0,16.45,33.69,3.99,0.0,94.07
2020-02-25 02:00:00+00:00,0.0,0.0,0.0,15.8,34.71,3.61,0.0,94.12
2020-02-25 03:00:00+00:00,17.15,11.55,20.76,15.78,34.36,3.91,0.0,94.19
2020-02-25 04:00:00+00:00,181.77,203.66,124.99,18.83,28.22,5.33,0.0,94.26
2020-02-25 05:00:00+00:00,387.55,290.07,253.81,22.31,22.82,5.22,0.0,94.26
2020-02-25 06:00:00+00:00,580.42,347.63,363.26,26.9,17.25,8.06,0.0,94.21
2020-02-25 07:00:00+00:00,774.42,672.21,273.92,30.63,13.17,10.05,0.0,94.12
2020-02-25 08:00:00+00:00,791.38,467.54,361.31,32.74,10.76,10.59,0.0,94.0
2020-02-25 09:00:00+00:00,706.42,358.86,391.78,33.83,10.42,10.31,0.0,93.9
2020-02-25 10:00:00+00:00,606.45,186.21,397.46,34.2,11.96,9.74,0.0,93.8
2020-02-25 11:00:00+00:00,429.65,54.47,333.13,33.89,14.28,9.3,0.0,93.73
2020-02-25 12:00:00+00:00,251.95,32.14,208.26,33.13,16.64,8.71,0.0,93.7
2020-02-25 13:00:00+00:00,112.8,12.83,97.0,31.75,18.81,6.56,0.0,93.71
2020-02-25 14:00:00+00:00,16.38,0.0,15.98,28.29,22.76,3.99,0.0,93.76
2020-02-25 15:00:00+00:00,0.0,0.0,0.0,26.94,23.67,3.85,0.0,93.8
2020-02-25 16:00:00+00:00,0.0,0.0,0.0,26.44,23.74,4.23,0.0,93.84
2020-02-25 17:00:00+00:00,0.0,0.0,0.0,26.22,27.89,6.36,0.0,93.91
2020-02-25 18:00:00+00:00,0.0,0.0,0.0,25.07,38.98,8.92,0.0,94.02
2020-02-25 19:00:00+00:00,0.0,0.0,0.0,23.78,39.49,10.48,0.0,94.08
2020-02-25 20:00:00+00:00,0.0,0.0,0.0,22.54,23.19,11.56,0.0,94.12
2020-02-25 21:00:00+00:00,0.0,0.0,0.0,20.37,15.22,10.91,0.0,94.18
2020-02-25 22:00:00+00:00,0.0,0.0,0.0,18.73,15.19,9.5,0.0,94.23
2020-02-25 23:00:00+00:00,0.0,0.0,0.0,17.58,18.07,9.15,0.0,94.29
2020-02-26 00:00:00+00:00,0.0,0.0,0.0,16.23,24.28,9.09,0.0,94.35
2020-02-26 01:00:00+00:00,0.0,0.0,0.0,14.82,30.28,8.29,0.0,94.43
2020-02-26 02:00:00+00:00,0.0,0.0,0.0,13.61,34.72,7.6,0.0,94.53
2020-02-26 03:00:00+00:00,16.8,0.44,17.87,13.12,37.69,7.37,0.0,94.61
2020-02-26 04:00:00+00:00,187.1,215.05,119.35,14.48,38.84,8.75,0.0,94.68
2020-02-26 05:00:00+00:00,429.88,477.94,188.29,16.48,36.77,9.65,0.0,94.74
2020-02-26 06:00:00+00:00,658.0,645.33,225.21,18.65,30.31,9.44,0.0,94.77
2020-02-26 07:00:00+00:00,825.28,745.39,234.65,20.61,25.15,8.89,0.0,94.75
2020-02-26 08:00:00+00:00,922.58,813.47,224.99,22.22,21.93,8.18,0.0,94.72
2020-02-26 09:00:00+00:00,932.85,836.03,213.8,23.41,20.07,7.56,0.0,94.65
2020-02-26 10:00:00+00:00,858.25,819.73,198.95,24.11,18.88,6.92,0.0,94.6
2020-02-26 11:00:00+00:00,711.03,765.02,187.22,24.29,18.17,6.33,0.0,94.57
2020-02-26 12:00:00+00:00,504.45,670.28,156.59,23.85,18.15,5.85,0.0,94.58
2020-02-26 13:00:00+00:00,262.5,461.11,114.28,22.72,19.17,5.25,0.0,94.62
2020-02-26 14:00:00+00:00,45.55,71.38,36.98,19.01,24.52,3.23,0.0,94.7
2020-02-26 15:00:00+00:00,0.0,0.0,0.0,16.9,28.73,3.34,0.0,94.78
2020-02-26 16:00:00+00:00,0.0,0.0,0.0,15.99,31.14,3.47,0.0,94.85
2020-02-26 17:00:00+00:00,0.0,0.0,0.0,15.12,33.65,3.55,0.0,94.9
2020-02-26 18:00:00+00:00,0.0,0.0,0.0,14.25,36.07,3.56,0.0,94.93
2020-02-26 19:00:00+00:00,0.0,0.0,0.0,13.4,38.42,3.47,0.0,94.94
2020-02-26 20:00:00+00:00,0.0,0.0,0.0,12.61,40.67,3.34,0.0,94.94
2020-02-26 21:00:00+00:00,0.0,0.0,0.0,11.85,43.07,3.18,0.0,94.92
2020-02-26 22:00:00+00:00,0.0,0.0,0.0,11.1,45.83,3.0,0.0,94.89
2020-02-26 23:00:00+00:00,0.0,0.0,0.0,10.45,48.57,2.84,0.0,94.88
2020-02-27 00:00:00+00:00,0.0,0.0,0.0,9.89,51.41,2.81,0.0,94.88
2020-02-27 01:00:00+00:00,0.0,0.0,0.0,9.41,54.27,2.88,0.0,94.9
2020-02-27 02:00:00+00:00,0.0,0.0,0.0,8.98,57.36,2.98,0.0,94.96
2020-02-27 03:00:00+00:00,20.55,15.21,20.84,9.57,56.57,3.13,0.0,95.04
2020-02-27 04:00:00+00:00,210.18,393.91,99.33,12.36,48.09,4.21,0.0,95.11
2020-02-27 05:00:00+00:00,452.1,633.81,146.45,16.1,38.33,4.09,0.0,95.15
2020-02-27 06:00:00+00:00,670.7,745.1,183.55,18.94,31.42,4.06,0.0,95.15
2020-02-27 07:00:00+00:00,821.6,774.97,216.64,20.96,26.48,4.16,0.0,95.1
2020-02-27 08:00:00+00:00,880.53,658.99,298.74,22.61,22.76,4.43,0.0,95.01
2020-02-27 09:00:00+00:00,897.88,676.8,284.47,23.85,19.81,4.67,0.0,94.91
2020-02-27 10:00:00+00:00,827.1,645.02,281.29,24.63,17.66,4.99,0.0,94.82
2020-02-27 11:00:00+00:00,674.67,578.78,258.54,24.88,16.52,5.3,0.0,94.76
2020-02-27 12:00:00+00:00,466.33,463.2,212.95,24.49,16.26,5.44,0.0,94.74
2020-02-27 13:00:00+00:00,231.88,253.01,145.2,23.33,17.02,5.01,0.0,94.75
2020-02-27 14:00:00+00:00,39.4,12.01,35.89,19.02,22.18,3.21,0.0,94.77
2020-02-27 15:00:00+00:00,0.0,0.0,0.0,16.74,25.61,3.39,0.0,94.81
2020-02-27 16:00:00+00:00,0.0,0.0,0.0,15.65,27.55,3.4,0.0,94.86
2020-02-27 17:00:00+00:00,0.0,0.0,0.0,14.55,29.58,3.37,0.0,94.88
2020-02-27 18:00:00+00:00,0.0,0.0,0.0,13.44,31.6,3.26,0.0,94.88
2020-02-27 19:00:00+00:00,0.0,0.0,0.0,12.39,33.52,3.11,0.0,94.86
2020-02-27 20:00:00+00:00,0.0,0.0,0.0,11.52,34.93,2.91,0.0,94.83
2020-02-27 21:00:00+00:00,0.0,0.0,0.0,10.95,35.57,2.64,0.0,94.79
2020-02-27 22:00:00+00:00,0.0,0.0,0.0,10.67,35.63,2.36,0.0,94.74
2020-02-27 23:00:00+00:00,0.0,0.0,0.0,10.51,35.4,2.1,0.0,94.71
2020-02-28 00:00:00+00:00,0.0,0.0,0.0,10.49,34.85,1.81,0.0,94.7
2020-02-28 01:00:00+00:00,0.0,0.0,0.0,10.49,34.5,1.53,0.0,94.73
2020-02-28 02:00:00+00:00,0.0,0.0,0.0,10.36,34.58,1.39,0.0,94.79
2020-02-28 03:00:00+00:00,21.35,7.57,20.89,10.54,34.07,1.34,0.0,94.85
2020-02-28 04:00:00+00:00,211.95,353.31,110.61,13.12,28.65,1.4,0.0,94.91
2020-02-28 05:00:00+00:00,457.27,609.36,159.39,16.43,23.23,0.88,0.0,94.94
2020-02-28 06:00:00+00:00,678.17,745.95,187.26,21.46,17.68,1.67,0.0,94.92
2020-02-28 07:00:00+00:00,843.1,814.45,202.35,23.92,15.06,2.38,0.0,94.85
2020-02-28 08:00:00+00:00,937.33,941.69,147.6,25.76,13.16,2.98,0.0,94.75
2020-02-28 09:00:00+00:00,943.42,940.66,147.17,27.12,11.79,3.61,0.0,94.64
2020-02-28 10:00:00+00:00,868.08,904.78,153.35,27.87,11.03,3.96,0.0,94.53
2020-02-28 11:00:00+00:00,721.7,844.41,146.49,28.03,10.72,4.13,0.0,94.45
2020-02-28 12:00:00+00:00,514.85,737.67,136.2,27.56,10.98,4.11,0.0,94.43
2020-02-28 13:00:00+00:00,271.75,508.54,110.06,25.98,12.18,3.19,0.0,94.43
2020-02-28 14:00:00+00:00,48.53,96.35,36.88,21.08,16.55,2.66,0.0,94.46
2020-02-28 15:00:00+00:00,0.0,0.0,0.0,19.03,17.91,2.91,0.0,94.5
2020-02-28 16:00:00+00:00,0.0,0.0,0.0,17.64,18.57,3.11,0.0,94.54
2020-02-28 17:00:00+00:00,0.0,0.0,0.0,16.17,19.32,3.27,0.0,94.57
2020-02-28 18:00:00+00:00,0.0,0.0,0.0,14.8,20.37,3.31,0.0,94.56
2020-02-28 19:00:00+00:00,0.0,0.0,0.0,13.62,21.7,3.19,0.0,94.53
2020-02-28 20:00:00+00:00,0.0,0.0,0.0,12.66,23.4,3.05,0.0,94.5
2020-02-28 21:00:00+00:00,0.0,0.0,0.0,11.97,25.02,3.02,0.0,94.45
2020-02-28 22:00:00+00:00,0.0,0.0,0.0,11.4,26.64,3.06,0.0,94.4
2020-02-28 23:00:00+00:00,0.0,0.0,0.0,10.98,28.07,3.14,0.0,94.35
2020-02-29 00:00:00+00:00,0.0,0.0,0.0,10.76,29.52,3.28,0.0,94.31
2020-02-29 01:00:00+00:00,0.0,0.0,0.0,10.67,31.11,3.43,0.0,94.31
2020-02-29 02:00:00+00:00,0.0,0.0,0.0,10.64,32.6,3.57,0.0,94.34
2020-02-29 03:00:00+00:00,19.75,1.08,19.71,11.6,31.71,3.51,0.0,94.39
2020-02-29 04:00:00+00:00,185.35,178.19,126.66,15.83,24.68,4.7,0.0,94.45
2020-02-29 05:00:00+00:00,404.5,354.97,217.72,19.22,20.27,4.01,0.0,94.48
2020-02-29 06:00:00+00:00,592.85,468.21,259.44,24.07,15.32,5.55,0.0,94.46
2020-02-29 07:00:00+00:00,777.65,557.2,308.83,27.05,13.12,4.83,0.0,94.4
2020-02-29 08:00:00+00:00,859.58,566.16,325.39,29.02,11.84,4.08,0.0,94.28
2020-02-29 09:00:00+00:00,866.33,559.09,332.49,30.21,11.11,3.68,0.0,94.15
2020-02-29 10:00:00+00:00,792.15,510.52,331.05,30.81,10.75,3.7,0.0,94.05
2020-02-29 11:00:00+00:00,640.08,437.51,295.5,30.89,10.73,3.92,0.0,93.98
2020-02-29 12:00:00+00:00,431.5,307.32,250.2,30.41,11.06,4.12,0.0,93.97
2020-02-29 13:00:00+00:00,205.43,131.87,155.62,28.61,12.43,3.25,0.0,93.99
2020-02-29 14:00:00+00:00,36.3,2.18,35.24,23.64,16.68,3.5,0.0,94.03
2020-02-29 15:00:00+00:00,0.0,0.0,0.0,21.83,18.11,4.3,0.0,94.08
2020-02-29 16:00:00+00:00,0.0,0.0,0.0,21.16,18.51,5.15,0.0,94.13
2020-02-29 17:00:00+00:00,0.0,0.0,0.0,20.46,19.02,6.0,0.0,94.15
2020-02-29 18:00:00+00:00,0.0,0.0,0.0,19.65,19.73,6.26,0.0,94.14
2020-02-29 19:00:00+00:00,0.0,0.0,0.0,18.87,20.5,6.23,0.0,94.11
2020-02-29 20:00:00+00:00,0.0,0.0,0.0,18.1,21.36,6.12,0.0,94.07
2020-02-29 21:00:00+00:00,0.0,0.0,0.0,17.5,22.1,6.21,0.0,94.04
2020-02-29 22:00:00+00:00,0.0,0.0,0.0,17.05,22.73,6.32,0.0,94.01
2020-02-29 23:00:00+00:00,0.0,0.0,0.0,16.73,23.11,6.27,0.0,93.97
2020-03-01 00:00:00+00:00,0.0,0.0,0.0,16.46,23.35,6.01,0.0,93.97
2020-03-01 01:00:00+00:00,0.0,0.0,0.0,16.14,23.67,5.66,0.0,94.0
2020-03-01 02:00:00+00:00,0.0,0.0,0.0,15.95,23.81,5.51,0.0,94.05
2020-03-01 03:00:00+00:00,19.6,0.38,19.68,16.51,22.83,5.84,0.0,94.1
2020-03-01 04:00:00+00:00,176.02,128.58,127.64,19.23,19.11,6.93,0.0,94.16
2020-03-01 05:00:00+00:00,380.2,258.48,226.95,22.89,15.48,6.47,0.0,94.17
2020-03-01 06:00:00+00:00,599.75,411.02,299.78,26.89,13.6,7.46,0.0,94.16
2020-03-01 07:00:00+00:00,770.12,526.64,320.32,29.59,13.83,7.21,0.0,94.1
2020-03-01 08:00:00+00:00,841.58,513.23,343.83,31.38,14.57,6.33,0.0,94.02
2020-03-01 09:00:00+00:00,856.58,534.37,343.16,32.45,15.42,5.36,0.0,93.92
2020-03-01 10:00:00+00:00,790.45,517.92,323.74,32.89,16.38,4.79,0.0,93.85
2020-03-01 11:00:00+00:00,642.45,468.02,283.87,32.79,17.28,4.8,0.0,93.81
2020-03-01 12:00:00+00:00,440.25,360.14,231.43,32.1,18.22,5.1,0.0,93.83
2020-03-01 13:00:00+00:00,216.35,189.46,144.98,30.42,19.54,4.74,0.0,93.89
2020-03-01 14:00:00+00:00,39.3,7.02,33.8,26.02,23.57,3.69,0.0,93.98
2020-03-01 15:00:00+00:00,0.0,0.0,0.0,23.71,23.29,4.16,0.0,94.07
2020-03-01 16:00:00+00:00,0.0,0.0,0.0,22.52,19.75,4.49,0.0,94.17
2020-03-01 17:00:00+00:00,0.0,0.0,0.0,21.32,17.23,4.82,0.0,94.24
2020-03-01 18:00:00+00:00,0.0,0.0,0.0,20.13,16.49,4.98,0.0,94.28
2020-03-01 19:00:00+00:00,0.0,0.0,0.0,18.83,17.54,5.05,0.0,94.3
2020-03-01 20:00:00+00:00,0.0,0.0,0.0,17.58,19.5,5.13,0.0,94.3
2020-03-01 21:00:00+00:00,0.0,0.0,0.0,16.44,22.25,5.69,0.0,94.31
2020-03-01 22:00:00+00:00,0.0,0.0,0.0,15.22,25.9,6.34,0.0,94.32
2020-03-01 23:00:00+00:00,0.0,0.0,0.0,14.02,29.88,6.64,0.0,94.35
2020-03-02 00:00:00+00:00,0.0,0.0,0.0,13.01,34.35,6.7,0.0,94.4
2020-03-02 01:00:00+00:00,0.0,0.0,0.0,12.16,39.55,6.67,0.0,94.48
2020-03-02 02:00:00+00:00,0.0,0.0,0.0,11.4,45.01,6.67,0.0,94.59
2020-03-02 03:00:00+00:00,22.9,3.27,22.82,11.25,47.55,6.87,0.0,94.7
2020-03-02 04:00:00+00:00,198.48,223.94,123.94,13.39,42.14,7.13,0.0,94.8
2020-03-02 05:00:00+00:00,422.45,397.84,207.22,16.88,32.82,7.54,0.0,94.87
2020-03-02 06:00:00+00:00,632.67,498.79,278.93,19.63,26.09,7.1,0.0,94.88
2020-03-02 07:00:00+00:00,793.3,558.06,312.25,21.7,21.97,6.27,0.0,94.85
2020-03-02 08:00:00+00:00,843.1,411.92,401.94,23.39,18.97,5.34,0.0,94.78
2020-03-02 09:00:00+00:00,856.1,422.81,416.66,24.61,16.82,4.48,0.0,94.69
2020-03-02 10:00:00+00:00,786.65,425.06,378.6,25.34,15.39,3.79,0.0,94.6
2020-03-02 11:00:00+00:00,642.2,382.05,313.6,25.56,14.54,3.39,0.0,94.56
2020-03-02 12:00:00+00:00,441.23,283.06,265.92,25.23,14.26,3.46,0.0,94.57
2020-03-02 13:00:00+00:00,217.95,138.72,155.47,24.12,14.84,3.54,0.0,94.62
2020-03-02 14:00:00+00:00,41.8,5.2,37.53,19.86,19.2,2.85,0.0,94.67
2020-03-02 15:00:00+00:00,0.0,0.0,0.0,17.57,21.72,3.33,0.0,94.74
2020-03-02 16:00:00+00:00,0.0,0.0,0.0,16.44,22.86,3.45,0.0,94.82
2020-03-02 17:00:00+00:00,0.0,0.0,0.0,15.29,24.09,3.48,0.0,94.87
2020-03-02 18:00:00+00:00,0.0,0.0,0.0,14.11,25.44,3.43,0.0,94.89
2020-03-02 19:00:00+00:00,0.0,0.0,0.0,12.99,26.75,3.37,0.0,94.89
2020-03-02 20:00:00+00:00,0.0,0.0,0.0,11.99,27.92,3.32,0.0,94.87
2020-03-02 21:00:00+00:00,0.0,0.0,0.0,11.13,28.86,3.32,0.0,94.85
2020-03-02 22:00:00+00:00,0.0,0.0,0.0,10.34,30.16,3.32,0.0,94.82
2020-03-02 23:00:00+00:00,0.0,0.0,0.0,9.6,31.82,3.3,0.0,94.8
2020-03-03 00:00:00+00:00,0.0,0.0,0.0,8.86,33.71,3.22,0.0,94.8
2020-03-03 01:00:00+00:00,0.0,0.0,0.0,8.14,35.97,3.12,0.0,94.83
2020-03-03 02:00:00+00:00,0.0,0.0,0.0,7.47,38.27,3.0,0.0,94.89
2020-03-03 03:00:00+00:00,27.52,18.66,27.63,8.17,37.36,2.65,0.0,94.98
2020-03-03 04:00:00+00:00,235.05,435.29,103.91,11.59,30.62,3.16,0.0,95.07
2020-03-03 05:00:00+00:00,481.7,626.11,168.52,15.23,24.87,3.03,0.0,95.14
2020-03-03 06:00:00+00:00,702.5,756.31,187.56,18.75,19.26,3.58,0.0,95.15
2020-03-03 07:00:00+00:00,865.58,811.73,209.28,20.72,16.48,3.09,0.0,95.12
2020-03-03 08:00:00+00:00,933.78,738.81,268.61,22.26,14.64,2.67,0.0,95.03
2020-03-03 09:00:00+00:00,939.92,736.34,271.68,23.46,13.02,2.29,0.0,94.94
2020-03-03 10:00:00+00:00,867.05,705.77,265.72,24.31,11.56,2.02,0.0,94.85
2020-03-03 11:00:00+00:00,710.17,631.46,254.58,24.7,10.61,2.09,0.0,94.8
2020-03-03 12:00:00+00:00,495.38,504.92,216.63,24.52,10.18,2.49,0.0,94.8
2020-03-03 13:00:00+00:00,251.12,297.14,145.82,23.48,10.63,2.61,0.0,94.82
2020-03-03 14:00:00+00:00,45.95,19.64,41.59,19.03,14.73,2.47,0.0,94.85
2020-03-03 15:00:00+00:00,0.0,0.0,0.0,16.6,17.33,3.09,0.0,94.89
2020-03-03 16:00:00+00:00,0.0,0.0,0.0,15.4,19.59,3.34,0.0,94.93
2020-03-03 17:00:00+00:00,0.0,0.0,0.0,14.34,22.28,3.32,0.0,94.93
2020-03-03 18:00:00+00:00,0.0,0.0,0.0,13.37,25.21,3.14,0.0,94.92
2020-03-03 19:00:00+00:00,0.0,0.0,0.0,12.66,27.65,2.8,0.0,94.88
2020-03-03 20:00:00+00:00,0.0,0.0,0.0,12.47,28.93,2.27,0.0,94.84
2020-03-03 21:00:00+00:00,0.0,0.0,0.0,12.58,29.34,1.68,0.0,94.81
2020-03-03 22:00:00+00:00,0.0,0.0,0.0,12.32,30.26,1.27,0.0,94.78
2020-03-03 23:00:00+00:00,0.0,0.0,0.0,11.74,31.65,1.33,0.0,94.76
2020-03-04 00:00:00+00:00,0.0,0.0,0.0,10.91,33.68,1.67,0.0,94.76
2020-03-04 01:00:00+00:00,0.0,0.0,0.0,10.06,35.77,1.99,0.0,94.79
2020-03-04 02:00:00+00:00,0.0,0.0,0.0,9.35,37.55,2.24,0.0,94.85
2020-03-04 03:00:00+00:00,25.8,4.77,25.76,9.7,36.7,2.27,0.0,94.92
2020-03-04 04:00:00+00:00,216.1,289.79,121.23,13.39,28.77,2.81,0.0,94.99
2020-03-04 05:00:00+00:00,448.25,470.13,203.74,17.18,22.71,2.13,0.0,95.02
2020-03-04 06:00:00+00:00,668.97,620.08,229.3,20.69,17.74,2.2,0.0,95.01
2020-03-04 07:00:00+00:00,831.45,691.94,254.3,22.84,14.78,2.2,0.0,94.95
2020-03-04 08:00:00+00:00,955.05,931.17,153.9,24.6,12.64,2.48,0.0,94.85
2020-03-04 09:00:00+00:00,959.8,928.53,154.55,25.93,11.3,2.98,0.0,94.73
2020-03-04 10:00:00+00:00,884.67,898.15,156.04,26.71,10.61,3.58,0.0,94.63
2020-03-04 11:00:00+00:00,737.78,850.52,145.09,26.89,10.36,3.98,0.0,94.57
2020-03-04 12:00:00+00:00,530.35,742.38,136.44,26.43,10.56,4.12,0.0,94.57
2020-03-04 13:00:00+00:00,284.98,552.99,101.46,25.12,11.51,3.6,0.0,94.6
2020-03-04 14:00:00+00:00,56.05,142.61,37.66,20.16,16.2,2.9,0.0,94.64
2020-03-04 15:00:00+00:00,0.0,0.0,0.0,17.68,19.23,3.4,0.0,94.68
2020-03-04 16:00:00+00:00,0.0,0.0,0.0,16.51,21.28,3.53,0.0,94.72
2020-03-04 17:00:00+00:00,0.0,0.0,0.0,15.36,23.6,3.48,0.0,94.74
2020-03-04 18:00:00+00:00,0.0,0.0,0.0,14.27,25.79,3.28,0.0,94.73
2020-03-04 19:00:00+00:00,0.0,0.0,0.0,13.41,27.66,2.94,0.0,94.72
2020-03-04 20:00:00+00:00,0.0,0.0,0.0,13.05,28.51,2.45,0.0,94.68
2020-03-04 21:00:00+00:00,0.0,0.0,0.0,12.99,28.82,1.88,0.0,94.66
2020-03-04 22:00:00+00:00,0.0,0.0,0.0,12.8,29.58,1.42,0.0,94.63
2020-03-04 23:00:00+00:00,0.0,0.0,0.0,12.4,30.68,1.23,0.0,94.62
2020-03-05 00:00:00+00:00,0.0,0.0,0.0,11.8,32.26,1.29,0.0,94.65
2020-03-05 01:00:00+00:00,0.0,0.0,0.0,11.34,33.61,1.42,0.0,94.7
2020-03-05 02:00:00+00:00,0.0,0.0,0.0,10.94,35.0,1.47,0.0,94.75
2020-03-05 03:00:00+00:00,27.77,12.79,27.56,11.2,34.88,1.37,0.0,94.82
2020-03-05 04:00:00+00:00,221.77,335.83,115.8,13.63,30.14,1.49,0.0,94.88
2020-03-05 05:00:00+00:00,459.4,553.71,174.68,16.93,24.86,1.42,0.0,94.92
2020-03-05 06:00:00+00:00,677.62,683.74,204.85,20.84,19.47,1.25,0.0,94.89
2020-03-05 07:00:00+00:00,844.2,754.6,222.34,22.97,16.6,0.56,0.0,94.84
2020-03-05 08:00:00+00:00,854.25,542.08,332.7,25.67,13.27,0.89,0.0,94.74
2020-03-05 09:00:00+00:00,905.97,649.89,291.75,27.55,11.54,1.84,0.0,94.61
2020-03-05 10:00:00+00:00,835.58,616.68,296.0,28.36,10.68,2.56,0.0,94.5
2020-03-05 11:00:00+00:00,683.22,559.83,256.83,28.52,10.23,3.13,0.0,94.46
2020-03-05 12:00:00+00:00,475.55,435.5,224.26,28.05,10.15,3.43,0.0,94.45
2020-03-05 13:00:00+00:00,240.2,254.3,144.09,26.59,10.89,2.96,0.0,94.48
2020-03-05 14:00:00+00:00,46.72,22.27,40.98,21.56,15.02,2.91,0.0,94.51
2020-03-05 15:00:00+00:00,0.0,0.0,0.0,19.03,17.23,3.52,0.0,94.56
2020-03-05 16:00:00+00:00,0.0,0.0,0.0,17.71,18.8,3.69,0.0,94.62
2020-03-05 17:00:00+00:00,0.0,0.0,0.0,16.36,20.82,3.61,0.0,94.65
2020-03-05 18:00:00+00:00,0.0,0.0,0.0,15.01,22.97,3.38,0.0,94.67
2020-03-05 19:00:00+00:00,0.0,0.0,0.0,13.89,24.78,3.09,0.0,94.64
2020-03-05 20:00:00+00:00,0.0,0.0,0.0,13.08,26.12,2.83,0.0,94.6
2020-03-05 21:00:00+00:00,0.0,0.0,0.0,12.51,26.99,2.65,0.0,94.57
2020-03-05 22:00:00+00:00,0.0,0.0,0.0,12.05,27.93,2.54,0.0,94.54
2020-03-05 23:00:00+00:00,0.0,0.0,0.0,11.63,28.81,2.53,0.0,94.52
2020-03-06 00:00:00+00:00,0.0,0.0,0.0,11.22,29.61,2.59,0.0,94.52
2020-03-06 01:00:00+00:00,0.0,0.0,0.0,10.9,30.37,2.68,0.0,94.54
2020-03-06 02:00:00+00:00,0.0,0.0,0.0,10.67,30.85,2.79,0.0,94.59
2020-03-06 03:00:00+00:00,27.7,3.97,27.08,11.49,29.12,2.77,0.0,94.64
2020-03-06 04:00:00+00:00,210.38,217.96,132.94,15.58,22.23,3.83,0.0,94.68
2020-03-06 05:00:00+00:00,437.67,401.93,214.45,19.18,17.64,3.99,0.0,94.71
2020-03-06 06:00:00+00:00,653.9,532.01,258.62,23.03,14.14,4.52,0.0,94.7
2020-03-06 07:00:00+00:00,816.9,593.4,298.47,25.8,12.38,4.31,0.0,94.64
2020-03-06 08:00:00+00:00,946.2,845.99,196.79,28.23,11.63,3.77,0.0,94.53
2020-03-06 09:00:00+00:00,951.83,845.07,198.31,29.76,11.46,3.2,0.0,94.4
2020-03-06 10:00:00+00:00,875.38,812.3,200.59,30.52,11.45,2.84,0.0,94.29
2020-03-06 11:00:00+00:00,727.38,765.16,184.56,30.68,11.47,2.73,0.0,94.22
2020-03-06 12:00:00+00:00,519.3,647.22,167.09,30.26,11.71,2.8,0.0,94.19
2020-03-06 13:00:00+00:00,275.48,461.28,118.35,28.67,12.99,2.43,0.0,94.19
2020-03-06 14:00:00+00:00,54.9,87.06,41.4,23.73,17.13,3.17,0.0,94.2
2020-03-06 15:00:00+00:00,0.0,0.0,0.0,21.59,18.58,3.99,0.0,94.24
2020-03-06 16:00:00+00:00,0.0,0.0,0.0,20.76,18.64,4.56,0.0,94.29
2020-03-06 17:00:00+00:00,0.0,0.0,0.0,19.77,18.97,4.92,0.0,94.33
2020-03-06 18:00:00+00:00,0.0,0.0,0.0,18.75,19.59,4.95,0.0,94.34
2020-03-06 19:00:00+00:00,0.0,0.0,0.0,17.86,20.49,4.85,0.0,94.31
2020-03-06 20:00:00+00:00,0.0,0.0,0.0,17.18,21.22,4.96,0.0,94.28
2020-03-06 21:00:00+00:00,0.0,0.0,0.0,16.76,21.54,5.38,0.0,94.22
2020-03-06 22:00:00+00:00,0.0,0.0,0.0,16.46,21.54,5.78,0.0,94.15
2020-03-06 23:00:00+00:00,0.0,0.0,0.0,15.96,21.73,5.65,0.0,94.11
2020-03-07 00:00:00+00:00,0.0,0.0,0.0,15.34,22.27,5.28,0.0,94.11
2020-03-07 01:00:00+00:00,0.0,0.0,0.0,14.82,22.86,5.11,0.0,94.17
2020-03-07 02:00:00+00:00,0.0,0.0,0.0,14.44,23.17,4.99,0.0,94.23
2020-03-07 03:00:00+00:00,31.77,25.89,29.76,15.19,22.0,5.56,0.0,94.29
2020-03-07 04:00:00+00:00,236.23,399.41,111.28,18.02,18.46,6.73,0.0,94.34
2020-03-07 05:00:00+00:00,477.6,602.09,164.22,21.87,15.29,6.7,0.0,94.37
2020-03-07 06:00:00+00:00,694.9,719.78,195.99,26.01,15.2,6.98,0.0,94.36
2020-03-07 07:00:00+00:00,856.6,790.65,205.29,28.75,15.73,6.08,0.0,94.32
2020-03-07 08:00:00+00:00,912.72,676.81,278.79,30.48,14.82,5.55,0.0,94.26
2020-03-07 09:00:00+00:00,925.75,706.53,271.81,31.5,13.78,5.39,0.0,94.18
2020-03-07 10:00:00+00:00,857.95,687.16,265.68,31.94,12.83,5.28,0.0,94.12
2020-03-07 11:00:00+00:00,710.3,632.18,234.86,31.85,11.99,5.16,0.0,94.08
2020-03-07 12:00:00+00:00,500.65,515.78,209.78,31.21,11.48,5.03,0.0,94.07
2020-03-07 13:00:00+00:00,257.55,313.55,142.27,29.66,11.75,4.26,0.0,94.1
2020-03-07 14:00:00+00:00,50.88,29.59,43.35,24.51,15.31,3.39,0.0,94.16
2020-03-07 15:00:00+00:00,0.0,0.0,0.0,21.98,17.06,4.09,0.0,94.23
2020-03-07 16:00:00+00:00,0.0,0.0,0.0,20.88,18.01,4.56,0.0,94.3
2020-03-07 17:00:00+00:00,0.0,0.0,0.0,19.59,19.86,4.68,0.0,94.38
2020-03-07 18:00:00+00:00,0.0,0.0,0.0,18.2,22.61,4.47,0.0,94.43
2020-03-07 19:00:00+00:00,0.0,0.0,0.0,16.91,25.79,4.3,0.0,94.45
2020-03-07 20:00:00+00:00,0.0,0.0,0.0,15.75,28.95,4.14,0.0,94.44
2020-03-07 21:00:00+00:00,0.0,0.0,0.0,14.75,31.49,3.89,0.0,94.42
2020-03-07 22:00:00+00:00,0.0,0.0,0.0,13.97,33.12,3.73,0.0,94.4
2020-03-07 23:00:00+00:00,0.0,0.0,0.0,13.37,33.94,3.73,0.0,94.4
2020-03-08 00:00:00+00:00,0.0,0.0,0.0,12.92,33.95,3.87,0.0,94.41
2020-03-08 01:00:00+00:00,0.0,0.0,0.0,12.53,33.6,3.97,0.0,94.46
2020-03-08 02:00:00+00:00,0.0,0.0,0.0,12.15,33.4,3.94,0.0,94.53
2020-03-08 03:00:00+00:00,29.45,2.28,27.29,12.98,31.26,4.51,0.0,94.62
2020-03-08 04:00:00+00:00,209.32,174.12,140.97,15.66,26.55,5.27,0.0,94.68
2020-03-08 05:00:00+00:00,433.7,345.33,234.5,19.39,21.86,5.03,0.0,94.72
2020-03-08 06:00:00+00:00,650.25,474.11,274.73,22.11,19.34,4.62,0.0,94.71
2020-03-08 07:00:00+00:00,816.28,535.59,331.58,23.9,17.7,3.98,0.0,94.65
2020-03-08 08:00:00+00:00,867.65,552.18,328.97,25.37,16.43,3.94,0.0,94.56
2020-03-08 09:00:00+00:00,886.12,497.19,378.56,26.48,15.55,4.45,0.0,94.46
2020-03-08 10:00:00+00:00,814.15,463.82,373.68,27.12,15.04,5.26,0.0,94.38
2020-03-08 11:00:00+00:00,661.83,414.91,313.03,27.17,15.16,6.14,0.0,94.33
2020-03-08 12:00:00+00:00,456.9,312.89,261.7,26.62,15.91,6.89,0.0,94.32
2020-03-08 13:00:00+00:00,230.2,163.69,158.98,25.39,17.63,7.18,0.0,94.34
2020-03-08 14:00:00+00:00,48.53,10.36,43.25,22.5,21.37,5.33,0.0,94.39
2020-03-08 15:00:00+00:00,0.0,0.0,0.0,20.21,24.42,5.1,0.0,94.46
2020-03-08 16:00:00+00:00,0.0,0.0,0.0,19.46,25.14,5.79,0.0,94.53
2020-03-08 17:00:00+00:00,0.0,0.0,0.0,18.48,26.17,5.99,0.0,94.6
2020-03-08 18:00:00+00:00,0.0,0.0,0.0,17.48,27.66,5.91,0.0,94.64
2020-03-08 19:00:00+00:00,0.0,0.0,0.0,16.22,30.78,5.11,0.0,94.63
2020-03-08 20:00:00+00:00,0.0,0.0,0.0,15.21,35.36,4.75,0.0,94.6
2020-03-08 21:00:00+00:00,0.0,0.0,0.0,14.51,40.09,4.74,0.0,94.55
2020-03-08 22:00:00+00:00,0.0,0.0,0.0,13.89,44.66,4.79,0.0,94.51
2020-03-08 23:00:00+00:00,0.0,0.0,0.0,13.29,48.91,4.84,0.0,94.49
2020-03-09 00:00:00+00:00,0.0,0.0,0.0,12.74,52.75,4.85,0.0,94.49
2020-03-09 01:00:00+00:00,0.0,0.0,0.0,12.06,56.47,4.36,0.0,94.53
2020-03-09 02:00:00+00:00,0.0,0.0,0.0,11.41,59.66,3.9,0.0,94.59
2020-03-09 03:00:00+00:00,33.8,5.62,31.07,11.94,58.18,4.25,0.0,94.66
2020-03-09 04:00:00+00:00,236.45,274.24,139.8,14.29,50.4,4.71,0.0,94.72
2020-03-09 05:00:00+00:00,471.92,440.19,226.09,17.88,40.9,6.89,0.0,94.77
2020-03-09 06:00:00+00:00,657.0,551.48,251.61,20.05,33.52,6.9,0.0,94.76
2020-03-09 07:00:00+00:00,860.17,656.67,288.97,21.92,28.14,5.95,0.0,94.71
2020-03-09 08:00:00+00:00,939.83,650.48,319.69,23.45,24.32,5.07,0.0,94.63
2020-03-09 09:00:00+00:00,948.1,662.69,315.75,24.56,21.6,4.47,0.0,94.55
2020-03-09 10:00:00+00:00,874.45,636.32,306.51,25.21,19.73,4.22,0.0,94.49
2020-03-09 11:00:00+00:00,720.3,580.23,268.97,25.39,18.72,4.2,0.0,94.45
2020-03-09 12:00:00+00:00,506.95,463.99,237.66,24.97,18.62,4.3,0.0,94.44
2020-03-09 13:00:00+00:00,262.9,276.76,155.38,23.91,19.44,4.24,0.0,94.46
2020-03-09 14:00:00+00:00,55.35,34.12,46.74,20.3,24.23,2.86,0.0,94.51
2020-03-09 15:00:00+00:00,0.0,0.0,0.0,17.87,28.29,3.12,0.0,94.57
2020-03-09 16:00:00+00:00,0.0,0.0,0.0,16.84,30.38,3.19,0.0,94.64
2020-03-09 17:00:00+00:00,0.0,0.0,0.0,15.86,32.69,3.17,0.0,94.68
2020-03-09 18:00:00+00:00,0.0,0.0,0.0,14.98,35.22,3.03,0.0,94.71
2020-03-09 19:00:00+00:00,0.0,0.0,0.0,14.3,37.55,2.76,0.0,94.72
2020-03-09 20:00:00+00:00,0.0,0.0,0.0,14.05,38.91,2.37,0.0,94.7
2020-03-09 21:00:00+00:00,0.0,0.0,0.0,14.12,39.47,1.94,0.0,94.68
2020-03-09 22:00:00+00:00,0.0,0.0,0.0,14.06,40.46,1.68,0.0,94.63
2020-03-09 23:00:00+00:00,0.0,0.0,0.0,13.8,41.8,1.59,0.0,94.6
2020-03-10 00:00:00+00:00,0.0,0.0,0.0,13.61,42.91,1.5,0.0,94.61
2020-03-10 01:00:00+00:00,0.0,0.0,0.0,13.32,44.24,1.52,0.0,94.65
2020-03-10 02:00:00+00:00,0.0,0.0,0.0,12.84,45.99,1.67,0.0,94.71
2020-03-10 03:00:00+00:00,38.97,29.94,33.98,13.08,45.5,1.68,0.0,94.77
2020-03-10 04:00:00+00:00,254.6,393.3,123.84,16.06,37.63,1.9,0.0,94.82
2020-03-10 05:00:00+00:00,509.12,621.83,178.07,19.36,29.97,2.05,0.0,94.85
2020-03-10 06:00:00+00:00,731.9,760.94,188.23,22.74,21.55,3.29,0.0,94.86
2020-03-10 07:00:00+00:00,894.2,817.51,213.73,24.47,18.08,2.94,0.0,94.85
2020-03-10 08:00:00+00:00,960.08,737.77,275.58,25.78,15.76,2.55,0.0,94.79
2020-03-10 09:00:00+00:00,963.62,727.5,284.64,26.71,14.12,2.3,0.0,94.7
2020-03-10 10:00:00+00:00,888.78,698.3,276.77,27.18,13.18,2.18,0.0,94.61
2020-03-10 11:00:00+00:00,725.92,615.17,263.11,27.24,12.75,2.28,0.0,94.54
2020-03-10 12:00:00+00:00,503.8,488.47,223.26,26.79,12.91,2.4,0.0,94.53
2020-03-10 13:00:00+00:00,262.95,303.59,148.62,25.72,13.71,2.36,0.0,94.56
2020-03-10 14:00:00+00:00,56.1,41.36,47.83,21.89,17.74,2.13,0.0,94.62
2020-03-10 15:00:00+00:00,0.0,0.0,0.0,19.38,20.85,2.76,0.0,94.66
2020-03-10 16:00:00+00:00,0.0,0.0,0.0,18.1,22.96,3.13,0.0,94.69
2020-03-10 17:00:00+00:00,0.0,0.0,0.0,17.1,24.86,3.33,0.0,94.74
2020-03-10 18:00:00+00:00,0.0,0.0,0.0,16.19,26.76,3.36,0.0,94.75
2020-03-10 19:00:00+00:00,0.0,0.0,0.0,15.32,28.64,3.22,0.0,94.75
2020-03-10 20:00:00+00:00,0.0,0.0,0.0,14.53,30.4,3.01,0.0,94.73
2020-03-10 21:00:00+00:00,0.0,0.0,0.0,13.82,32.02,2.82,0.0,94.71
2020-03-10 22:00:00+00:00,0.0,0.0,0.0,13.21,33.31,2.73,0.0,94.68
2020-03-10 23:00:00+00:00,0.0,0.0,0.0,12.64,34.57,2.68,0.0,94.67
2020-03-11 00:00:00+00:00,0.0,0.0,0.0,12.12,35.66,2.69,0.0,94.66
2020-03-11 01:00:00+00:00,0.0,0.0,0.0,11.71,36.54,2.69,0.0,94.68
2020-03-11 02:00:00+00:00,0.0,0.0,0.0,11.42,37.03,2.63,0.0,94.72
2020-03-11 03:00:00+00:00,40.05,28.12,34.92,12.27,34.83,2.48,0.0,94.79
2020-03-11 04:00:00+00:00,253.98,372.56,127.42,16.23,26.8,3.32,0.0,94.85
2020-03-11 05:00:00+00:00,506.17,589.06,188.35,20.09,21.1,3.65,0.0,94.91
2020-03-11 06:00:00+00:00,724.45,696.32,221.83,23.92,16.91,4.62,0.0,94.92
2020-03-11 07:00:00+00:00,887.33,762.24,247.61,25.75,15.02,4.12,0.0,94.89
2020-03-11 08:00:00+00:00,986.92,908.23,185.91,27.0,13.6,3.51,0.0,94.81
2020-03-11 09:00:00+00:00,983.92,858.93,220.04,27.85,12.48,3.11,0.0,94.7
2020-03-11 10:00:00+00:00,911.3,827.08,214.63,28.27,11.73,2.9,0.0,94.61
2020-03-11 11:00:00+00:00,738.97,671.23,244.21,28.25,11.39,2.78,0.0,94.56
2020-03-11 12:00:00+00:00,529.62,578.29,201.55,27.74,11.48,3.0,0.0,94.54
2020-03-11 13:00:00+00:00,281.02,392.51,141.87,26.5,12.35,3.3,0.0,94.55
2020-03-11 14:00:00+00:00,58.83,50.75,48.82,22.17,16.58,2.87,0.0,94.57
2020-03-11 15:00:00+00:00,0.0,0.0,0.0,19.55,19.82,3.44,0.0,94.6
2020-03-11 16:00:00+00:00,0.0,0.0,0.0,18.62,21.51,3.56,0.0,94.66
2020-03-11 17:00:00+00:00,0.0,0.0,0.0,18.04,22.83,3.56,0.0,94.71
2020-03-11 18:00:00+00:00,0.0,0.0,0.0,17.16,24.92,3.53,0.0,94.72
2020-03-11 19:00:00+00:00,0.0,0.0,0.0,16.25,27.3,3.47,0.0,94.72
2020-03-11 20:00:00+00:00,0.0,0.0,0.0,16.07,28.35,3.31,0.0,94.67
2020-03-11 21:00:00+00:00,0.0,0.0,0.0,15.52,30.21,3.24,0.0,94.62
2020-03-11 22:00:00+00:00,0.0,0.0,0.0,14.17,33.69,3.35,0.0,94.58
2020-03-11 23:00:00+00:00,0.0,0.0,0.0,13.35,36.12,3.39,0.0,94.57
2020-03-12 00:00:00+00:00,0.0,0.0,0.0,12.83,37.99,3.42,0.0,94.57
2020-03-12 01:00:00+00:00,0.0,0.0,0.0,12.39,39.54,3.45,0.0,94.61
2020-03-12 02:00:00+00:00,0.0,0.0,0.0,12.05,40.67,3.52,0.0,94.66
2020-03-12 03:00:00+00:00,37.88,13.45,38.3,13.42,37.29,3.41,0.0,94.71
2020-03-12 04:00:00+00:00,213.12,116.99,175.29,17.44,28.75,4.79,0.0,94.76
2020-03-12 05:00:00+00:00,448.25,316.63,297.61,21.08,22.5,4.53,0.0,94.78
2020-03-12 06:00:00+00:00,674.12,321.74,426.24,24.52,17.72,5.34,0.0,94.77
2020-03-12 07:00:00+00:00,862.9,731.26,346.01,26.28,15.46,5.1,0.0,94.73
2020-03-12 08:00:00+00:00,886.4,382.32,526.17,27.6,13.52,5.24,0.0,94.66
2020-03-12 09:00:00+00:00,867.0,421.93,433.74,28.52,11.79,5.54,0.0,94.56
2020-03-12 10:00:00+00:00,857.42,601.86,348.52,28.95,10.54,5.79,0.0,94.47
2020-03-12 11:00:00+00:00,656.62,349.71,372.66,28.84,9.88,6.01,0.0,94.4
2020-03-12 12:00:00+00:00,424.73,156.34,301.96,28.2,9.66,6.02,0.0,94.39
2020-03-12 13:00:00+00:00,222.68,72.83,184.02,26.86,10.06,5.71,0.0,94.41
2020-03-12 14:00:00+00:00,51.08,5.16,48.08,22.97,12.64,3.94,0.0,94.42
2020-03-12 15:00:00+00:00,0.0,0.0,0.0,20.59,14.37,4.26,0.0,94.44
2020-03-12 16:00:00+00:00,0.0,0.0,0.0,19.6,15.16,4.58,0.0,94.5
2020-03-12 17:00:00+00:00,0.0,0.0,0.0,18.81,15.86,4.89,0.0,94.55
2020-03-12 18:00:00+00:00,0.0,0.0,0.0,17.87,16.76,5.01,0.0,94.58
2020-03-12 19:00:00+00:00,0.0,0.0,0.0,17.09,17.36,5.17,0.0,94.55
2020-03-12 20:00:00+00:00,0.0,0.0,0.0,16.26,18.05,4.96,0.0,94.5
2020-03-12 21:00:00+00:00,0.0,0.0,0.0,15.38,18.82,4.53,0.0,94.44
2020-03-12 22:00:00+00:00,0.0,0.0,0.0,14.61,19.77,4.35,0.0,94.39
2020-03-12 23:00:00+00:00,0.0,0.0,0.0,13.97,20.79,4.36,0.0,94.34
2020-03-13 00:00:00+00:00,0.0,0.0,0.0,13.46,21.78,4.38,0.0,94.33
2020-03-13 01:00:00+00:00,0.0,0.0,0.0,12.99,22.67,4.34,0.0,94.36
2020-03-13 02:00:00+00:00,0.0,0.0,0.0,12.55,23.55,4.24,0.0,94.43
2020-03-13 03:00:00+00:00,37.88,2.14,37.52,13.78,21.85,4.7,0.0,94.5
2020-03-13 04:00:00+00:00,187.93,14.61,162.53,16.72,18.1,5.68,0.0,94.55
2020-03-13 05:00:00+00:00,368.98,38.43,314.27,20.32,14.13,6.02,0.0,94.59
2020-03-13 06:00:00+00:00,568.2,102.81,459.61,24.59,9.62,9.18,0.0,94.58
2020-03-13 07:00:00+00:00,703.72,179.34,548.19,26.76,7.85,9.38,0.0,94.53
2020-03-13 08:00:00+00:00,862.5,469.27,546.36,28.44,6.64,9.26,0.0,94.45
2020-03-13 09:00:00+00:00,853.9,424.55,568.95,29.68,5.89,9.01,0.0,94.35
2020-03-13 10:00:00+00:00,745.62,207.68,515.27,30.44,5.53,8.74,0.0,94.27
2020-03-13 11:00:00+00:00,554.8,74.25,432.15,30.6,5.54,8.56,0.0,94.22
2020-03-13 12:00:00+00:00,264.6,51.23,222.02,30.1,5.84,8.41,0.0,94.19
2020-03-13 13:00:00+00:00,146.45,0.0,125.1,28.72,6.67,7.68,0.0,94.2
2020-03-13 14:00:00+00:00,30.85,0.0,28.03,25.34,8.8,5.26,0.0,94.24
2020-03-13 15:00:00+00:00,0.0,0.0,0.0,23.27,10.65,5.29,0.0,94.26
2020-03-13 16:00:00+00:00,0.0,0.0,0.0,22.71,11.67,6.0,0.0,94.29
2020-03-13 17:00:00+00:00,0.0,0.0,0.0,21.91,13.06,6.24,0.0,94.31
2020-03-13 18:00:00+00:00,0.0,0.0,0.0,20.79,14.85,5.64,0.0,94.31
2020-03-13 19:00:00+00:00,0.0,0.0,0.0,19.63,16.75,4.81,0.0,94.3
2020-03-13 20:00:00+00:00,0.0,0.0,0.0,18.46,18.87,4.21,0.0,94.28
2020-03-13 21:00:00+00:00,0.0,0.0,0.0,17.89,20.51,3.95,0.0,94.27
2020-03-13 22:00:00+00:00,0.0,0.0,0.0,17.55,22.0,3.75,0.0,94.24
2020-03-13 23:00:00+00:00,0.0,0.0,0.0,17.68,23.01,3.68,0.0,94.2
2020-03-14 00:00:00+00:00,0.0,0.0,0.0,17.7,24.24,3.52,0.0,94.17
2020-03-14 01:00:00+00:00,0.0,0.0,0.0,17.11,26.57,2.96,0.0,94.23
2020-03-14 02:00:00+00:00,0.0,0.0,0.0,16.9,29.62,2.98,0.0,94.36
2020-03-14 03:00:00+00:00,20.08,0.0,18.67,18.14,29.87,2.77,0.0,94.41
2020-03-14 04:00:00+00:00,96.05,0.0,83.75,20.6,27.45,4.03,0.0,94.45
2020-03-14 05:00:00+00:00,189.18,0.0,163.84,22.68,29.0,4.67,0.0,94.49
2020-03-14 06:00:00+00:00,283.85,0.0,237.24,24.54,33.02,6.06,0.0,94.51
2020-03-14 07:00:00+00:00,370.25,0.12,304.37,25.31,34.94,6.7,0.0,94.49
2020-03-14 08:00:00+00:00,448.88,3.13,365.95,25.6,35.81,7.29,0.0,94.38
2020-03-14 09:00:00+00:00,490.75,5.91,399.61,26.26,34.61,7.96,0.0,94.24
2020-03-14 10:00:00+00:00,349.0,20.98,271.87,26.92,33.0,7.92,0.0,94.13
2020-03-14 11:00:00+00:00,318.67,63.0,255.85,26.97,32.79,7.42,0.0,94.06
2020-03-14 12:00:00+00:00,253.38,61.92,188.63,26.42,33.94,6.95,0.0,94.02
2020-03-14 13:00:00+00:00,142.25,28.24,130.79,25.34,36.75,7.16,0.0,94.04
2020-03-14 14:00:00+00:00,39.3,0.95,39.59,23.72,41.58,7.0,0.0,94.1
2020-03-14 15:00:00+00:00,0.0,0.0,0.0,22.27,46.65,6.42,0.0,94.15
2020-03-14 16:00:00+00:00,0.0,0.0,0.0,21.13,51.36,5.74,0.0,94.21
2020-03-14 17:00:00+00:00,0.0,0.0,0.0,20.21,55.13,5.21,0.0,94.22
2020-03-14 18:00:00+00:00,0.0,0.0,0.0,19.3,58.65,4.3,0.0,94.21
2020-03-14 19:00:00+00:00,0.0,0.0,0.0,18.32,62.62,3.43,0.0,94.17
2020-03-14 20:00:00+00:00,0.0,0.0,0.0,17.79,65.08,3.66,0.0,94.13
2020-03-14 21:00:00+00:00,0.0,0.0,0.0,17.41,66.92,3.56,0.0,94.07
2020-03-14 22:00:00+00:00,0.0,0.0,0.0,17.1,68.37,3.37,0.0,94.03
2020-03-14 23:00:00+00:00,0.0,0.0,0.0,16.86,69.63,3.49,0.0,94.0
2020-03-15 00:00:00+00:00,0.0,0.0,0.0,16.49,71.6,3.3,0.0,93.99
2020-03-15 01:00:00+00:00,0.0,0.0,0.0,16.12,73.4,3.14,0.0,94.0
2020-03-15 02:00:00+00:00,0.0,0.0,0.0,15.81,74.38,3.11,0.0,94.02
2020-03-15 03:00:00+00:00,39.65,2.02,36.06,16.8,68.86,3.6,0.0,94.08
2020-03-15 04:00:00+00:00,211.75,119.35,155.63,19.37,55.76,4.61,0.0,94.14
2020-03-15 05:00:00+00:00,447.1,289.23,266.64,22.45,40.53,4.81,0.0,94.19
2020-03-15 06:00:00+00:00,669.1,428.61,310.35,24.87,30.21,5.0,0.0,94.19
2020-03-15 07:00:00+00:00,835.88,506.74,355.23,26.63,24.5,5.05,0.0,94.16
2020-03-15 08:00:00+00:00,927.08,579.59,348.27,27.88,21.0,4.92,0.0,94.1
2020-03-15 09:00:00+00:00,932.83,589.84,363.57,28.65,18.72,4.76,0.0,94.03
2020-03-15 10:00:00+00:00,856.72,578.67,321.24,28.97,17.77,4.61,0.0,93.97
2020-03-15 11:00:00+00:00,691.49,523.23,279.82,28.85,17.66,4.39,0.0,93.94
2020-03-15 12:00:00+00:00,488.77,371.4,259.5,28.27,18.38,4.23,0.0,93.95
2020-03-15 13:00:00+00:00,250.32,202.33,167.89,27.17,20.07,4.18,0.0,93.99
2020-03-15 14:00:00+00:00,56.53,15.27,49.71,23.93,25.3,2.98,0.0,94.05
2020-03-15 15:00:00+00:00,0.0,0.0,0.0,21.61,30.54,3.47,0.0,94.12
2020-03-15 16:00:00+00:00,0.0,0.0,0.0,20.87,33.51,3.92,0.0,94.2
2020-03-15 17:00:00+00:00,0.0,0.0,0.0,20.11,36.55,4.35,0.0,94.27
2020-03-15 18:00:00+00:00,0.0,0.0,0.0,19.3,39.39,4.63,0.0,94.3
2020-03-15 19:00:00+00:00,0.0,0.0,0.0,18.46,41.86,4.76,0.0,94.29
2020-03-15 20:00:00+00:00,0.0,0.0,0.0,17.65,43.74,4.8,0.0,94.27
2020-03-15 21:00:00+00:00,0.0,0.0,0.0,16.89,44.94,4.86,0.0,94.24
2020-03-15 22:00:00+00:00,0.0,0.0,0.0,16.15,45.63,4.86,0.0,94.22
2020-03-15 23:00:00+00:00,0.0,0.0,0.0,15.41,46.38,4.75,0.0,94.23
2020-03-16 00:00:00+00:00,0.0,0.0,0.0,14.72,47.69,4.64,0.0,94.25
2020-03-16 01:00:00+00:00,0.0,0.0,0.0,14.1,49.58,4.54,0.0,94.31
2020-03-16 02:00:00+00:00,0.0,0.0,0.0,13.56,51.58,4.34,0.0,94.37
2020-03-16 03:00:00+00:00,49.97,49.18,41.19,14.22,49.64,5.02,0.0,94.45
2020-03-16 04:00:00+00:00,265.92,395.8,127.56,16.51,43.04,4.87,0.0,94.51
2020-03-16 05:00:00+00:00,515.83,608.32,179.54,20.86,32.37,5.06,0.0,94.56
2020-03-16 06:00:00+00:00,733.53,735.57,191.93,23.77,26.96,4.07,0.0,94.56
2020-03-16 07:00:00+00:00,819.55,533.68,322.76,25.67,23.97,2.92,0.0,94.52
2020-03-16 08:00:00+00:00,941.8,661.38,301.49,27.1,21.6,2.66,0.0,94.46
2020-03-16 09:00:00+00:00,948.78,678.24,293.85,28.04,19.91,2.78,0.0,94.37
2020-03-16 10:00:00+00:00,877.58,665.99,275.44,28.49,18.8,2.79,0.0,94.3
2020-03-16 11:00:00+00:00,720.0,608.75,249.83,28.47,18.27,2.7,0.0,94.25
2020-03-16 12:00:00+00:00,507.4,492.9,212.16,27.99,18.3,2.7,0.0,94.23
2020-03-16 13:00:00+00:00,266.88,311.84,146.47,26.98,19.08,2.84,0.0,94.25
2020-03-16 14:00:00+00:00,59.0,34.03,49.67,23.73,23.01,2.39,0.0,94.31
2020-03-16 15:00:00+00:00,0.0,0.0,0.0,21.04,26.94,3.05,0.0,94.38
2020-03-16 16:00:00+00:00,0.0,0.0,0.0,20.06,28.7,3.34,0.0,94.45
2020-03-16 17:00:00+00:00,0.0,0.0,0.0,19.1,30.96,3.49,0.0,94.5
2020-03-16 18:00:00+00:00,0.0,0.0,0.0,18.12,33.58,3.49,0.0,94.51
2020-03-16 19:00:00+00:00,0.0,0.0,0.0,17.17,36.49,3.38,0.0,94.5
2020-03-16 20:00:00+00:00,0.0,0.0,0.0,16.33,39.22,3.23,0.0,94.49
2020-03-16 21:00:00+00:00,0.0,0.0,0.0,15.62,41.63,3.11,0.0,94.46
2020-03-16 22:00:00+00:00,0.0,0.0,0.0,15.03,43.75,3.04,0.0,94.43
2020-03-16 23:00:00+00:00,0.0,0.0,0.0,14.52,45.57,3.01,0.0,94.42
2020-03-17 00:00:00+00:00,0.0,0.0,0.0,14.08,47.17,3.01,0.0,94.41
2020-03-17 01:00:00+00:00,0.0,0.0,0.0,13.72,48.67,3.03,0.0,94.42
2020-03-17 02:00:00+00:00,0.0,0.0,0.0,13.41,50.27,3.09,0.0,94.46
2020-03-17 03:00:00+00:00,44.65,6.7,40.23,14.73,47.61,3.66,0.0,94.51
2020-03-17 04:00:00+00:00,229.5,189.31,148.63,17.3,42.8,4.52,0.0,94.57
2020-03-17 05:00:00+00:00,462.23,349.86,248.07,21.31,35.74,5.14,0.0,94.62
2020-03-17 06:00:00+00:00,672.15,456.58,297.87,25.43,27.63,6.33,0.0,94.6
2020-03-17 07:00:00+00:00,824.65,488.49,355.29,27.35,24.37,6.04,0.0,94.55
2020-03-17 08:00:00+00:00,918.85,570.76,339.52,28.79,22.16,5.66,0.0,94.47
2020-03-17 09:00:00+00:00,915.67,546.21,352.88,29.77,20.74,5.43,0.0,94.36
2020-03-17 10:00:00+00:00,835.0,491.47,353.45,30.28,20.09,5.29,0.0,94.27
2020-03-17 11:00:00+00:00,662.65,394.08,340.56,30.38,19.96,5.24,0.0,94.2
2020-03-17 12:00:00+00:00,446.62,265.64,271.55,29.93,20.54,5.35,0.0,94.17
2020-03-17 13:00:00+00:00,219.65,109.74,170.92,28.89,22.0,5.55,0.0,94.16
2020-03-17 14:00:00+00:00,49.55,2.16,51.65,25.92,26.45,4.06,0.0,94.16
2020-03-17 15:00:00+00:00,0.0,0.0,0.0,23.63,30.49,4.27,0.0,94.18
2020-03-17 16:00:00+00:00,0.0,0.0,0.0,23.11,31.42,5.05,0.0,94.22
2020-03-17 17:00:00+00:00,0.0,0.0,0.0,22.61,32.0,5.97,0.0,94.24
2020-03-17 18:00:00+00:00,0.0,0.0,0.0,21.88,32.93,6.45,0.0,94.21
2020-03-17 19:00:00+00:00,0.0,0.0,0.0,21.15,34.01,6.48,0.0,94.19
2020-03-17 20:00:00+00:00,0.0,0.0,0.0,20.76,34.58,6.52,0.0,94.15
2020-03-17 21:00:00+00:00,0.0,0.0,0.0,20.84,34.4,6.82,0.0,94.12
2020-03-17 22:00:00+00:00,0.0,0.0,0.0,20.83,34.41,6.59,0.0,94.1
2020-03-17 23:00:00+00:00,0.0,0.0,0.0,20.75,34.7,6.5,0.0,94.09
2020-03-18 00:00:00+00:00,0.0,0.0,0.0,20.59,35.34,6.37,0.0,94.06
2020-03-18 01:00:00+00:00,0.0,0.0,0.0,20.38,36.31,6.41,0.0,94.06
2020-03-18 02:00:00+00:00,0.0,0.0,0.0,19.84,38.19,5.88,0.0,94.08
2020-03-18 03:00:00+00:00,40.8,0.44,42.94,19.77,38.97,5.97,0.0,94.12
2020-03-18 04:00:00+00:00,173.93,47.36,150.74,21.12,36.71,6.34,0.0,94.18
2020-03-18 05:00:00+00:00,344.35,111.21,248.64,23.78,33.23,8.21,0.0,94.22
2020-03-18 06:00:00+00:00,514.72,142.11,338.63,26.68,30.15,8.94,0.0,94.2
2020-03-18 07:00:00+00:00,738.62,316.79,401.53,28.68,28.07,8.74,0.0,94.16
2020-03-18 08:00:00+00:00,793.33,450.57,332.87,29.84,26.91,8.38,0.0,94.09
2020-03-18 09:00:00+00:00,770.88,444.33,328.75,30.52,26.64,7.94,0.0,94.0
2020-03-18 10:00:00+00:00,741.2,374.66,347.52,31.44,25.84,7.55,0.0,93.91
2020-03-18 11:00:00+00:00,581.33,337.25,294.95,31.91,25.15,7.1,0.0,93.85
2020-03-18 12:00:00+00:00,397.05,266.11,241.05,31.89,23.84,6.47,0.0,93.83
2020-03-18 13:00:00+00:00,233.1,204.14,163.2,31.38,21.45,5.27,0.0,93.85
2020-03-18 14:00:00+00:00,60.92,34.27,53.68,27.7,22.5,2.93,0.0,93.9
2020-03-18 15:00:00+00:00,0.0,0.0,0.0,24.56,23.37,3.03,0.0,93.96
2020-03-18 16:00:00+00:00,0.0,0.0,0.0,23.25,22.51,3.61,0.0,94.06
2020-03-18 17:00:00+00:00,0.0,0.0,0.0,22.13,21.52,4.19,0.0,94.14
2020-03-18 18:00:00+00:00,0.0,0.0,0.0,21.07,20.86,4.31,0.0,94.17
2020-03-18 19:00:00+00:00,0.0,0.0,0.0,20.16,20.97,4.34,0.0,94.16
2020-03-18 20:00:00+00:00,0.0,0.0,0.0,19.19,21.73,4.14,0.0,94.13
2020-03-18 21:00:00+00:00,0.0,0.0,0.0,18.71,22.32,3.92,0.01,94.12
2020-03-18 22:00:00+00:00,0.0,0.0,0.0,17.74,24.68,3.65,0.01,94.1
2020-03-18 23:00:00+00:00,0.0,0.0,0.0,16.46,28.77,3.46,0.01,94.08
2020-03-19 00:00:00+00:00,0.0,0.0,0.0,15.4,34.23,3.35,0.0,94.09
2020-03-19 01:00:00+00:00,0.0,0.0,0.0,14.57,40.84,3.31,0.0,94.12
2020-03-19 02:00:00+00:00,0.0,0.0,0.0,13.78,48.45,3.26,0.0,94.18
2020-03-19 03:00:00+00:00,56.22,45.76,47.32,14.68,50.25,3.81,0.0,94.26
2020-03-19 04:00:00+00:00,274.4,377.43,138.24,16.94,46.17,3.87,0.0,94.33
2020-03-19 05:00:00+00:00,525.7,601.52,182.84,21.02,36.35,3.84,0.0,94.38
2020-03-19 06:00:00+00:00,744.53,721.42,211.02,25.63,22.71,3.48,0.0,94.38
2020-03-19 07:00:00+00:00,899.8,793.34,217.02,27.86,17.46,1.9,0.0,94.35
2020-03-19 08:00:00+00:00,944.58,639.22,322.33,29.45,14.7,1.06,0.0,94.28
2020-03-19 09:00:00+00:00,944.88,621.17,335.77,30.63,13.07,1.25,0.0,94.17
2020-03-19 10:00:00+00:00,865.4,579.42,332.44,31.31,12.27,1.46,0.0,94.08
2020-03-19 11:00:00+00:00,705.7,514.42,285.48,31.52,11.85,1.49,0.0,94.0
2020-03-19 12:00:00+00:00,491.8,392.01,243.48,31.23,11.78,1.28,0.0,93.96
2020-03-19 13:00:00+00:00,253.62,209.72,161.94,30.34,12.32,0.96,0.0,93.96
2020-03-19 14:00:00+00:00,60.42,26.66,51.67,26.85,15.77,2.08,0.0,93.99
2020-03-19 15:00:00+00:00,0.0,0.0,0.0,23.63,19.84,4.12,0.0,94.05
2020-03-19 16:00:00+00:00,0.0,0.0,0.0,22.4,22.55,5.34,0.0,94.12
2020-03-19 17:00:00+00:00,0.0,0.0,0.0,20.88,25.08,5.62,0.0,94.21
2020-03-19 18:00:00+00:00,0.0,0.0,0.0,19.52,27.1,4.96,0.0,94.26
2020-03-19 19:00:00+00:00,0.0,0.0,0.0,18.42,29.59,4.42,0.0,94.26
2020-03-19 20:00:00+00:00,0.0,0.0,0.0,17.38,33.94,3.98,0.0,94.24
2020-03-19 21:00:00+00:00,0.0,0.0,0.0,16.59,40.38,3.54,0.0,94.22
2020-03-19 22:00:00+00:00,0.0,0.0,0.0,16.26,47.25,3.28,0.0,94.2
2020-03-19 23:00:00+00:00,0.0,0.0,0.0,15.91,54.05,3.16,0.0,94.19
2020-03-20 00:00:00+00:00,0.0,0.0,0.0,15.56,59.68,3.08,0.0,94.18
2020-03-20 01:00:00+00:00,0.0,0.0,0.0,15.12,64.63,2.73,0.0,94.19
2020-03-20 02:00:00+00:00,0.0,0.0,0.0,14.37,69.78,2.43,0.0,94.22
2020-03-20 03:00:00+00:00,48.12,2.12,47.73,15.02,67.73,3.52,0.0,94.25
2020-03-20 04:00:00+00:00,197.73,70.75,155.94,17.32,58.21,4.26,0.0,94.31
2020-03-20 05:00:00+00:00,381.5,123.45,258.69,21.08,43.66,5.19,0.0,94.34
2020-03-20 06:00:00+00:00,611.42,226.48,358.16,24.25,34.87,5.96,0.0,94.32
2020-03-20 07:00:00+00:00,766.88,362.62,400.12,26.54,30.25,6.16,0.0,94.27
2020-03-20 08:00:00+00:00,891.38,535.0,361.95,28.21,27.33,5.87,0.0,94.19
2020-03-20 09:00:00+00:00,904.42,611.0,341.97,29.32,25.44,5.64,0.0,94.05
2020-03-20 10:00:00+00:00,784.62,431.24,378.38,30.71,23.16,5.33,0.0,93.93
2020-03-20 11:00:00+00:00,585.9,293.8,345.98,30.76,22.39,4.91,0.0,93.85
2020-03-20 12:00:00+00:00,303.73,136.52,202.18,30.58,21.62,4.53,0.0,93.78
2020-03-20 13:00:00+00:00,174.77,51.23,145.63,29.83,21.61,3.22,0.0,93.76
2020-03-20 14:00:00+00:00,47.83,6.71,43.4,27.33,24.86,2.03,0.0,93.77
2020-03-20 15:00:00+00:00,0.0,0.0,0.0,26.42,26.58,1.73,0.0,93.79
2020-03-20 16:00:00+00:00,0.0,0.0,0.0,25.81,27.79,1.34,0.0,93.83
2020-03-20 17:00:00+00:00,0.0,0.0,0.0,24.53,29.52,0.94,0.0,93.89
2020-03-20 18:00:00+00:00,0.0,0.0,0.0,23.03,30.72,1.09,0.0,93.91
2020-03-20 19:00:00+00:00,0.0,0.0,0.0,22.13,29.8,1.54,0.0,93.91
2020-03-20 20:00:00+00:00,0.0,0.0,0.0,21.62,27.38,1.82,0.0,93.91
2020-03-20 21:00:00+00:00,0.0,0.0,0.0,20.97,24.91,1.95,0.0,93.87
2020-03-20 22:00:00+00:00,0.0,0.0,0.0,20.19,22.58,2.25,0.0,93.83
2020-03-20 23:00:00+00:00,0.0,0.0,0.0,19.41,19.96,2.71,0.0,93.8
2020-03-21 00:00:00+00:00,0.0,0.0,0.0,18.2,17.5,3.21,0.0,93.78
2020-03-21 01:00:00+00:00,0.0,0.0,0.0,17.36,14.81,3.5,0.0,93.8
2020-03-21 02:00:00+00:00,0.0,0.0,0.0,16.9,12.99,3.69,0.0,93.82
2020-03-21 03:00:00+00:00,58.85,28.38,54.38,17.67,11.33,4.68,0.0,93.86
2020-03-21 04:00:00+00:00,273.7,328.52,162.77,19.84,9.57,5.76,0.0,93.92
2020-03-21 05:00:00+00:00,539.35,605.32,190.9,23.27,8.29,4.81,0.0,93.96
2020-03-21 06:00:00+00:00,756.55,740.6,197.66,27.65,7.49,5.34,0.0,93.95
2020-03-21 07:00:00+00:00,915.62,818.12,201.72,29.34,7.05,5.19,0.0,93.91
2020-03-21 08:00:00+00:00,967.65,703.51,273.25,30.39,6.8,5.33,0.0,93.84
2020-03-21 09:00:00+00:00,971.55,716.05,267.24,30.92,6.73,5.49,0.0,93.75
2020-03-21 10:00:00+00:00,894.92,676.38,278.32,30.93,6.92,5.53,0.0,93.67
2020-03-21 11:00:00+00:00,738.0,625.55,246.87,30.55,7.34,5.47,0.0,93.63
2020-03-21 12:00:00+00:00,526.62,520.36,212.78,29.9,8.15,5.24,0.0,93.62
2020-03-21 13:00:00+00:00,284.1,337.51,152.23,28.8,9.48,4.53,0.0,93.64
2020-03-21 14:00:00+00:00,69.85,73.96,54.65,25.02,13.07,2.57,0.0,93.67
2020-03-21 15:00:00+00:00,0.0,0.0,0.0,23.04,15.32,2.27,0.0,93.71
2020-03-21 16:00:00+00:00,0.0,0.0,0.0,23.14,15.71,1.73,0.0,93.76
2020-03-21 17:00:00+00:00,0.0,0.0,0.0,23.19,15.93,1.02,0.0,93.8
2020-03-21 18:00:00+00:00,0.0,0.0,0.0,22.83,16.39,0.08,0.0,93.8
2020-03-21 19:00:00+00:00,0.0,0.0,0.0,21.52,17.69,1.0,0.0,93.78
2020-03-21 20:00:00+00:00,0.0,0.0,0.0,19.54,20.05,2.12,0.0,93.76
2020-03-21 21:00:00+00:00,0.0,0.0,0.0,18.23,22.41,3.47,0.0,93.76
2020-03-21 22:00:00+00:00,0.0,0.0,0.0,18.04,24.06,5.61,0.0,93.78
2020-03-21 23:00:00+00:00,0.0,0.0,0.0,18.14,24.7,7.06,0.0,93.78
2020-03-22 00:00:00+00:00,0.0,0.0,0.0,17.6,25.18,7.18,0.0,93.77
2020-03-22 01:00:00+00:00,0.0,0.0,0.0,16.78,25.83,7.19,0.0,93.81
2020-03-22 02:00:00+00:00,0.0,0.0,0.0,15.73,27.21,7.14,0.0,93.86
2020-03-22 03:00:00+00:00,70.03,105.08,51.67,15.77,27.25,7.79,0.0,93.95
2020-03-22 04:00:00+00:00,306.9,491.1,126.71,18.06,24.03,8.69,0.0,94.05
2020-03-22 05:00:00+00:00,560.85,662.75,179.98,20.59,21.85,9.55,0.0,94.13
2020-03-22 06:00:00+00:00,776.53,765.76,197.49,22.4,18.56,9.72,0.0,94.15
2020-03-22 07:00:00+00:00,935.05,817.4,216.5,23.71,14.68,10.64,0.0,94.16
2020-03-22 08:00:00+00:00,993.75,687.22,302.57,24.36,12.33,11.3,0.0,94.13
2020-03-22 09:00:00+00:00,997.22,711.27,288.69,24.59,11.08,11.32,0.0,94.08
2020-03-22 10:00:00+00:00,918.12,695.79,283.0,24.53,10.39,10.79,0.0,94.04
2020-03-22 11:00:00+00:00,766.35,656.22,250.42,24.19,10.15,10.14,0.0,94.05
2020-03-22 12:00:00+00:00,555.5,572.77,211.74,23.35,10.58,9.5,0.0,94.09
2020-03-22 13:00:00+00:00,310.58,435.34,145.7,22.01,11.88,8.74,0.0,94.16
2020-03-22 14:00:00+00:00,79.9,139.62,53.61,19.79,14.81,6.57,0.0,94.25
2020-03-22 15:00:00+00:00,0.0,0.0,0.0,16.85,19.24,4.2,0.0,94.33
2020-03-22 16:00:00+00:00,0.0,0.0,0.0,15.68,21.69,3.88,0.0,94.41
2020-03-22 17:00:00+00:00,0.0,0.0,0.0,14.66,23.62,3.69,0.0,94.46
2020-03-22 18:00:00+00:00,0.0,0.0,0.0,13.67,25.48,3.55,0.0,94.46
2020-03-22 19:00:00+00:00,0.0,0.0,0.0,12.79,27.08,3.52,0.0,94.44
2020-03-22 20:00:00+00:00,0.0,0.0,0.0,12.04,28.33,3.6,0.0,94.41
2020-03-22 21:00:00+00:00,0.0,0.0,0.0,11.39,29.46,3.78,0.0,94.39
2020-03-22 22:00:00+00:00,0.0,0.0,0.0,10.68,30.76,3.84,0.0,94.38
2020-03-22 23:00:00+00:00,0.0,0.0,0.0,9.95,32.3,3.77,0.0,94.38
2020-03-23 00:00:00+00:00,0.0,0.0,0.0,9.24,34.01,3.58,0.0,94.39
2020-03-23 01:00:00+00:00,0.0,0.0,0.0,8.61,35.92,3.38,0.0,94.43
2020-03-23 02:00:00+00:00,0.0,0.0,0.0,8.1,37.63,3.29,0.0,94.5
2020-03-23 03:00:00+00:00,85.35,236.67,47.22,10.11,33.49,3.77,0.0,94.57
2020-03-23 04:00:00+00:00,333.35,626.32,107.26,13.34,27.87,4.16,0.0,94.65
2020-03-23 05:00:00+00:00,585.22,771.08,146.0,17.47,21.77,4.94,0.0,94.7
2020-03-23 06:00:00+00:00,799.53,857.47,160.86,20.26,16.94,5.56,0.0,94.7
2020-03-23 07:00:00+00:00,956.5,896.36,178.61,22.24,13.53,5.26,0.0,94.66
2020-03-23 08:00:00+00:00,1010.88,781.95,250.86,23.81,11.16,5.11,0.0,94.59
2020-03-23 09:00:00+00:00,1014.22,790.01,247.69,24.97,9.59,5.13,0.0,94.49
2020-03-23 10:00:00+00:00,937.15,759.08,254.48,25.65,8.6,5.18,0.0,94.41
2020-03-23 11:00:00+00:00,771.45,700.73,233.38,25.83,8.1,5.2,0.0,94.36
2020-03-23 12:00:00+00:00,549.95,597.06,194.34,25.45,8.0,5.18,0.0,94.34
2020-03-23 13:00:00+00:00,300.3,406.14,150.02,24.46,8.3,5.03,0.0,94.37
2020-03-23 14:00:00+00:00,74.7,83.3,57.25,20.63,10.6,3.19,0.0,94.4
2020-03-23 15:00:00+00:00,0.0,0.0,0.0,17.18,13.07,3.31,0.0,94.44
2020-03-23 16:00:00+00:00,0.0,0.0,0.0,16.04,13.98,3.39,0.0,94.47
2020-03-23 17:00:00+00:00,0.0,0.0,0.0,15.0,15.04,3.42,0.0,94.51
2020-03-23 18:00:00+00:00,0.0,0.0,0.0,14.02,16.4,3.38,0.0,94.5
2020-03-23 19:00:00+00:00,0.0,0.0,0.0,13.08,18.13,3.29,0.0,94.47
2020-03-23 20:00:00+00:00,0.0,0.0,0.0,12.21,20.47,3.17,0.0,94.45
2020-03-23 21:00:00+00:00,0.0,0.0,0.0,11.58,23.0,2.89,0.0,94.42
2020-03-23 22:00:00+00:00,0.0,0.0,0.0,11.44,24.88,2.36,0.0,94.39
2020-03-23 23:00:00+00:00,0.0,0.0,0.0,11.62,25.91,1.72,0.0,94.36
2020-03-24 00:00:00+00:00,0.0,0.0,0.0,11.51,26.99,1.16,0.0,94.35
2020-03-24 01:00:00+00:00,0.0,0.0,0.0,11.1,28.31,0.97,0.0,94.36
2020-03-24 02:00:00+00:00,0.0,0.0,0.0,10.67,29.38,1.0,0.0,94.4
2020-03-24 03:00:00+00:00,77.65,119.4,56.64,11.27,28.03,0.7,0.0,94.49
2020-03-24 04:00:00+00:00,315.05,489.57,131.68,13.51,23.82,0.88,0.0,94.58
2020-03-24 05:00:00+00:00,565.67,667.52,173.72,17.19,18.27,1.21,0.0,94.6
2020-03-24 06:00:00+00:00,778.15,755.07,209.94,22.14,11.16,1.57,0.0,94.58
2020-03-24 07:00:00+00:00,918.35,732.21,273.37,24.55,8.71,1.87,0.0,94.52
2020-03-24 08:00:00+00:00,899.97,442.06,421.32,26.17,7.5,2.44,0.0,94.42
2020-03-24 09:00:00+00:00,866.8,397.28,434.46,27.21,7.0,2.83,0.0,94.28
2020-03-24 10:00:00+00:00,839.25,454.31,436.5,27.72,7.03,3.33,0.0,94.18
2020-03-24 11:00:00+00:00,602.6,266.05,360.27,27.59,7.37,3.72,0.0,94.1
2020-03-24 12:00:00+00:00,494.2,384.75,241.87,26.78,8.02,3.81,0.0,94.08
2020-03-24 13:00:00+00:00,248.7,205.18,172.81,25.65,8.99,3.12,0.0,94.09
2020-03-24 14:00:00+00:00,61.12,18.55,55.02,22.19,11.74,2.41,0.0,94.11
2020-03-24 15:00:00+00:00,0.0,0.0,0.0,19.13,14.33,3.01,0.0,94.16
2020-03-24 16:00:00+00:00,0.0,0.0,0.0,17.89,16.01,3.32,0.0,94.21
2020-03-24 17:00:00+00:00,0.0,0.0,0.0,17.02,17.46,3.31,0.0,94.25
2020-03-24 18:00:00+00:00,0.0,0.0,0.0,16.72,18.12,3.07,0.0,94.24
2020-03-24 19:00:00+00:00,0.0,0.0,0.0,16.21,18.87,2.85,0.0,94.21
2020-03-24 20:00:00+00:00,0.0,0.0,0.0,15.33,19.87,2.78,0.0,94.18
2020-03-24 21:00:00+00:00,0.0,0.0,0.0,14.29,20.87,2.89,0.0,94.16
2020-03-24 22:00:00+00:00,0.0,0.0,0.0,13.38,21.45,3.04,0.0,94.11
2020-03-24 23:00:00+00:00,0.0,0.0,0.0,12.74,21.54,3.0,0.0,94.08
2020-03-25 00:00:00+00:00,0.0,0.0,0.0,12.5,21.47,2.83,0.0,94.1
2020-03-25 01:00:00+00:00,0.0,0.0,0.0,12.42,21.38,2.77,0.0,94.12
2020-03-25 02:00:00+00:00,0.0,0.0,0.0,11.99,22.0,2.95,0.0,94.15
2020-03-25 03:00:00+00:00,60.28,15.52,55.69,13.66,19.92,2.77,0.0,94.18
2020-03-25 04:00:00+00:00,204.4,120.27,161.12,17.7,15.83,3.68,0.0,94.21
2020-03-25 05:00:00+00:00,363.4,164.55,247.2,21.45,13.07,3.7,0.0,94.23
2020-03-25 06:00:00+00:00,714.9,459.96,360.92,26.27,10.36,4.78,0.0,94.22
2020-03-25 07:00:00+00:00,878.8,579.58,343.06,28.56,9.51,4.08,0.0,94.16
2020-03-25 08:00:00+00:00,961.0,597.23,357.61,30.0,9.46,3.44,0.0,94.07
2020-03-25 09:00:00+00:00,963.62,615.65,345.93,30.86,9.8,3.14,0.0,93.97
2020-03-25 10:00:00+00:00,863.35,513.71,374.89,31.23,10.32,2.97,0.0,93.87
2020-03-25 11:00:00+00:00,695.8,427.23,321.21,31.18,10.87,2.8,0.0,93.81
2020-03-25 12:00:00+00:00,460.02,317.98,255.3,30.7,11.54,2.56,0.0,93.79
2020-03-25 13:00:00+00:00,241.3,168.64,173.36,29.63,12.52,2.1,0.0,93.8
2020-03-25 14:00:00+00:00,61.92,16.61,58.6,26.69,15.21,1.18,0.0,93.82
2020-03-25 15:00:00+00:00,0.0,0.0,0.0,25.17,16.22,1.67,0.0,93.86
2020-03-25 16:00:00+00:00,0.0,0.0,0.0,23.63,17.33,2.6,0.0,93.89
2020-03-25 17:00:00+00:00,0.0,0.0,0.0,21.84,18.35,3.73,0.0,93.9
2020-03-25 18:00:00+00:00,0.0,0.0,0.0,20.68,18.22,4.5,0.0,93.9
2020-03-25 19:00:00+00:00,0.0,0.0,0.0,19.87,17.8,5.27,0.0,93.92
2020-03-25 20:00:00+00:00,0.0,0.0,0.0,18.91,18.07,6.03,0.0,93.91
2020-03-25 21:00:00+00:00,0.0,0.0,0.0,18.24,18.55,6.08,0.0,93.9
2020-03-25 22:00:00+00:00,0.0,0.0,0.0,17.67,19.23,5.88,0.0,93.88
2020-03-25 23:00:00+00:00,0.0,0.0,0.0,17.29,19.76,5.75,0.0,93.84
2020-03-26 00:00:00+00:00,0.0,0.0,0.0,16.95,20.5,5.08,0.0,93.85
2020-03-26 01:00:00+00:00,0.0,0.0,0.0,16.28,21.73,4.43,0.0,93.9
2020-03-26 02:00:00+00:00,0.0,0.0,0.0,15.31,23.74,3.94,0.0,93.94
2020-03-26 03:00:00+00:00,67.9,25.28,62.42,15.88,23.48,4.73,0.0,93.97
2020-03-26 04:00:00+00:00,270.7,273.51,164.64,18.1,20.92,4.87,0.0,94.03
2020-03-26 05:00:00+00:00,539.75,518.48,221.76,21.77,17.07,5.22,0.0,94.05
2020-03-26 06:00:00+00:00,750.75,614.94,265.88,25.49,14.06,6.18,0.0,94.04
2020-03-26 07:00:00+00:00,911.35,713.03,263.96,28.61,12.08,6.5,0.0,93.98
2020-03-26 08:00:00+00:00,943.8,542.42,369.92,30.86,11.08,6.34,0.0,93.89
2020-03-26 09:00:00+00:00,939.03,555.27,367.37,32.29,10.67,6.11,0.0,93.8
2020-03-26 10:00:00+00:00,859.5,506.74,366.95,33.01,10.38,5.92,0.0,93.71
2020-03-26 11:00:00+00:00,693.55,424.34,337.9,33.16,9.9,5.87,0.0,93.62
2020-03-26 12:00:00+00:00,478.88,352.66,251.59,32.8,9.32,5.72,0.0,93.6
2020-03-26 13:00:00+00:00,257.48,203.57,171.83,31.8,9.1,4.72,0.0,93.65
2020-03-26 14:00:00+00:00,67.1,28.64,56.29,27.4,11.49,2.67,0.0,93.69
2020-03-26 15:00:00+00:00,0.0,0.0,0.0,25.72,12.27,2.16,0.0,93.71
2020-03-26 16:00:00+00:00,0.0,0.0,0.0,25.68,12.17,1.3,0.0,93.74
2020-03-26 17:00:00+00:00,0.0,0.0,0.0,24.97,12.7,0.47,0.0,93.76
2020-03-26 18:00:00+00:00,0.0,0.0,0.0,23.56,13.93,0.58,0.0,93.79
2020-03-26 19:00:00+00:00,0.0,0.0,0.0,22.24,15.2,1.07,0.0,93.8
2020-03-26 20:00:00+00:00,0.0,0.0,0.0,20.71,16.75,1.84,0.0,93.8
2020-03-26 21:00:00+00:00,0.0,0.0,0.0,18.78,18.89,2.88,0.0,93.8
2020-03-26 22:00:00+00:00,0.0,0.0,0.0,17.53,20.28,3.85,0.0,93.79
2020-03-26 23:00:00+00:00,0.0,0.0,0.0,17.31,20.78,4.48,0.0,93.77
2020-03-27 00:00:00+00:00,0.0,0.0,0.0,18.06,20.7,5.47,0.0,93.78
2020-03-27 01:00:00+00:00,0.0,0.0,0.0,17.81,23.02,6.45,0.0,93.82
2020-03-27 02:00:00+00:00,0.0,0.0,0.0,17.36,26.58,6.69,0.0,93.87
2020-03-27 03:00:00+00:00,74.78,46.23,64.03,18.01,27.86,6.87,0.0,93.94
2020-03-27 04:00:00+00:00,276.67,268.24,171.66,20.11,25.28,6.51,0.0,94.0
2020-03-27 05:00:00+00:00,489.8,408.31,242.18,23.67,20.2,6.5,0.0,94.05
2020-03-27 06:00:00+00:00,701.38,503.37,283.75,27.67,14.84,6.38,0.0,94.07
2020-03-27 07:00:00+00:00,761.33,350.25,426.09,31.6,10.31,6.3,0.0,94.05
2020-03-27 08:00:00+00:00,931.12,628.61,351.98,34.0,8.53,5.66,0.0,93.97
2020-03-27 09:00:00+00:00,985.78,770.23,257.03,35.15,8.25,5.41,0.0,93.87
2020-03-27 10:00:00+00:00,857.33,616.97,308.68,35.07,9.3,5.9,0.0,93.81
2020-03-27 11:00:00+00:00,545.12,198.9,344.91,34.89,10.75,5.94,0.0,93.78
2020-03-27 12:00:00+00:00,331.67,47.54,268.82,34.34,12.05,5.59,0.0,93.78
2020-03-27 13:00:00+00:00,190.48,79.48,156.06,33.22,13.31,4.43,0.0,93.8
2020-03-27 14:00:00+00:00,61.0,26.66,54.64,29.39,16.76,2.35,0.0,93.81
2020-03-27 15:00:00+00:00,0.0,0.0,0.0,26.99,18.94,2.54,0.0,93.84
2020-03-27 16:00:00+00:00,0.0,0.0,0.0,25.24,20.23,3.23,0.0,93.91
2020-03-27 17:00:00+00:00,0.0,0.0,0.0,24.69,19.57,3.55,0.0,93.98
2020-03-27 18:00:00+00:00,0.0,0.0,0.0,23.6,19.4,3.22,0.0,94.01
2020-03-27 19:00:00+00:00,0.0,0.0,0.0,22.14,19.9,3.0,0.0,94.01
2020-03-27 20:00:00+00:00,0.0,0.0,0.0,21.01,20.29,3.02,0.0,94.0
2020-03-27 21:00:00+00:00,0.0,0.0,0.0,20.43,20.4,2.97,0.0,93.97
2020-03-27 22:00:00+00:00,0.0,0.0,0.0,20.07,21.05,2.97,0.0,93.97
2020-03-27 23:00:00+00:00,0.0,0.0,0.0,19.92,21.94,2.96,0.0,93.91
2020-03-28 00:00:00+00:00,0.0,0.0,0.0,18.91,23.76,3.0,0.0,93.85
2020-03-28 01:00:00+00:00,0.0,0.0,0.0,18.37,24.51,2.92,0.0,93.85
2020-03-28 02:00:00+00:00,0.0,0.0,0.0,19.29,23.09,1.5,0.0,93.94
2020-03-28 03:00:00+00:00,62.42,31.55,59.52,19.95,22.2,0.85,0.0,94.08
2020-03-28 04:00:00+00:00,199.0,107.11,163.11,22.39,19.05,1.5,0.0,94.05
2020-03-28 05:00:00+00:00,357.1,158.64,243.49,25.3,15.89,2.7,0.0,93.98
2020-03-28 06:00:00+00:00,705.97,564.5,259.59,29.86,14.42,1.27,0.0,93.97
2020-03-28 07:00:00+00:00,852.12,597.25,304.98,33.07,15.52,2.08,0.0,93.95
2020-03-28 08:00:00+00:00,812.03,347.38,406.03,34.5,14.73,3.39,0.0,93.87
2020-03-28 09:00:00+00:00,596.88,182.76,374.25,35.46,13.95,4.43,0.0,93.76
2020-03-28 10:00:00+00:00,571.55,166.29,351.07,35.95,13.56,5.69,0.0,93.66
2020-03-28 11:00:00+00:00,501.35,119.16,348.77,35.96,13.54,6.72,0.0,93.57
2020-03-28 12:00:00+00:00,366.45,169.8,225.92,35.5,13.81,7.22,0.0,93.53
2020-03-28 13:00:00+00:00,190.93,54.82,165.38,34.46,14.62,6.6,0.0,93.5
2020-03-28 14:00:00+00:00,55.92,1.53,51.47,31.41,17.29,4.17,0.0,93.5
2020-03-28 15:00:00+00:00,0.0,0.0,0.0,28.82,20.06,3.72,0.0,93.52
2020-03-28 16:00:00+00:00,0.0,0.0,0.0,28.38,21.2,4.3,0.0,93.56
2020-03-28 17:00:00+00:00,0.0,0.0,0.0,28.33,23.76,4.91,0.0,93.62
2020-03-28 18:00:00+00:00,0.0,0.0,0.0,27.81,27.56,4.54,0.0,93.6
2020-03-28 19:00:00+00:00,0.0,0.0,0.0,27.69,28.91,5.64,0.0,93.57
2020-03-28 20:00:00+00:00,0.0,0.0,0.0,26.81,30.14,7.21,0.0,93.57
2020-03-28 21:00:00+00:00,0.0,0.0,0.0,24.72,30.35,7.46,0.0,93.62
2020-03-28 22:00:00+00:00,0.0,0.0,0.0,22.84,29.27,7.73,0.0,93.64
2020-03-28 23:00:00+00:00,0.0,0.0,0.0,21.29,33.89,6.91,0.0,93.66
2020-03-29 00:00:00+00:00,0.0,0.0,0.0,20.19,40.57,6.74,0.0,93.69
2020-03-29 01:00:00+00:00,0.0,0.0,0.0,19.1,47.49,6.23,0.0,93.75
2020-03-29 02:00:00+00:00,0.0,0.0,0.0,18.13,54.15,5.91,0.0,93.8
2020-03-29 03:00:00+00:00,72.72,10.3,66.61,18.2,56.3,6.33,0.0,93.84
2020-03-29 04:00:00+00:00,259.35,135.43,195.11,20.16,49.91,7.57,0.0,93.89
2020-03-29 05:00:00+00:00,489.17,267.92,282.37,23.1,38.65,8.19,0.0,93.92
2020-03-29 06:00:00+00:00,698.67,357.49,364.62,25.91,29.67,7.67,0.0,93.92
2020-03-29 07:00:00+00:00,853.95,419.93,404.75,27.87,24.72,6.56,0.0,93.9
2020-03-29 08:00:00+00:00,971.33,566.72,369.73,29.2,21.69,5.92,0.0,93.86
2020-03-29 09:00:00+00:00,972.1,580.21,361.27,29.99,19.89,5.63,0.0,93.78
2020-03-29 10:00:00+00:00,889.83,570.6,346.52,30.37,18.9,5.57,0.0,93.7
2020-03-29 11:00:00+00:00,735.3,515.85,310.27,30.27,18.62,5.6,0.0,93.65
2020-03-29 12:00:00+00:00,520.22,397.05,262.97,29.69,19.03,5.64,0.0,93.65
2020-03-29 13:00:00+00:00,278.55,238.32,176.16,28.6,20.2,5.71,0.0,93.67
2020-03-29 14:00:00+00:00,72.43,29.66,60.35,26.5,22.93,4.78,0.0,93.73
2020-03-29 15:00:00+00:00,0.0,0.0,0.0,24.11,26.51,5.24,0.0,93.8
2020-03-29 16:00:00+00:00,0.0,0.0,0.0,23.2,28.02,6.61,0.0,93.88
2020-03-29 17:00:00+00:00,0.0,0.0,0.0,22.05,29.96,6.93,0.0,93.96
2020-03-29 18:00:00+00:00,0.0,0.0,0.0,21.01,31.95,6.71,0.0,94.01
2020-03-29 19:00:00+00:00,0.0,0.0,0.0,20.09,34.14,6.18,0.0,94.03
2020-03-29 20:00:00+00:00,0.0,0.0,0.0,19.23,36.82,5.59,0.0,94.03
2020-03-29 21:00:00+00:00,0.0,0.0,0.0,18.39,40.01,4.93,0.0,94.03
2020-03-29 22:00:00+00:00,0.0,0.0,0.0,17.59,43.05,4.47,0.0,94.02
2020-03-29 23:00:00+00:00,0.0,0.0,0.0,16.87,45.77,4.13,0.0,94.04
2020-03-30 00:00:00+00:00,0.0,0.0,0.0,16.18,48.09,3.73,0.0,94.09
2020-03-30 01:00:00+00:00,0.0,0.0,0.0,15.51,50.15,3.37,0.0,94.17
2020-03-30 02:00:00+00:00,0.0,0.0,0.0,14.9,51.93,3.13,0.0,94.25
2020-03-30 03:00:00+00:00,85.55,59.35,71.45,15.93,48.07,4.26,0.0,94.33
2020-03-30 04:00:00+00:00,298.67,288.42,181.53,18.41,40.27,4.47,0.0,94.42
2020-03-30 05:00:00+00:00,544.9,482.64,226.8,22.48,30.4,5.51,0.0,94.47
2020-03-30 06:00:00+00:00,759.3,606.11,266.48,24.69,26.66,5.06,0.0,94.48
2020-03-30 07:00:00+00:00,914.92,683.31,275.79,26.33,24.36,4.4,0.0,94.45
2020-03-30 08:00:00+00:00,965.2,589.72,347.22,27.61,22.66,3.64,0.0,94.4
2020-03-30 09:00:00+00:00,963.72,591.68,345.37,28.48,21.41,2.95,0.0,94.32
2020-03-30 10:00:00+00:00,883.58,562.81,333.61,28.92,20.55,2.36,0.0,94.26
2020-03-30 11:00:00+00:00,719.4,492.5,310.33,28.97,20.15,1.95,0.0,94.22
2020-03-30 12:00:00+00:00,502.65,389.58,243.6,28.62,20.21,1.84,0.0,94.21
2020-03-30 13:00:00+00:00,265.45,218.89,172.32,27.84,20.92,2.06,0.0,94.24
2020-03-30 14:00:00+00:00,69.3,22.83,60.63,25.66,23.75,1.85,0.0,94.3
2020-03-30 15:00:00+00:00,0.0,0.0,0.0,22.85,28.28,2.54,0.0,94.35
2020-03-30 16:00:00+00:00,0.0,0.0,0.0,21.8,30.45,2.91,0.0,94.4
2020-03-30 17:00:00+00:00,0.0,0.0,0.0,20.89,32.52,3.1,0.0,94.46
2020-03-30 18:00:00+00:00,0.0,0.0,0.0,20.0,34.44,3.24,0.0,94.49
2020-03-30 19:00:00+00:00,0.0,0.0,0.0,19.05,36.2,3.25,0.0,94.52
2020-03-30 20:00:00+00:00,0.0,0.0,0.0,18.1,37.33,3.18,0.0,94.52
2020-03-30 21:00:00+00:00,0.0,0.0,0.0,17.23,37.51,3.09,0.0,94.51
2020-03-30 22:00:00+00:00,0.0,0.0,0.0,16.47,36.62,3.0,0.0,94.51
2020-03-30 23:00:00+00:00,0.0,0.0,0.0,15.79,35.05,2.91,0.0,94.5
2020-03-31 00:00:00+00:00,0.0,0.0,0.0,15.14,33.29,2.84,0.0,94.52
2020-03-31 01:00:00+00:00,0.0,0.0,0.0,14.56,31.56,2.79,0.0,94.55
2020-03-31 02:00:00+00:00,0.0,0.0,0.0,14.06,30.26,2.76,0.0,94.59
2020-03-31 03:00:00+00:00,81.45,24.95,68.88,15.78,25.75,3.36,0.0,94.66
2020-03-31 04:00:00+00:00,274.02,175.89,186.56,18.2,21.6,3.46,0.0,94.74
2020-03-31 05:00:00+00:00,504.3,312.3,275.19,22.48,17.26,4.73,0.0,94.8
2020-03-31 06:00:00+00:00,714.67,410.27,357.93,25.28,16.24,4.27,0.0,94.82
2020-03-31 07:00:00+00:00,868.25,468.24,386.7,26.99,15.82,3.48,0.0,94.79
2020-03-31 08:00:00+00:00,1003.95,775.52,243.33,28.34,15.2,2.96,0.0,94.72
2020-03-31 09:00:00+00:00,951.26,571.19,369.77,29.27,14.68,2.8,0.0,94.63
2020-03-31 10:00:00+00:00,873.23,548.92,347.55,29.8,14.48,2.87,0.0,94.55
2020-03-31 11:00:00+00:00,721.4,518.64,286.96,29.88,14.62,3.02,0.0,94.48
2020-03-31 12:00:00+00:00,523.95,477.58,225.64,29.52,15.07,3.27,0.0,94.44
2020-03-31 13:00:00+00:00,282.88,288.52,170.67,28.63,15.98,3.76,0.0,94.45
2020-03-31 14:00:00+00:00,75.75,43.46,65.22,26.08,18.47,3.05,0.0,94.47
2020-03-31 15:00:00+00:00,0.0,0.0,0.0,23.16,21.62,3.43,0.0,94.5
2020-03-31 16:00:00+00:00,0.0,0.0,0.0,22.38,22.12,3.97,0.0,94.54
2020-03-31 17:00:00+00:00,0.0,0.0,0.0,21.61,22.61,4.39,0.0,94.59
2020-03-31 18:00:00+00:00,0.0,0.0,0.0,20.77,23.38,4.66,0.0,94.62
2020-03-31 19:00:00+00:00,0.0,0.0,0.0,19.89,24.36,4.83,0.0,94.6
2020-03-31 20:00:00+00:00,0.0,0.0,0.0,19.2,25.21,5.12,0.0,94.54
2020-03-31 21:00:00+00:00,0.0,0.0,0.0,18.6,25.94,5.15,0.0,94.49
2020-03-31 22:00:00+00:00,0.0,0.0,0.0,17.91,26.86,4.73,0.0,94.45
2020-03-31 23:00:00+00:00,0.0,0.0,0.0,17.35,27.75,4.52,0.0,94.44
2020-04-01 00:00:00+00:00,0.0,0.0,0.0,16.89,28.5,4.3,0.0,94.46
2020-04-01 01:00:00+00:00,0.0,0.0,0.0,16.58,29.08,4.19,0.0,94.51
2020-04-01 02:00:00+00:00,0.0,0.0,0.0,16.47,29.38,4.43,0.0,94.56
2020-04-01 03:00:00+00:00,75.7,7.94,70.53,17.76,27.16,5.64,0.0,94.59
2020-04-01 04:00:00+00:00,242.27,98.06,192.08,20.04,23.7,5.71,0.0,94.65
2020-04-01 05:00:00+00:00,454.4,217.83,267.75,24.23,19.01,8.02,0.0,94.67
2020-04-01 06:00:00+00:00,563.22,299.18,302.42,27.59,17.38,8.61,0.0,94.65
2020-04-01 07:00:00+00:00,702.3,103.31,491.44,29.98,16.66,8.28,0.0,94.59
2020-04-01 08:00:00+00:00,707.45,142.21,467.67,31.72,16.11,7.94,0.0,94.52
2020-04-01 09:00:00+00:00,762.92,197.89,421.79,32.78,15.82,7.66,0.0,94.42
2020-04-01 10:00:00+00:00,672.38,263.18,379.46,33.3,15.79,7.35,0.0,94.31
2020-04-01 11:00:00+00:00,612.25,248.17,349.86,33.32,15.99,7.17,0.0,94.21
2020-04-01 12:00:00+00:00,438.0,194.77,282.23,32.85,16.53,7.01,0.0,94.15
2020-04-01 13:00:00+00:00,219.5,83.68,172.36,31.84,17.46,6.63,0.0,94.13
2020-04-01 14:00:00+00:00,61.35,3.32,59.2,29.1,20.24,4.49,0.0,94.13
2020-04-01 15:00:00+00:00,0.0,0.0,0.0,26.39,23.36,4.45,0.0,94.15
2020-04-01 16:00:00+00:00,0.0,0.0,0.0,25.8,23.66,5.54,0.0,94.2
2020-04-01 17:00:00+00:00,0.0,0.0,0.0,25.16,23.93,6.42,0.0,94.23
2020-04-01 18:00:00+00:00,0.0,0.0,0.0,24.28,24.58,6.66,0.0,94.25
2020-04-01 19:00:00+00:00,0.0,0.0,0.0,23.39,25.24,6.63,0.0,94.22
2020-04-01 20:00:00+00:00,0.0,0.0,0.0,22.53,25.75,6.45,0.0,94.17
2020-04-01 21:00:00+00:00,0.0,0.0,0.0,21.84,25.92,6.44,0.0,94.12
2020-04-01 22:00:00+00:00,0.0,0.0,0.0,21.32,25.92,6.56,0.0,94.08
2020-04-01 23:00:00+00:00,0.0,0.0,0.0,20.9,26.1,6.63,0.0,94.05
2020-04-02 00:00:00+00:00,0.0,0.0,0.0,20.46,26.94,6.57,0.0,94.04
2020-04-02 01:00:00+00:00,0.0,0.0,0.0,20.0,28.5,6.53,0.0,94.07
2020-04-02 02:00:00+00:00,0.0,0.0,0.0,19.57,30.6,6.56,0.0,94.11
2020-04-02 03:00:00+00:00,94.18,58.98,81.54,20.3,30.59,7.43,0.0,94.17
2020-04-02 04:00:00+00:00,307.4,289.33,184.45,22.89,27.04,7.51,0.0,94.22
2020-04-02 05:00:00+00:00,552.22,474.12,236.51,26.84,21.45,7.41,0.0,94.23
2020-04-02 06:00:00+00:00,764.97,581.35,282.02,30.3,16.39,6.56,0.0,94.21
2020-04-02 07:00:00+00:00,914.25,631.62,314.79,32.74,12.93,5.45,0.0,94.17
2020-04-02 08:00:00+00:00,912.2,429.08,446.65,34.28,11.08,4.96,0.0,94.1
2020-04-02 09:00:00+00:00,911.5,431.56,431.72,35.22,10.09,4.84,0.0,94.03
2020-04-02 10:00:00+00:00,806.25,420.0,398.13,35.65,9.61,4.73,0.0,93.95
2020-04-02 11:00:00+00:00,636.88,274.28,355.52,35.57,9.52,4.68,0.0,93.91
2020-04-02 12:00:00+00:00,478.52,281.63,276.85,35.05,9.69,4.57,0.0,93.91
2020-04-02 13:00:00+00:00,251.57,139.73,186.34,34.03,10.09,4.17,0.0,93.93
2020-04-02 14:00:00+00:00,69.35,9.87,64.65,30.33,12.36,2.6,0.0,93.97
2020-04-02 15:00:00+00:00,0.0,0.0,0.0,27.34,14.05,2.82,0.0,94.01
2020-04-02 16:00:00+00:00,0.0,0.0,0.0,25.91,14.34,3.07,0.0,94.06
2020-04-02 17:00:00+00:00,0.0,0.0,0.0,24.67,14.29,3.23,0.0,94.11
2020-04-02 18:00:00+00:00,0.0,0.0,0.0,23.61,13.99,3.17,0.0,94.13
2020-04-02 19:00:00+00:00,0.0,0.0,0.0,22.76,13.69,2.91,0.0,94.1
2020-04-02 20:00:00+00:00,0.0,0.0,0.0,21.97,13.84,2.59,0.0,94.06
2020-04-02 21:00:00+00:00,0.0,0.0,0.0,20.75,15.03,2.57,0.0,94.03
2020-04-02 22:00:00+00:00,0.0,0.0,0.0,19.45,17.29,2.85,0.0,94.03
2020-04-02 23:00:00+00:00,0.0,0.0,0.0,18.69,20.09,2.99,0.0,94.04
2020-04-03 00:00:00+00:00,0.0,0.0,0.0,18.19,23.62,3.03,0.0,94.07
2020-04-03 01:00:00+00:00,0.0,0.0,0.0,17.48,28.03,3.17,0.0,94.11
2020-04-03 02:00:00+00:00,0.0,0.0,0.0,16.83,33.15,3.28,0.0,94.16
2020-04-03 03:00:00+00:00,86.1,21.03,81.39,18.28,33.71,3.98,0.0,94.21
2020-04-03 04:00:00+00:00,256.12,113.09,204.31,20.48,31.85,4.03,0.0,94.27
2020-04-03 05:00:00+00:00,458.25,194.19,291.95,24.15,25.63,4.17,0.0,94.29
2020-04-03 06:00:00+00:00,747.78,478.98,335.96,28.02,19.51,4.14,0.0,94.29
2020-04-03 07:00:00+00:00,902.67,592.95,330.2,30.85,16.13,3.32,0.0,94.27
2020-04-03 08:00:00+00:00,941.9,539.38,389.75,32.75,14.33,2.21,0.0,94.21
2020-04-03 09:00:00+00:00,959.35,548.86,380.06,34.24,13.06,1.0,0.0,94.11
2020-04-03 10:00:00+00:00,897.05,568.7,346.23,35.35,12.34,0.83,0.0,94.0
2020-04-03 11:00:00+00:00,741.62,515.44,309.42,35.87,12.16,2.02,0.0,93.93
2020-04-03 12:00:00+00:00,529.2,439.24,237.34,35.77,12.3,3.04,0.0,93.9
2020-04-03 13:00:00+00:00,295.85,298.4,173.87,34.99,12.58,3.75,0.0,93.9
2020-04-03 14:00:00+00:00,83.68,58.89,67.09,31.62,14.45,2.79,0.0,93.93
2020-04-03 15:00:00+00:00,0.0,0.0,0.0,28.1,16.24,3.23,0.0,94.0
2020-04-03 16:00:00+00:00,0.0,0.0,0.0,26.6,16.5,3.47,0.0,94.09
2020-04-03 17:00:00+00:00,0.0,0.0,0.0,25.12,17.55,3.44,0.0,94.17
2020-04-03 18:00:00+00:00,0.0,0.0,0.0,23.53,20.1,3.29,0.0,94.23
2020-04-03 19:00:00+00:00,0.0,0.0,0.0,22.02,23.96,3.24,0.0,94.24
2020-04-03 20:00:00+00:00,0.0,0.0,0.0,20.62,29.21,3.36,0.0,94.23
2020-04-03 21:00:00+00:00,0.0,0.0,0.0,19.28,35.97,3.61,0.0,94.22
2020-04-03 22:00:00+00:00,0.0,0.0,0.0,18.1,42.57,3.8,0.0,94.22
2020-04-03 23:00:00+00:00,0.0,0.0,0.0,17.18,47.43,3.9,0.0,94.25
2020-04-04 00:00:00+00:00,0.0,0.0,0.0,16.54,50.95,4.14,0.0,94.31
2020-04-04 01:00:00+00:00,0.0,0.0,0.0,16.04,53.7,4.49,0.0,94.37
2020-04-04 02:00:00+00:00,0.0,0.0,0.0,15.59,55.91,4.7,0.0,94.45
2020-04-04 03:00:00+00:00,102.12,85.96,78.7,16.47,52.34,5.68,0.0,94.53
2020-04-04 04:00:00+00:00,312.52,323.88,174.28,19.28,41.39,5.77,0.0,94.61
2020-04-04 05:00:00+00:00,556.25,477.08,240.57,23.46,28.23,6.47,0.0,94.65
2020-04-04 06:00:00+00:00,771.97,604.12,271.9,26.89,21.78,7.3,0.0,94.66
2020-04-04 07:00:00+00:00,917.6,645.01,314.94,29.11,18.98,7.53,0.0,94.61
2020-04-04 08:00:00+00:00,940.75,494.78,393.92,30.95,17.1,7.33,0.0,94.55
2020-04-04 09:00:00+00:00,925.6,486.73,388.79,31.97,16.13,6.61,0.0,94.48
2020-04-04 10:00:00+00:00,853.53,501.11,353.18,32.7,15.41,5.64,0.0,94.42
2020-04-04 11:00:00+00:00,702.0,409.48,343.15,32.5,15.48,4.9,0.0,94.38
2020-04-04 12:00:00+00:00,460.83,264.1,281.0,32.39,15.55,4.49,0.0,94.38
2020-04-04 13:00:00+00:00,235.4,108.11,187.19,31.65,16.21,4.31,0.0,94.39
2020-04-04 14:00:00+00:00,65.35,5.69,64.89,28.93,18.84,3.01,0.0,94.43
2020-04-04 15:00:00+00:00,0.0,0.0,0.0,26.25,21.65,3.57,0.0,94.49
2020-04-04 16:00:00+00:00,0.0,0.0,0.0,25.64,22.01,4.37,0.0,94.56
2020-04-04 17:00:00+00:00,0.0,0.0,0.0,24.84,22.71,4.92,0.0,94.62
2020-04-04 18:00:00+00:00,0.0,0.0,0.0,23.76,23.51,5.08,0.0,94.64
2020-04-04 19:00:00+00:00,0.0,0.0,0.0,22.43,24.25,4.87,0.0,94.63
2020-04-04 20:00:00+00:00,0.0,0.0,0.0,21.21,24.38,4.4,0.0,94.6
2020-04-04 21:00:00+00:00,0.0,0.0,0.0,20.05,24.63,3.68,0.0,94.58
2020-04-04 22:00:00+00:00,0.0,0.0,0.0,19.11,25.16,3.11,0.0,94.6
2020-04-04 23:00:00+00:00,0.0,0.0,0.0,18.37,26.22,2.82,0.0,94.62
2020-04-05 00:00:00+00:00,0.0,0.0,0.0,17.79,27.65,2.67,0.0,94.67
2020-04-05 01:00:00+00:00,0.0,0.0,0.0,17.35,29.28,2.6,0.0,94.72
2020-04-05 02:00:00+00:00,0.0,0.0,0.0,17.07,30.68,2.63,0.0,94.77
2020-04-05 03:00:00+00:00,100.6,66.12,78.05,18.89,27.93,3.81,0.0,94.83
2020-04-05 04:00:00+00:00,293.4,208.52,191.2,21.17,24.33,3.64,0.0,94.89
2020-04-05 05:00:00+00:00,523.65,349.96,269.13,25.45,18.47,5.4,0.0,94.92
2020-04-05 06:00:00+00:00,725.9,417.48,353.4,28.76,15.48,5.93,0.0,94.92
2020-04-05 07:00:00+00:00,876.92,477.55,378.79,30.82,15.17,5.25,0.0,94.87
2020-04-05 08:00:00+00:00,1010.1,809.28,226.44,32.39,15.64,4.64,0.0,94.79
2020-04-05 09:00:00+00:00,1006.12,824.7,202.73,33.52,15.98,4.27,0.0,94.68
2020-04-05 10:00:00+00:00,923.2,783.9,211.24,34.18,16.23,4.07,0.0,94.6
2020-04-05 11:00:00+00:00,773.15,721.75,205.58,34.35,16.51,3.97,0.0,94.55
2020-04-05 12:00:00+00:00,561.6,618.96,183.04,34.0,16.95,4.09,0.0,94.53
2020-04-05 13:00:00+00:00,294.17,347.82,152.89,33.1,17.71,4.48,0.0,94.55
2020-04-05 14:00:00+00:00,80.9,53.03,68.94,30.53,20.07,3.51,0.0,94.58
2020-04-05 15:00:00+00:00,0.0,0.0,0.0,27.62,22.58,4.06,0.0,94.61
2020-04-05 16:00:00+00:00,0.0,0.0,0.0,26.77,21.89,5.16,0.0,94.65
2020-04-05 17:00:00+00:00,0.0,0.0,0.0,25.61,21.38,5.72,0.0,94.69
2020-04-05 18:00:00+00:00,0.0,0.0,0.0,24.27,21.52,5.73,0.0,94.7
2020-04-05 19:00:00+00:00,0.0,0.0,0.0,23.0,22.25,5.46,0.0,94.68
2020-04-05 20:00:00+00:00,0.0,0.0,0.0,21.84,23.53,4.94,0.0,94.66
2020-04-05 21:00:00+00:00,0.0,0.0,0.0,20.76,25.44,4.1,0.07,94.64
2020-04-05 22:00:00+00:00,0.0,0.0,0.0,19.66,28.29,3.15,0.07,94.64
2020-04-05 23:00:00+00:00,0.0,0.0,0.0,18.81,30.95,2.57,0.07,94.65
2020-04-06 00:00:00+00:00,0.0,0.0,0.0,18.25,33.36,2.58,0.0,94.68
2020-04-06 01:00:00+00:00,0.0,0.0,0.0,17.97,35.36,2.4,0.0,94.7
2020-04-06 02:00:00+00:00,0.0,0.0,0.0,17.52,37.9,2.24,0.0,94.74
2020-04-06 03:00:00+00:00,83.2,12.08,78.76,18.78,35.73,3.16,0.01,94.78
2020-04-06 04:00:00+00:00,242.9,89.79,200.8,21.03,30.97,2.85,0.0,94.82
2020-04-06 05:00:00+00:00,467.98,223.96,296.35,25.56,21.71,3.59,0.0,94.85
2020-04-06 06:00:00+00:00,697.22,422.06,327.12,28.56,17.82,3.55,0.0,94.84
2020-04-06 07:00:00+00:00,894.42,581.04,339.43,31.41,16.14,4.18,0.0,94.78
2020-04-06 08:00:00+00:00,943.92,510.05,406.52,33.69,15.08,4.57,0.0,94.69
2020-04-06 09:00:00+00:00,958.9,561.03,368.81,35.32,14.26,4.34,0.0,94.58
2020-04-06 10:00:00+00:00,881.05,546.2,341.09,36.17,13.84,3.77,0.0,94.46
2020-04-06 11:00:00+00:00,722.2,483.68,309.03,36.32,13.77,3.15,0.0,94.38
2020-04-06 12:00:00+00:00,485.2,332.44,261.86,35.93,13.96,2.56,0.0,94.33
2020-04-06 13:00:00+00:00,250.23,171.83,173.4,35.04,14.52,2.07,0.0,94.32
2020-04-06 14:00:00+00:00,72.68,19.78,66.59,32.47,16.86,1.4,0.0,94.34
2020-04-06 15:00:00+00:00,0.0,0.0,0.0,30.08,19.14,1.83,0.0,94.38
2020-04-06 16:00:00+00:00,0.0,0.0,0.0,28.25,21.37,2.48,0.0,94.44
2020-04-06 17:00:00+00:00,0.0,0.0,0.0,26.81,23.47,3.06,0.0,94.5
2020-04-06 18:00:00+00:00,0.0,0.0,0.0,25.66,25.22,3.45,0.0,94.5
2020-04-06 19:00:00+00:00,0.0,0.0,0.0,24.73,26.5,3.76,0.0,94.47
2020-04-06 20:00:00+00:00,0.0,0.0,0.0,24.0,27.26,4.17,0.0,94.41
2020-04-06 21:00:00+00:00,0.0,0.0,0.0,23.39,27.69,4.56,0.0,94.35
2020-04-06 22:00:00+00:00,0.0,0.0,0.0,22.73,28.26,4.56,0.0,94.33
2020-04-06 23:00:00+00:00,0.0,0.0,0.0,22.09,28.93,4.42,0.0,94.32
2020-04-07 00:00:00+00:00,0.0,0.0,0.0,21.6,29.35,4.32,0.0,94.35
2020-04-07 01:00:00+00:00,0.0,0.0,0.0,21.53,29.07,4.25,0.0,94.38
2020-04-07 02:00:00+00:00,0.0,0.0,0.0,21.47,28.78,3.97,0.0,94.42
2020-04-07 03:00:00+00:00,73.57,1.74,64.78,22.9,26.07,4.73,0.0,94.47
2020-04-07 04:00:00+00:00,200.75,27.93,169.4,24.8,23.12,3.9,0.0,94.52
2020-04-07 05:00:00+00:00,350.17,62.84,277.29,28.7,18.31,3.27,0.0,94.56
2020-04-07 06:00:00+00:00,607.42,290.61,322.04,32.7,14.79,3.23,0.0,94.55
2020-04-07 07:00:00+00:00,858.62,510.51,355.26,34.98,13.33,2.67,0.0,94.49
2020-04-07 08:00:00+00:00,997.83,729.71,278.68,36.39,12.7,2.09,0.0,94.39
2020-04-07 09:00:00+00:00,986.35,715.37,282.03,37.3,12.42,1.78,0.0,94.27
2020-04-07 10:00:00+00:00,914.7,702.08,265.1,37.79,12.33,1.74,0.0,94.15
2020-04-07 11:00:00+00:00,757.35,650.74,238.8,37.85,12.39,1.72,0.0,94.05
2020-04-07 12:00:00+00:00,550.0,587.99,174.51,37.49,12.65,1.66,0.0,94.0
2020-04-07 13:00:00+00:00,313.12,405.77,148.93,36.68,13.18,1.47,0.0,93.99
2020-04-07 14:00:00+00:00,93.43,142.37,65.7,34.47,15.19,0.99,0.0,94.01
2020-04-07 15:00:00+00:00,0.0,0.0,0.0,31.81,17.38,1.85,0.0,94.05
2020-04-07 16:00:00+00:00,0.0,0.0,0.0,29.47,19.91,2.81,0.0,94.1
2020-04-07 17:00:00+00:00,0.0,0.0,0.0,27.96,21.82,3.32,0.0,94.14
2020-04-07 18:00:00+00:00,0.0,0.0,0.0,26.94,23.04,3.62,0.0,94.15
2020-04-07 19:00:00+00:00,0.0,0.0,0.0,26.15,23.47,3.98,0.0,94.12
2020-04-07 20:00:00+00:00,0.0,0.0,0.0,25.54,23.12,4.45,0.0,94.07
2020-04-07 21:00:00+00:00,0.0,0.0,0.0,25.1,22.69,5.08,0.0,94.02
2020-04-07 22:00:00+00:00,0.0,0.0,0.0,24.76,22.47,5.64,0.0,93.98
2020-04-07 23:00:00+00:00,0.0,0.0,0.0,24.3,22.75,5.77,0.0,93.97
2020-04-08 00:00:00+00:00,0.0,0.0,0.0,23.81,23.07,5.71,0.0,93.98
2020-04-08 01:00:00+00:00,0.0,0.0,0.0,23.42,23.21,5.78,0.0,94.02
2020-04-08 02:00:00+00:00,3.47,0.0,5.57,23.08,23.39,6.08,0.0,94.08
2020-04-08 03:00:00+00:00,108.9,95.12,88.48,24.13,21.77,7.1,0.0,94.16
2020-04-08 04:00:00+00:00,327.3,335.92,182.9,26.39,19.05,6.78,0.0,94.24
2020-04-08 05:00:00+00:00,576.28,540.38,221.01,30.33,15.23,6.18,0.0,94.28
2020-04-08 06:00:00+00:00,794.88,666.09,241.55,34.41,12.35,6.85,0.0,94.28
2020-04-08 07:00:00+00:00,939.4,713.84,264.68,36.79,11.02,7.04,0.0,94.23
2020-04-08 08:00:00+00:00,973.33,567.12,385.19,38.33,10.26,6.97,0.0,94.14
2020-04-08 09:00:00+00:00,971.9,571.49,382.15,39.31,9.72,6.85,0.0,94.03
2020-04-08 10:00:00+00:00,891.95,548.25,347.21,39.71,9.44,6.75,0.0,93.92
2020-04-08 11:00:00+00:00,728.08,465.7,327.87,39.62,9.44,6.6,0.0,93.85
2020-04-08 12:00:00+00:00,495.17,345.95,262.83,39.1,9.68,6.2,0.0,93.82
2020-04-08 13:00:00+00:00,253.5,180.94,174.74,38.1,10.24,5.48,0.0,93.84
2020-04-08 14:00:00+00:00,72.43,16.1,69.78,34.41,12.74,3.17,0.0,93.87
2020-04-08 15:00:00+00:00,0.0,0.0,0.0,30.89,15.5,3.42,0.0,93.91
2020-04-08 16:00:00+00:00,0.0,0.0,0.0,29.84,16.5,3.76,0.0,93.93
2020-04-08 17:00:00+00:00,0.0,0.0,0.0,29.39,17.19,4.26,0.0,93.96
2020-04-08 18:00:00+00:00,0.0,0.0,0.0,28.98,17.94,5.35,0.0,93.97
2020-04-08 19:00:00+00:00,0.0,0.0,0.0,28.38,18.77,6.57,0.0,93.97
2020-04-08 20:00:00+00:00,0.0,0.0,0.0,27.63,19.4,7.15,0.0,93.94
2020-04-08 21:00:00+00:00,0.0,0.0,0.0,26.95,19.55,7.5,0.0,93.9
2020-04-08 22:00:00+00:00,0.0,0.0,0.0,26.36,19.28,7.72,0.0,93.88
2020-04-08 23:00:00+00:00,0.0,0.0,0.0,25.8,19.02,7.85,0.0,93.86
2020-04-09 00:00:00+00:00,0.0,0.0,0.0,25.28,19.24,7.85,0.0,93.86
2020-04-09 01:00:00+00:00,0.0,0.0,0.0,24.83,19.72,7.77,0.0,93.89
2020-04-09 02:00:00+00:00,3.38,0.0,5.29,24.38,20.56,7.69,0.0,93.93
2020-04-09 03:00:00+00:00,96.7,37.72,86.3,25.24,20.15,8.29,0.0,93.99
2020-04-09 04:00:00+00:00,285.92,187.65,180.19,27.88,17.94,8.35,0.0,94.06
2020-04-09 05:00:00+00:00,505.7,290.19,283.85,32.41,14.34,8.53,0.0,94.09
2020-04-09 06:00:00+00:00,708.95,349.12,387.47,36.13,11.61,9.66,0.0,94.08
2020-04-09 07:00:00+00:00,866.8,386.75,423.99,38.13,10.38,9.78,0.0,94.02
2020-04-09 08:00:00+00:00,967.2,503.07,397.45,39.3,9.66,9.32,0.0,93.94
2020-04-09 09:00:00+00:00,942.92,435.67,460.23,39.92,9.17,8.55,0.0,93.85
2020-04-09 10:00:00+00:00,841.17,377.93,437.29,40.19,8.95,7.82,0.0,93.78
2020-04-09 11:00:00+00:00,668.03,273.83,400.32,40.05,9.03,7.38,0.0,93.72
2020-04-09 12:00:00+00:00,443.52,166.25,309.7,39.41,9.43,7.17,0.0,93.7
2020-04-09 13:00:00+00:00,226.7,67.11,177.49,38.33,10.04,7.07,0.0,93.71
2020-04-09 14:00:00+00:00,69.55,3.48,68.58,35.73,11.57,5.17,0.0,93.76
2020-04-09 15:00:00+00:00,0.0,0.0,0.0,32.94,13.28,5.21,0.0,93.8
2020-04-09 16:00:00+00:00,0.0,0.0,0.0,32.08,13.44,6.36,0.0,93.84
2020-04-09 17:00:00+00:00,0.0,0.0,0.0,30.78,14.0,6.71,0.0,93.87
2020-04-09 18:00:00+00:00,0.0,0.0,0.0,29.74,14.68,7.02,0.0,93.87
2020-04-09 19:00:00+00:00,0.0,0.0,0.0,28.84,15.46,7.23,0.0,93.84
2020-04-09 20:00:00+00:00,0.0,0.0,0.0,28.05,16.3,7.32,0.0,93.83
2020-04-09 21:00:00+00:00,0.0,0.0,0.0,27.79,16.76,7.87,0.0,93.87
2020-04-09 22:00:00+00:00,0.0,0.0,0.0,27.68,16.99,7.51,0.0,93.88
2020-04-09 23:00:00+00:00,0.0,0.0,0.0,27.51,18.14,6.33,0.0,93.89
2020-04-10 00:00:00+00:00,0.0,0.0,0.0,26.86,21.34,3.71,0.0,93.87
2020-04-10 01:00:00+00:00,0.0,0.0,0.0,26.74,22.89,2.08,0.0,93.81
2020-04-10 02:00:00+00:00,4.18,0.0,6.54,25.82,23.27,3.03,0.0,93.81
2020-04-10 03:00:00+00:00,117.2,133.04,86.56,27.0,20.2,5.01,0.0,93.85
2020-04-10 04:00:00+00:00,345.45,407.6,164.08,28.49,17.83,6.41,0.0,93.89
2020-04-10 05:00:00+00:00,589.35,597.69,199.62,31.74,14.64,6.87,0.0,93.9
2020-04-10 06:00:00+00:00,683.2,365.83,340.33,35.29,11.95,7.48,0.0,93.87
2020-04-10 07:00:00+00:00,935.55,749.04,235.76,37.72,11.12,7.2,0.0,93.81
2020-04-10 08:00:00+00:00,954.4,554.27,367.0,39.07,11.14,6.81,0.0,93.73
2020-04-10 09:00:00+00:00,971.85,638.49,305.55,39.74,11.39,6.69,0.0,93.64
2020-04-10 10:00:00+00:00,886.83,616.34,310.87,40.03,11.49,6.75,0.0,93.55
2020-04-10 11:00:00+00:00,707.25,465.56,301.25,39.54,11.83,6.81,0.0,93.5
2020-04-10 12:00:00+00:00,398.33,155.27,265.96,38.66,12.27,6.84,0.0,93.5
2020-04-10 13:00:00+00:00,212.15,60.25,177.83,37.4,12.84,5.75,0.0,93.54
2020-04-10 14:00:00+00:00,66.82,9.88,57.98,34.91,14.44,4.48,0.0,93.6
2020-04-10 15:00:00+00:00,0.0,0.0,0.0,32.65,16.81,4.86,0.0,93.67
2020-04-10 16:00:00+00:00,0.0,0.0,0.0,31.04,19.72,3.92,0.0,93.73
2020-04-10 17:00:00+00:00,0.0,0.0,0.0,29.71,22.33,2.49,0.0,93.78
2020-04-10 18:00:00+00:00,0.0,0.0,0.0,29.38,22.95,1.57,0.0,93.8
2020-04-10 19:00:00+00:00,0.0,0.0,0.0,28.94,23.13,2.43,0.0,93.83
2020-04-10 20:00:00+00:00,0.0,0.0,0.0,29.07,22.56,5.3,0.0,93.86
2020-04-10 21:00:00+00:00,0.0,0.0,0.0,29.18,23.56,6.57,0.0,93.84
2020-04-10 22:00:00+00:00,0.0,0.0,0.0,28.17,27.39,5.27,0.0,93.79
2020-04-10 23:00:00+00:00,0.0,0.0,0.0,26.7,31.76,3.05,0.0,93.77
2020-04-11 00:00:00+00:00,0.0,0.0,0.0,26.15,33.48,1.73,0.0,93.78
2020-04-11 01:00:00+00:00,0.0,0.0,0.0,25.87,33.6,1.66,0.0,93.82
2020-04-11 02:00:00+00:00,4.1,0.0,5.81,24.97,33.67,2.28,0.0,93.87
2020-04-11 03:00:00+00:00,96.65,31.21,86.87,25.38,30.19,2.67,0.0,93.9
2020-04-11 04:00:00+00:00,263.05,126.71,198.1,26.58,26.33,3.02,0.0,93.95
2020-04-11 05:00:00+00:00,473.83,233.13,288.7,28.78,23.54,1.97,0.0,93.99
2020-04-11 06:00:00+00:00,581.8,175.93,370.82,30.79,21.65,0.76,0.0,93.99
2020-04-11 07:00:00+00:00,719.03,227.09,408.4,32.52,19.41,2.12,0.0,93.98
2020-04-11 08:00:00+00:00,694.22,82.63,473.75,33.45,17.86,3.44,0.0,93.95
2020-04-11 09:00:00+00:00,659.8,77.79,447.8,33.7,16.86,4.39,0.0,93.9
2020-04-11 10:00:00+00:00,544.83,27.27,419.4,33.84,15.67,5.31,0.0,93.87
2020-04-11 11:00:00+00:00,389.35,19.35,301.61,33.55,14.34,6.0,0.0,93.86
2020-04-11 12:00:00+00:00,215.12,0.44,185.43,32.92,13.45,5.8,0.0,93.89
2020-04-11 13:00:00+00:00,125.72,2.68,109.79,32.1,13.28,4.44,0.0,93.91
2020-04-11 14:00:00+00:00,37.85,0.0,33.39,29.97,14.67,2.39,0.0,93.92
2020-04-11 15:00:00+00:00,0.0,0.0,0.0,28.04,16.09,2.51,0.0,93.95
2020-04-11 16:00:00+00:00,0.0,0.0,0.0,27.22,16.64,2.67,0.0,94.0
2020-04-11 17:00:00+00:00,0.0,0.0,0.0,26.51,16.97,2.86,0.0,94.07
2020-04-11 18:00:00+00:00,0.0,0.0,0.0,25.78,17.24,2.8,0.0,94.14
2020-04-11 19:00:00+00:00,0.0,0.0,0.0,25.18,17.59,2.79,0.0,94.18
2020-04-11 20:00:00+00:00,0.0,0.0,0.0,24.82,19.94,3.44,0.0,94.19
2020-04-11 21:00:00+00:00,0.0,0.0,0.0,24.17,25.72,3.68,0.0,94.17
2020-04-11 22:00:00+00:00,0.0,0.0,0.0,23.4,32.04,2.97,0.0,94.12
2020-04-11 23:00:00+00:00,0.0,0.0,0.0,22.96,37.28,2.31,0.0,94.08
2020-04-12 00:00:00+00:00,0.0,0.0,0.0,22.42,42.6,1.95,0.0,94.08
2020-04-12 01:00:00+00:00,0.0,0.0,0.0,22.15,46.51,1.61,0.0,94.08
2020-04-12 02:00:00+00:00,3.72,0.0,5.15,21.44,49.57,1.46,0.0,94.09
2020-04-12 03:00:00+00:00,71.57,1.89,63.26,22.96,44.45,2.4,0.0,94.12
2020-04-12 04:00:00+00:00,195.32,3.26,165.83,25.77,36.05,3.34,0.0,94.17
2020-04-12 05:00:00+00:00,308.23,34.58,259.58,29.18,28.58,4.05,0.0,94.21
2020-04-12 06:00:00+00:00,419.73,208.89,310.84,31.44,24.65,4.6,0.0,94.2
2020-04-12 07:00:00+00:00,570.65,10.08,456.92,33.27,21.84,5.29,0.0,94.15
2020-04-12 08:00:00+00:00,726.4,185.08,417.72,34.14,20.4,5.86,0.0,94.07
2020-04-12 09:00:00+00:00,793.25,276.74,417.73,34.24,20.02,5.8,0.0,93.99
2020-04-12 10:00:00+00:00,578.03,77.63,413.74,34.31,19.95,5.46,0.0,93.92
2020-04-12 11:00:00+00:00,513.17,159.19,328.85,34.02,20.69,5.21,0.0,93.88
2020-04-12 12:00:00+00:00,352.08,184.74,225.12,33.29,22.31,5.24,0.0,93.87
2020-04-12 13:00:00+00:00,214.62,152.54,151.93,32.18,25.0,5.26,0.0,93.89
2020-04-12 14:00:00+00:00,78.07,38.32,68.11,30.87,28.14,4.27,0.0,93.93
2020-04-12 15:00:00+00:00,0.0,0.0,0.0,29.45,31.19,3.19,0.0,93.95
2020-04-12 16:00:00+00:00,0.0,0.0,0.0,28.88,32.39,3.44,0.0,93.97
2020-04-12 17:00:00+00:00,0.0,0.0,0.0,28.37,33.03,4.02,0.0,94.0
2020-04-12 18:00:00+00:00,0.0,0.0,0.0,27.53,34.16,4.4,0.62,94.02
2020-04-12 19:00:00+00:00,0.0,0.0,0.0,26.48,36.28,4.11,0.16,94.01
2020-04-12 20:00:00+00:00,0.0,0.0,0.0,25.63,38.24,3.42,0.12,93.99
2020-04-12 21:00:00+00:00,0.0,0.0,0.0,24.75,40.23,2.51,0.09,93.96
2020-04-12 22:00:00+00:00,0.0,0.0,0.0,23.85,41.7,3.13,0.08,93.95
2020-04-12 23:00:00+00:00,0.0,0.0,0.0,23.11,41.54,4.52,0.04,93.96
2020-04-13 00:00:00+00:00,0.0,0.0,0.0,22.39,38.88,6.22,0.01,93.98
2020-04-13 01:00:00+00:00,0.0,0.0,0.0,21.41,34.71,7.09,0.0,94.02
2020-04-13 02:00:00+00:00,4.5,0.0,6.38,20.52,31.71,6.74,0.0,94.08
2020-04-13 03:00:00+00:00,91.03,17.05,81.79,20.83,30.14,7.56,0.0,94.12
2020-04-13 04:00:00+00:00,239.35,98.56,189.01,22.35,29.49,7.91,0.0,94.19
2020-04-13 05:00:00+00:00,452.52,190.74,280.56,24.25,28.29,6.69,0.0,94.23
2020-04-13 06:00:00+00:00,590.65,159.23,380.99,25.66,27.66,5.5,0.01,94.26
2020-04-13 07:00:00+00:00,751.22,302.66,394.67,26.44,28.03,4.62,0.02,94.28
2020-04-13 08:00:00+00:00,746.0,193.2,408.78,26.84,28.91,3.86,0.03,94.28
2020-04-13 09:00:00+00:00,762.75,167.46,461.35,26.97,30.21,3.1,0.02,94.27
2020-04-13 10:00:00+00:00,764.08,280.03,418.9,26.77,31.88,2.71,0.02,94.24
2020-04-13 11:00:00+00:00,601.35,181.08,379.73,26.58,32.96,3.13,0.01,94.2
2020-04-13 12:00:00+00:00,372.83,126.76,258.78,26.38,33.82,3.9,0.0,94.18
2020-04-13 13:00:00+00:00,208.38,50.28,177.03,25.8,35.41,5.01,0.0,94.18
2020-04-13 14:00:00+00:00,69.18,2.29,66.18,24.4,39.23,6.23,0.0,94.21
2020-04-13 15:00:00+00:00,0.0,0.0,0.0,22.73,44.39,6.55,0.0,94.27
2020-04-13 16:00:00+00:00,0.0,0.0,0.0,21.7,48.33,6.78,0.0,94.32
2020-04-13 17:00:00+00:00,0.0,0.0,0.0,20.89,51.8,6.36,0.0,94.4
2020-04-13 18:00:00+00:00,0.0,0.0,0.0,20.09,55.85,6.07,0.0,94.43
2020-04-13 19:00:00+00:00,0.0,0.0,0.0,19.25,60.52,5.75,0.0,94.43
2020-04-13 20:00:00+00:00,0.0,0.0,0.0,18.42,65.01,5.14,0.0,94.41
2020-04-13 21:00:00+00:00,0.0,0.0,0.0,17.71,67.95,4.43,0.0,94.38
2020-04-13 22:00:00+00:00,0.0,0.0,0.0,17.12,69.36,3.62,0.0,94.35
2020-04-13 23:00:00+00:00,0.0,0.0,0.0,16.59,69.33,2.89,0.0,94.32
2020-04-14 00:00:00+00:00,0.0,0.0,0.0,16.09,68.29,2.49,0.0,94.32
2020-04-14 01:00:00+00:00,0.0,0.0,0.0,15.71,65.86,2.49,0.0,94.33
2020-04-14 02:00:00+00:00,5.57,0.0,8.36,15.53,62.04,2.66,0.0,94.36
2020-04-14 03:00:00+00:00,113.43,46.89,97.27,16.98,52.32,4.08,0.0,94.41
2020-04-14 04:00:00+00:00,308.75,179.7,211.79,20.03,33.14,6.25,0.0,94.47
2020-04-14 05:00:00+00:00,539.03,307.22,306.0,23.28,20.04,9.14,0.0,94.5
2020-04-14 06:00:00+00:00,745.53,416.26,352.43,25.24,17.3,8.88,0.0,94.5
2020-04-14 07:00:00+00:00,890.4,469.3,387.15,26.88,16.21,8.21,0.0,94.45
2020-04-14 08:00:00+00:00,1024.45,816.74,214.24,28.16,16.17,7.52,0.0,94.38
2020-04-14 09:00:00+00:00,993.3,704.62,291.15,29.04,16.67,7.01,0.0,94.3
2020-04-14 10:00:00+00:00,902.55,634.68,300.84,29.58,17.3,6.8,0.0,94.21
2020-04-14 11:00:00+00:00,708.15,501.19,309.51,29.66,18.26,6.71,0.0,94.14
2020-04-14 12:00:00+00:00,437.15,348.2,215.04,29.26,19.6,6.66,0.0,94.11
2020-04-14 13:00:00+00:00,263.12,259.39,155.17,28.36,21.43,6.63,0.0,94.12
2020-04-14 14:00:00+00:00,89.97,76.64,71.76,26.91,23.93,6.17,0.0,94.15
2020-04-14 15:00:00+00:00,0.0,0.0,0.0,24.88,26.99,5.39,0.0,94.18
2020-04-14 16:00:00+00:00,0.0,0.0,0.0,23.77,28.46,6.2,0.0,94.23
2020-04-14 17:00:00+00:00,0.0,0.0,0.0,22.82,29.88,6.75,0.0,94.26
2020-04-14 18:00:00+00:00,0.0,0.0,0.0,21.98,31.45,6.82,0.0,94.28
2020-04-14 19:00:00+00:00,0.0,0.0,0.0,21.07,33.36,6.12,0.01,94.26
2020-04-14 20:00:00+00:00,0.0,0.0,0.0,20.17,35.56,5.5,0.35,94.2
2020-04-14 21:00:00+00:00,0.0,0.0,0.0,19.26,38.01,4.39,2.18,94.14
2020-04-14 22:00:00+00:00,0.0,0.0,0.0,18.3,44.39,2.82,2.13,94.21
2020-04-14 23:00:00+00:00,0.0,0.0,0.0,16.66,55.22,3.4,1.15,94.28
2020-04-15 00:00:00+00:00,0.0,0.0,0.0,15.91,59.56,5.12,0.81,94.24
2020-04-15 01:00:00+00:00,0.0,0.0,0.0,15.49,62.24,5.04,0.47,94.29
2020-04-15 02:00:00+00:00,5.72,0.0,8.73,15.0,64.69,4.82,0.18,94.32
2020-04-15 03:00:00+00:00,102.47,16.35,94.58,15.26,62.35,5.25,0.04,94.37
2020-04-15 04:00:00+00:00,271.2,101.21,226.6,16.61,55.54,5.32,0.01,94.4
2020-04-15 05:00:00+00:00,460.92,197.32,271.13,18.19,50.78,5.05,0.0,94.42
2020-04-15 06:00:00+00:00,704.83,308.18,370.57,19.75,48.42,4.55,0.0,94.42
2020-04-15 07:00:00+00:00,842.6,332.18,446.86,21.41,46.1,4.01,0.0,94.37
2020-04-15 08:00:00+00:00,918.03,357.37,471.92,23.03,44.62,3.18,0.0,94.31
2020-04-15 09:00:00+00:00,919.53,382.56,460.67,24.45,43.87,2.27,0.01,94.23
2020-04-15 10:00:00+00:00,814.85,388.02,403.46,25.76,42.61,1.49,0.03,94.15
2020-04-15 11:00:00+00:00,673.08,315.68,371.74,26.67,41.04,0.55,0.05,94.09
2020-04-15 12:00:00+00:00,435.58,200.14,274.23,27.05,39.7,0.65,0.05,94.05
2020-04-15 13:00:00+00:00,225.68,103.02,177.53,26.8,39.52,2.3,0.05,94.04
2020-04-15 14:00:00+00:00,73.75,10.09,67.08,25.5,43.14,4.25,0.03,94.05
2020-04-15 15:00:00+00:00,0.0,0.0,0.0,23.36,48.07,5.99,0.01,94.09
2020-04-15 16:00:00+00:00,0.0,0.0,0.0,21.76,50.6,6.5,0.01,94.16
2020-04-15 17:00:00+00:00,0.0,0.0,0.0,20.41,53.33,5.66,0.0,94.24
2020-04-15 18:00:00+00:00,0.0,0.0,0.0,19.32,56.63,4.85,0.0,94.29
2020-04-15 19:00:00+00:00,0.0,0.0,0.0,18.42,60.69,4.55,0.0,94.3
2020-04-15 20:00:00+00:00,0.0,0.0,0.0,17.59,65.7,4.47,0.0,94.26
2020-04-15 21:00:00+00:00,0.0,0.0,0.0,16.86,71.59,3.87,0.0,94.23
2020-04-15 22:00:00+00:00,0.0,0.0,0.0,16.23,77.74,3.09,0.0,94.2
2020-04-15 23:00:00+00:00,0.0,0.0,0.0,15.68,83.05,2.53,0.0,94.2
2020-04-16 00:00:00+00:00,0.0,0.0,0.0,15.2,87.16,2.14,0.0,94.25
2020-04-16 01:00:00+00:00,0.0,0.0,0.0,14.79,90.17,1.92,0.0,94.31
2020-04-16 02:00:00+00:00,7.15,0.0,8.71,14.59,91.39,1.75,0.0,94.35
2020-04-16 03:00:00+00:00,135.15,135.45,99.15,16.23,81.98,1.98,0.0,94.42
2020-04-16 04:00:00+00:00,354.55,321.84,197.1,19.38,64.25,2.23,0.0,94.45
2020-04-16 05:00:00+00:00,599.12,494.77,255.23,22.31,50.43,2.64,0.0,94.48
2020-04-16 06:00:00+00:00,784.35,538.39,317.05,24.31,42.56,2.52,0.0,94.46
2020-04-16 07:00:00+00:00,851.9,566.03,306.86,25.84,36.81,2.1,0.0,94.43
2020-04-16 08:00:00+00:00,929.3,468.19,415.23,27.01,32.56,1.82,0.01,94.35
2020-04-16 09:00:00+00:00,1003.92,690.54,320.77,27.85,29.61,1.7,0.01,94.26
2020-04-16 10:00:00+00:00,827.58,415.19,422.56,28.4,27.56,1.7,0.01,94.16
2020-04-16 11:00:00+00:00,709.38,480.9,315.05,28.6,26.3,1.77,0.01,94.09
2020-04-16 12:00:00+00:00,522.47,441.31,226.13,28.42,25.84,1.82,0.0,94.07
2020-04-16 13:00:00+00:00,286.3,300.24,158.72,27.8,26.31,1.8,0.0,94.07
2020-04-16 14:00:00+00:00,93.47,69.7,78.61,26.32,33.04,1.5,0.0,94.1
2020-04-16 15:00:00+00:00,0.0,0.0,0.0,24.23,41.44,2.03,0.0,94.14
2020-04-16 16:00:00+00:00,0.0,0.0,0.0,23.16,41.09,2.63,0.0,94.17
2020-04-16 17:00:00+00:00,0.0,0.0,0.0,21.79,42.37,3.1,0.0,94.2
2020-04-16 18:00:00+00:00,0.0,0.0,0.0,20.73,44.43,3.26,0.0,94.21
2020-04-16 19:00:00+00:00,0.0,0.0,0.0,19.71,47.19,3.24,0.0,94.21
2020-04-16 20:00:00+00:00,0.0,0.0,0.0,18.82,50.27,3.11,0.0,94.17
2020-04-16 21:00:00+00:00,0.0,0.0,0.0,18.05,53.17,2.95,0.0,94.13
2020-04-16 22:00:00+00:00,0.0,0.0,0.0,17.43,55.65,2.88,0.0,94.1
2020-04-16 23:00:00+00:00,0.0,0.0,0.0,16.89,58.05,2.78,0.0,94.1
2020-04-17 00:00:00+00:00,0.0,0.0,0.0,16.44,60.32,2.72,0.0,94.13
2020-04-17 01:00:00+00:00,0.0,0.0,0.0,16.05,62.2,2.67,0.0,94.18
2020-04-17 02:00:00+00:00,7.4,0.0,9.85,15.85,63.04,2.67,0.0,94.24
2020-04-17 03:00:00+00:00,133.0,117.62,102.38,17.91,55.5,3.83,0.0,94.31
2020-04-17 04:00:00+00:00,358.55,358.37,186.61,20.52,47.63,4.18,0.0,94.36
2020-04-17 05:00:00+00:00,602.58,522.61,236.32,24.52,37.7,5.11,0.0,94.37
2020-04-17 06:00:00+00:00,807.6,636.19,258.25,26.64,34.14,5.06,0.0,94.34
2020-04-17 07:00:00+00:00,946.78,696.8,257.89,28.26,31.38,4.69,0.0,94.29
2020-04-17 08:00:00+00:00,999.25,656.06,284.78,29.61,28.89,4.14,0.0,94.2
2020-04-17 09:00:00+00:00,991.72,649.57,286.11,30.68,26.77,3.8,0.0,94.09
2020-04-17 10:00:00+00:00,861.42,541.32,331.56,31.37,25.22,3.53,0.0,93.99
2020-04-17 11:00:00+00:00,690.17,357.17,356.12,31.7,24.32,3.36,0.0,93.92
2020-04-17 12:00:00+00:00,451.42,275.6,263.83,31.62,24.19,3.59,0.0,93.89
2020-04-17 13:00:00+00:00,237.57,122.78,181.21,31.02,25.17,4.1,0.0,93.89
2020-04-17 14:00:00+00:00,78.03,11.35,72.07,29.23,29.81,3.83,0.0,93.91
2020-04-17 15:00:00+00:00,0.0,0.0,0.0,26.82,35.46,4.63,0.0,93.94
2020-04-17 16:00:00+00:00,0.0,0.0,0.0,26.39,36.64,6.52,0.0,93.98
2020-04-17 17:00:00+00:00,0.0,0.0,0.0,25.61,39.11,7.29,0.0,94.01
2020-04-17 18:00:00+00:00,0.0,0.0,0.0,24.75,42.08,7.47,0.14,94.03
2020-04-17 19:00:00+00:00,0.0,0.0,0.0,24.01,44.63,7.75,0.24,94.0
2020-04-17 20:00:00+00:00,0.0,0.0,0.0,23.22,46.92,7.94,0.3,93.92
2020-04-17 21:00:00+00:00,0.0,0.0,0.0,22.43,49.31,7.92,0.23,93.88
2020-04-17 22:00:00+00:00,0.0,0.0,0.0,21.75,51.44,7.87,0.03,93.85
2020-04-17 23:00:00+00:00,0.0,0.0,0.0,21.17,53.06,7.88,0.54,93.85
2020-04-18 00:00:00+00:00,0.0,0.0,0.0,21.01,53.6,7.88,0.38,93.88
2020-04-18 01:00:00+00:00,0.0,0.0,0.0,20.79,54.24,7.36,0.0,93.93
2020-04-18 02:00:00+00:00,7.0,0.0,9.86,20.45,54.99,6.5,0.0,93.99
2020-04-18 03:00:00+00:00,117.12,56.57,95.34,21.29,51.61,6.97,0.0,94.06
2020-04-18 04:00:00+00:00,318.55,225.72,203.77,23.67,44.01,7.86,0.0,94.1
2020-04-18 05:00:00+00:00,554.75,400.1,263.22,26.56,36.72,8.91,0.0,94.13
2020-04-18 06:00:00+00:00,737.67,430.95,331.42,28.8,34.33,9.63,0.0,94.13
2020-04-18 07:00:00+00:00,858.7,540.9,366.57,30.38,34.43,9.37,0.01,94.08
2020-04-18 08:00:00+00:00,810.33,202.63,464.57,31.74,33.91,8.58,0.27,94.0
2020-04-18 09:00:00+00:00,768.95,141.76,465.67,32.64,32.89,7.67,0.72,93.9
2020-04-18 10:00:00+00:00,754.4,275.79,483.32,33.13,31.56,6.89,1.06,93.82
2020-04-18 11:00:00+00:00,521.53,36.68,422.64,33.19,30.17,6.1,0.48,93.75
2020-04-18 12:00:00+00:00,357.02,21.99,279.64,33.01,28.48,5.31,0.12,93.72
2020-04-18 13:00:00+00:00,196.48,8.49,172.67,32.23,29.31,3.93,0.01,93.74
2020-04-18 14:00:00+00:00,65.5,0.75,59.27,29.44,45.52,2.38,0.0,93.78
2020-04-18 15:00:00+00:00,0.0,0.0,0.0,27.11,48.93,2.81,0.0,93.84
2020-04-18 16:00:00+00:00,0.0,0.0,0.0,26.04,51.98,3.22,0.0,93.91
2020-04-18 17:00:00+00:00,0.0,0.0,0.0,25.1,56.24,3.44,0.0,93.95
2020-04-18 18:00:00+00:00,0.0,0.0,0.0,24.34,60.08,3.33,0.0,93.96
2020-04-18 19:00:00+00:00,0.0,0.0,0.0,23.84,62.3,3.07,0.0,93.94
2020-04-18 20:00:00+00:00,0.0,0.0,0.0,23.4,63.53,2.7,0.0,93.89
2020-04-18 21:00:00+00:00,0.0,0.0,0.0,22.68,65.58,2.31,0.0,93.86
2020-04-18 22:00:00+00:00,0.0,0.0,0.0,22.17,66.95,1.89,0.0,93.82
2020-04-18 23:00:00+00:00,0.0,0.0,0.0,21.96,65.9,1.64,0.0,93.83
2020-04-19 00:00:00+00:00,0.0,0.0,0.0,21.56,63.57,1.84,0.0,93.87
2020-04-19 01:00:00+00:00,0.0,0.0,0.0,20.98,59.85,2.31,0.0,93.93
2020-04-19 02:00:00+00:00,5.82,0.0,7.14,20.48,51.97,3.0,0.0,93.99
2020-04-19 03:00:00+00:00,94.75,1.86,83.04,20.63,40.38,4.7,0.0,94.06
2020-04-19 04:00:00+00:00,226.9,18.38,196.51,21.28,37.28,4.27,0.0,94.12
2020-04-19 05:00:00+00:00,417.52,77.25,294.19,23.88,32.86,4.01,0.0,94.16
2020-04-19 06:00:00+00:00,566.47,146.53,368.38,27.41,27.24,3.63,0.0,94.19
2020-04-19 07:00:00+00:00,756.47,162.81,482.01,28.57,26.34,2.55,0.0,94.18
2020-04-19 08:00:00+00:00,770.78,119.49,532.83,28.89,26.37,2.44,0.0,94.14
2020-04-19 09:00:00+00:00,722.08,113.97,504.68,29.17,26.27,2.85,0.0,94.1
2020-04-19 10:00:00+00:00,569.8,37.76,451.38,29.92,25.64,3.3,0.0,94.06
2020-04-19 11:00:00+00:00,415.27,12.71,340.33,30.21,25.84,3.62,0.0,94.03
2020-04-19 12:00:00+00:00,259.12,0.14,222.45,30.0,26.65,4.0,0.0,94.03
2020-04-19 13:00:00+00:00,133.85,2.32,117.29,29.37,28.18,4.36,0.0,94.04
2020-04-19 14:00:00+00:00,38.05,0.44,34.23,27.63,33.78,3.74,0.0,94.09
2020-04-19 15:00:00+00:00,0.0,0.0,0.0,25.69,38.61,3.49,0.0,94.13
2020-04-19 16:00:00+00:00,0.0,0.0,0.0,24.64,40.68,3.36,0.0,94.17
2020-04-19 17:00:00+00:00,0.0,0.0,0.0,23.82,42.33,3.49,0.0,94.16
2020-04-19 18:00:00+00:00,0.0,0.0,0.0,23.22,43.41,3.86,0.0,94.15
2020-04-19 19:00:00+00:00,0.0,0.0,0.0,22.46,47.02,2.92,0.0,94.2
2020-04-19 20:00:00+00:00,0.0,0.0,0.0,22.28,47.51,3.17,0.0,94.14
2020-04-19 21:00:00+00:00,0.0,0.0,0.0,21.84,49.97,2.6,0.0,94.09
2020-04-19 22:00:00+00:00,0.0,0.0,0.0,20.56,57.66,2.2,0.0,94.12
2020-04-19 23:00:00+00:00,0.0,0.0,0.0,19.14,66.84,4.08,0.0,94.17
2020-04-20 00:00:00+00:00,0.0,0.0,0.0,18.09,75.01,5.63,0.0,94.2
2020-04-20 01:00:00+00:00,0.0,0.0,0.0,17.82,78.34,5.5,0.0,94.18
2020-04-20 02:00:00+00:00,5.85,0.0,6.26,17.87,80.01,5.18,0.0,94.21
2020-04-20 03:00:00+00:00,73.65,0.0,63.5,18.36,79.48,5.68,0.0,94.28
2020-04-20 04:00:00+00:00,187.18,0.0,162.12,19.57,76.09,6.39,0.0,94.31
2020-04-20 05:00:00+00:00,312.33,0.14,265.93,21.91,68.95,6.59,0.0,94.32
2020-04-20 06:00:00+00:00,447.08,1.64,366.88,23.94,62.09,6.89,0.0,94.33
2020-04-20 07:00:00+00:00,531.58,2.53,423.4,24.41,60.56,6.91,0.0,94.34
2020-04-20 08:00:00+00:00,534.47,0.98,426.7,24.35,62.59,6.62,0.0,94.33
2020-04-20 09:00:00+00:00,498.8,0.22,398.33,24.43,64.22,6.23,0.0,94.31
2020-04-20 10:00:00+00:00,406.95,0.0,327.12,24.94,63.2,5.44,0.0,94.25
2020-04-20 11:00:00+00:00,356.98,2.27,294.06,25.63,60.18,4.09,0.0,94.21
2020-04-20 12:00:00+00:00,293.77,2.01,251.92,26.02,57.69,2.67,0.0,94.2
2020-04-20 13:00:00+00:00,160.73,3.04,139.68,25.72,59.0,1.65,0.0,94.21
2020-04-20 14:00:00+00:00,54.7,0.0,49.08,24.49,62.8,2.62,0.0,94.19
2020-04-20 15:00:00+00:00,0.0,0.0,0.0,23.33,65.75,3.86,0.0,94.16
2020-04-20 16:00:00+00:00,0.0,0.0,0.0,22.66,68.53,4.59,0.0,94.18
2020-04-20 17:00:00+00:00,0.0,0.0,0.0,21.91,71.92,4.43,0.0,94.2
2020-04-20 18:00:00+00:00,0.0,0.0,0.0,21.25,75.05,3.92,0.26,94.19
2020-04-20 19:00:00+00:00,0.0,0.0,0.0,20.52,78.9,2.06,0.25,94.22
2020-04-20 20:00:00+00:00,0.0,0.0,0.0,20.39,79.54,0.95,0.42,94.22
2020-04-20 21:00:00+00:00,0.0,0.0,0.0,20.05,81.18,1.05,0.55,94.17
2020-04-20 22:00:00+00:00,0.0,0.0,0.0,19.48,84.46,1.5,0.52,94.13
2020-04-20 23:00:00+00:00,0.0,0.0,0.0,19.09,86.93,1.5,0.46,94.11
2020-04-21 00:00:00+00:00,0.0,0.0,0.0,18.79,88.72,1.48,0.41,94.13
2020-04-21 01:00:00+00:00,0.0,0.0,0.0,18.61,89.57,1.49,0.51,94.18
2020-04-21 02:00:00+00:00,3.97,0.0,4.25,18.5,90.1,1.52,1.02,94.23
2020-04-21 03:00:00+00:00,51.45,0.0,45.11,19.2,87.17,1.94,2.34,94.29
2020-04-21 04:00:00+00:00,138.02,0.68,117.59,19.94,83.01,1.34,2.61,94.38
2020-04-21 05:00:00+00:00,237.45,0.0,202.21,21.21,75.77,0.87,1.86,94.48
2020-04-21 06:00:00+00:00,354.25,13.35,279.83,21.69,73.23,2.15,1.31,94.55
2020-04-21 07:00:00+00:00,598.7,161.36,359.02,21.97,70.51,2.24,0.69,94.55
2020-04-21 08:00:00+00:00,829.9,263.98,446.95,22.87,63.82,2.99,0.28,94.5
2020-04-21 09:00:00+00:00,890.92,330.72,494.05,24.12,55.94,4.13,0.08,94.4
2020-04-21 10:00:00+00:00,836.85,401.43,419.1,25.51,50.2,4.97,0.03,94.31
2020-04-21 11:00:00+00:00,690.33,369.88,359.8,25.65,49.43,5.11,0.01,94.25
2020-04-21 12:00:00+00:00,482.85,302.76,262.18,25.69,49.8,4.77,0.0,94.23
2020-04-21 13:00:00+00:00,267.98,184.88,179.81,25.71,50.66,4.18,0.0,94.24
2020-04-21 14:00:00+00:00,90.53,35.87,78.69,24.37,60.37,2.49,0.0,94.27
2020-04-21 15:00:00+00:00,0.0,0.0,0.0,21.8,68.72,2.47,0.0,94.31
2020-04-21 16:00:00+00:00,0.0,0.0,0.0,20.98,69.58,2.65,0.0,94.35
2020-04-21 17:00:00+00:00,0.0,0.0,0.0,20.39,70.81,2.87,0.0,94.38
2020-04-21 18:00:00+00:00,0.0,0.0,0.0,19.94,72.41,3.01,0.22,94.37
2020-04-21 19:00:00+00:00,0.0,0.0,0.0,19.55,74.42,3.07,0.04,94.32
2020-04-21 20:00:00+00:00,0.0,0.0,0.0,19.16,76.39,3.09,0.01,94.26
2020-04-21 21:00:00+00:00,0.0,0.0,0.0,18.72,78.54,3.02,0.15,94.2
2020-04-21 22:00:00+00:00,0.0,0.0,0.0,18.27,80.61,2.98,0.15,94.16
2020-04-21 23:00:00+00:00,0.0,0.0,0.0,17.87,82.36,3.01,0.15,94.14
2020-04-22 00:00:00+00:00,0.0,0.0,0.0,17.52,83.6,3.07,0.0,94.14
2020-04-22 01:00:00+00:00,0.0,0.0,0.0,17.21,84.53,3.18,0.0,94.18
2020-04-22 02:00:00+00:00,10.1,0.89,13.73,17.09,84.3,3.38,0.0,94.23
2020-04-22 03:00:00+00:00,151.12,202.26,99.23,19.21,73.48,4.87,0.0,94.27
2020-04-22 04:00:00+00:00,385.3,470.96,157.34,21.96,62.04,4.95,0.0,94.3
2020-04-22 05:00:00+00:00,632.47,645.56,191.56,26.05,47.64,6.61,0.0,94.31
2020-04-22 06:00:00+00:00,831.5,741.39,206.41,28.86,39.74,6.68,0.0,94.29
2020-04-22 07:00:00+00:00,969.38,789.61,213.62,30.79,33.29,6.28,0.0,94.23
2020-04-22 08:00:00+00:00,946.85,509.32,399.26,32.12,27.4,5.99,0.0,94.16
2020-04-22 09:00:00+00:00,940.12,516.69,387.45,32.9,23.55,5.69,0.0,94.11
2020-04-22 10:00:00+00:00,807.88,522.04,303.24,33.26,21.54,5.43,0.0,94.06
2020-04-22 11:00:00+00:00,733.22,495.11,307.04,33.29,20.38,5.16,0.0,94.02
2020-04-22 12:00:00+00:00,512.4,387.83,252.04,32.93,19.93,4.82,0.0,94.01
2020-04-22 13:00:00+00:00,294.88,292.01,171.26,32.07,20.67,4.28,0.0,94.02
2020-04-22 14:00:00+00:00,105.15,102.93,78.66,29.11,33.84,2.46,0.0,94.05
2020-04-22 15:00:00+00:00,0.0,0.0,0.0,26.04,39.14,2.54,0.0,94.09
2020-04-22 16:00:00+00:00,0.0,0.0,0.0,25.06,39.9,2.54,0.0,94.15
2020-04-22 17:00:00+00:00,0.0,0.0,0.0,24.22,41.04,2.53,0.0,94.2
2020-04-22 18:00:00+00:00,0.0,0.0,0.0,23.51,41.55,2.46,0.0,94.22
2020-04-22 19:00:00+00:00,0.0,0.0,0.0,23.05,41.54,2.24,0.0,94.21
2020-04-22 20:00:00+00:00,0.0,0.0,0.0,22.84,41.25,1.91,0.0,94.18
2020-04-22 21:00:00+00:00,0.0,0.0,0.0,23.05,39.92,1.26,0.0,94.15
2020-04-22 22:00:00+00:00,0.0,0.0,0.0,22.93,40.73,0.55,0.0,94.12
2020-04-22 23:00:00+00:00,0.0,0.0,0.0,22.04,43.22,1.02,0.0,94.1
2020-04-23 00:00:00+00:00,0.0,0.0,0.0,20.73,47.75,1.65,0.0,94.1
2020-04-23 01:00:00+00:00,0.0,0.0,0.0,19.67,51.46,2.09,0.0,94.14
2020-04-23 02:00:00+00:00,11.52,3.41,13.27,18.98,54.57,2.42,0.0,94.2
2020-04-23 03:00:00+00:00,165.65,288.73,89.12,21.55,50.78,2.45,0.0,94.25
2020-04-23 04:00:00+00:00,405.33,539.48,143.33,24.56,41.87,3.03,0.0,94.31
2020-04-23 05:00:00+00:00,644.35,687.99,174.84,28.61,33.72,3.09,0.0,94.34
2020-04-23 06:00:00+00:00,836.6,761.83,199.36,32.76,22.76,3.67,0.0,94.32
2020-04-23 07:00:00+00:00,973.65,820.93,206.28,34.7,17.94,3.85,0.0,94.26
2020-04-23 08:00:00+00:00,1031.75,785.02,248.6,35.72,15.89,3.9,0.0,94.17
2020-04-23 09:00:00+00:00,1013.2,764.94,267.35,36.3,14.78,3.85,0.0,94.07
2020-04-23 10:00:00+00:00,905.38,682.36,278.74,36.57,14.06,3.72,0.0,93.98
2020-04-23 11:00:00+00:00,771.33,659.93,255.12,36.51,13.66,3.48,0.0,93.92
2020-04-23 12:00:00+00:00,560.35,602.43,187.06,36.08,13.62,3.14,0.0,93.88
2020-04-23 13:00:00+00:00,334.45,523.34,124.71,35.16,14.67,2.62,0.0,93.88
2020-04-23 14:00:00+00:00,124.53,258.07,72.32,32.61,26.13,1.5,0.0,93.9
2020-04-23 15:00:00+00:00,0.0,0.0,0.0,31.52,21.89,1.0,0.0,93.95
2020-04-23 16:00:00+00:00,0.0,0.0,0.0,31.13,21.4,0.42,0.0,94.01
2020-04-23 17:00:00+00:00,0.0,0.0,0.0,30.42,21.78,0.31,0.0,94.07
2020-04-23 18:00:00+00:00,0.0,0.0,0.0,29.21,22.69,0.8,0.0,94.1
2020-04-23 19:00:00+00:00,0.0,0.0,0.0,27.77,25.44,1.37,0.0,94.1
2020-04-23 20:00:00+00:00,0.0,0.0,0.0,26.01,29.58,1.96,0.0,94.07
2020-04-23 21:00:00+00:00,0.0,0.0,0.0,24.54,33.29,2.38,0.0,94.02
2020-04-23 22:00:00+00:00,0.0,0.0,0.0,23.44,35.6,2.65,0.0,93.98
2020-04-23 23:00:00+00:00,0.0,0.0,0.0,22.59,37.47,2.86,0.0,93.97
2020-04-24 00:00:00+00:00,0.0,0.0,0.0,21.76,38.73,3.03,0.0,93.97
2020-04-24 01:00:00+00:00,0.0,0.0,0.0,21.23,39.67,3.09,0.0,94.01
2020-04-24 02:00:00+00:00,12.8,7.8,15.38,21.01,40.29,3.07,0.0,94.06
2020-04-24 03:00:00+00:00,177.23,347.14,90.0,23.82,38.5,2.66,0.0,94.11
2020-04-24 04:00:00+00:00,417.48,590.02,138.36,27.58,25.21,3.65,0.0,94.17
2020-04-24 05:00:00+00:00,662.97,750.2,159.73,31.12,20.46,3.03,0.0,94.21
2020-04-24 06:00:00+00:00,856.62,812.05,184.25,35.35,15.33,3.7,0.0,94.21
2020-04-24 07:00:00+00:00,993.33,835.48,197.11,36.57,14.87,3.94,0.0,94.17
2020-04-24 08:00:00+00:00,933.22,501.23,375.91,37.3,14.47,4.01,0.0,94.09
2020-04-24 09:00:00+00:00,861.88,280.7,495.51,37.75,14.15,3.97,0.0,94.0
2020-04-24 10:00:00+00:00,804.75,458.89,357.74,37.99,13.78,3.85,0.0,93.92
2020-04-24 11:00:00+00:00,649.2,344.75,322.37,37.94,13.53,3.63,0.0,93.85
2020-04-24 12:00:00+00:00,449.83,298.8,245.6,37.53,13.57,3.27,0.0,93.8
2020-04-24 13:00:00+00:00,255.32,189.2,177.34,36.69,14.54,2.67,0.0,93.78
2020-04-24 14:00:00+00:00,97.47,65.78,83.96,34.25,25.47,1.47,0.0,93.78
2020-04-24 15:00:00+00:00,0.0,0.0,0.0,32.6,24.12,1.42,0.0,93.82
2020-04-24 16:00:00+00:00,0.0,0.0,0.0,31.07,25.69,1.8,0.0,93.87
2020-04-24 17:00:00+00:00,0.0,0.0,0.0,29.34,29.4,2.24,0.0,93.92
2020-04-24 18:00:00+00:00,0.0,0.0,0.0,27.8,32.08,2.53,0.0,93.95
2020-04-24 19:00:00+00:00,0.0,0.0,0.0,26.55,34.51,2.73,0.0,93.93
2020-04-24 20:00:00+00:00,0.0,0.0,0.0,25.55,36.69,2.9,0.0,93.89
2020-04-24 21:00:00+00:00,0.0,0.0,0.0,24.71,38.36,3.22,0.0,93.85
2020-04-24 22:00:00+00:00,0.0,0.0,0.0,24.13,39.31,3.51,0.0,93.81
2020-04-24 23:00:00+00:00,0.0,0.0,0.0,23.53,40.28,3.72,0.0,93.79
2020-04-25 00:00:00+00:00,0.0,0.0,0.0,23.14,40.99,3.95,0.0,93.82
2020-04-25 01:00:00+00:00,0.0,0.0,0.0,22.79,41.51,4.27,0.0,93.86
2020-04-25 02:00:00+00:00,12.27,0.46,13.11,22.9,41.15,4.85,0.0,93.91
2020-04-25 03:00:00+00:00,156.32,195.75,98.02,25.26,35.64,6.77,0.0,93.96
2020-04-25 04:00:00+00:00,379.5,393.89,177.9,27.7,31.36,7.22,0.0,94.0
2020-04-25 05:00:00+00:00,615.8,552.39,224.54,31.6,24.26,7.36,0.0,94.02
2020-04-25 06:00:00+00:00,812.55,653.69,249.06,34.84,19.29,7.79,0.0,94.02
2020-04-25 07:00:00+00:00,954.17,721.2,246.47,36.86,17.2,7.55,0.0,93.96
2020-04-25 08:00:00+00:00,997.83,674.25,259.95,38.15,15.82,7.18,0.0,93.88
2020-04-25 09:00:00+00:00,978.33,614.15,348.75,38.85,14.86,6.86,0.0,93.8
2020-04-25 10:00:00+00:00,870.05,590.63,315.08,39.1,14.71,6.85,0.0,93.72
2020-04-25 11:00:00+00:00,644.58,336.1,319.85,38.91,14.98,6.88,0.0,93.66
2020-04-25 12:00:00+00:00,379.23,171.82,232.37,38.36,15.43,6.78,0.0,93.62
2020-04-25 13:00:00+00:00,214.73,105.54,171.58,37.46,16.24,6.27,0.0,93.6
2020-04-25 14:00:00+00:00,81.75,26.16,73.4,34.58,22.68,3.94,0.0,93.62
2020-04-25 15:00:00+00:00,0.0,0.0,0.0,30.79,29.02,3.76,0.0,93.65
2020-04-25 16:00:00+00:00,0.0,0.0,0.0,29.41,30.52,3.87,0.0,93.69
2020-04-25 17:00:00+00:00,0.0,0.0,0.0,28.33,31.8,3.93,0.0,93.72
2020-04-25 18:00:00+00:00,0.0,0.0,0.0,27.36,33.01,4.02,0.0,93.75
2020-04-25 19:00:00+00:00,0.0,0.0,0.0,26.6,33.91,4.15,0.0,93.73
2020-04-25 20:00:00+00:00,0.0,0.0,0.0,25.93,34.82,4.32,0.0,93.7
2020-04-25 21:00:00+00:00,0.0,0.0,0.0,25.3,35.99,4.6,0.3,93.66
2020-04-25 22:00:00+00:00,0.0,0.0,0.0,24.77,37.33,5.25,0.3,93.63
2020-04-25 23:00:00+00:00,0.0,0.0,0.0,24.33,38.47,5.99,0.3,93.62
2020-04-26 00:00:00+00:00,0.0,0.0,0.0,23.8,39.67,6.55,0.0,93.65
2020-04-26 01:00:00+00:00,0.0,0.0,0.0,23.16,40.95,6.99,0.0,93.72
2020-04-26 02:00:00+00:00,12.98,0.54,16.66,22.29,42.37,6.85,0.0,93.81
2020-04-26 03:00:00+00:00,150.5,134.45,115.92,23.38,37.62,7.31,0.0,93.88
2020-04-26 04:00:00+00:00,368.48,359.39,192.66,25.92,30.23,6.94,0.0,93.93
2020-04-26 05:00:00+00:00,619.45,554.69,221.45,30.04,23.47,7.16,0.0,93.96
2020-04-26 06:00:00+00:00,810.03,647.22,250.59,32.83,20.73,7.21,0.0,93.99
2020-04-26 07:00:00+00:00,947.67,701.31,260.38,34.55,18.47,7.01,0.0,93.96
2020-04-26 08:00:00+00:00,1001.58,649.11,308.1,35.75,16.58,6.79,0.0,93.9
2020-04-26 09:00:00+00:00,997.7,672.91,284.43,36.54,15.09,6.43,0.0,93.82
2020-04-26 10:00:00+00:00,909.7,618.92,304.86,36.98,13.98,6.38,0.0,93.74
2020-04-26 11:00:00+00:00,744.5,543.42,286.56,36.95,13.23,6.62,0.0,93.71
2020-04-26 12:00:00+00:00,530.42,438.24,233.08,36.46,12.97,6.67,0.0,93.7
2020-04-26 13:00:00+00:00,295.48,269.29,170.65,35.41,13.67,6.02,0.0,93.72
2020-04-26 14:00:00+00:00,100.95,76.26,87.74,31.98,21.78,3.59,0.0,93.74
2020-04-26 15:00:00+00:00,0.0,0.0,0.0,28.5,26.45,3.77,0.0,93.78
2020-04-26 16:00:00+00:00,0.0,0.0,0.0,27.08,25.54,4.3,0.0,93.85
2020-04-26 17:00:00+00:00,0.0,0.0,0.0,26.01,24.69,4.92,0.0,93.94
2020-04-26 18:00:00+00:00,0.0,0.0,0.0,24.86,25.44,5.05,0.0,94.0
2020-04-26 19:00:00+00:00,0.0,0.0,0.0,23.59,27.71,4.7,0.0,93.99
2020-04-26 20:00:00+00:00,0.0,0.0,0.0,22.42,30.46,4.42,0.0,93.97
2020-04-26 21:00:00+00:00,0.0,0.0,0.0,21.4,33.0,4.49,0.0,93.95
2020-04-26 22:00:00+00:00,0.0,0.0,0.0,20.61,34.83,5.02,0.0,93.96
2020-04-26 23:00:00+00:00,0.0,0.0,0.0,20.1,36.15,5.9,0.0,94.01
2020-04-27 00:00:00+00:00,0.0,0.0,0.0,20.01,36.78,6.75,0.0,94.1
2020-04-27 01:00:00+00:00,0.0,0.0,0.0,19.9,37.26,6.8,0.0,94.2
2020-04-27 02:00:00+00:00,12.95,0.0,15.51,19.59,37.42,6.57,0.0,94.28
2020-04-27 03:00:00+00:00,150.95,109.97,113.65,20.7,33.79,6.8,0.0,94.35
2020-04-27 04:00:00+00:00,369.98,298.77,203.18,23.17,27.43,7.61,0.0,94.39
2020-04-27 05:00:00+00:00,601.78,404.06,284.5,25.65,23.51,7.74,0.0,94.41
2020-04-27 06:00:00+00:00,797.1,483.77,339.04,27.71,21.68,6.34,0.0,94.39
2020-04-27 07:00:00+00:00,933.55,510.23,379.63,29.47,20.0,4.89,0.0,94.35
2020-04-27 08:00:00+00:00,924.44,471.05,334.46,30.9,18.55,3.43,0.0,94.29
2020-04-27 09:00:00+00:00,960.58,465.33,375.88,31.97,17.44,2.16,0.0,94.22
2020-04-27 10:00:00+00:00,864.88,390.06,403.26,32.7,16.67,1.22,0.0,94.14
2020-04-27 11:00:00+00:00,687.9,301.02,393.83,33.09,16.18,0.88,0.0,94.08
2020-04-27 12:00:00+00:00,469.58,196.04,297.86,33.07,16.16,0.77,0.0,94.05
2020-04-27 13:00:00+00:00,246.12,78.0,193.75,32.56,16.72,0.37,0.0,94.04
2020-04-27 14:00:00+00:00,79.22,4.71,80.81,30.91,25.33,0.65,0.0,94.05
2020-04-27 15:00:00+00:00,2.75,0.0,4.24,27.52,32.0,2.13,0.0,94.08
2020-04-27 16:00:00+00:00,0.0,0.0,0.0,25.67,32.39,3.11,0.0,94.13
2020-04-27 17:00:00+00:00,0.0,0.0,0.0,24.67,31.63,3.6,0.0,94.16
2020-04-27 18:00:00+00:00,0.0,0.0,0.0,23.68,32.04,3.93,0.0,94.18
2020-04-27 19:00:00+00:00,0.0,0.0,0.0,22.53,33.57,4.0,0.0,94.18
2020-04-27 20:00:00+00:00,0.0,0.0,0.0,21.34,35.56,3.84,0.0,94.16
2020-04-27 21:00:00+00:00,0.0,0.0,0.0,20.28,37.25,3.66,0.0,94.14
2020-04-27 22:00:00+00:00,0.0,0.0,0.0,19.38,38.51,3.5,0.0,94.1
2020-04-27 23:00:00+00:00,0.0,0.0,0.0,18.59,40.03,3.28,0.0,94.09
2020-04-28 00:00:00+00:00,0.0,0.0,0.0,17.89,41.91,3.04,0.0,94.11
2020-04-28 01:00:00+00:00,0.0,0.0,0.0,17.26,43.94,2.85,0.0,94.15
2020-04-28 02:00:00+00:00,11.77,0.0,12.74,16.96,45.2,2.72,0.0,94.22
2020-04-28 03:00:00+00:00,124.78,17.06,107.02,18.9,38.31,3.87,0.0,94.28
2020-04-28 04:00:00+00:00,306.0,97.32,225.72,21.35,32.99,3.81,0.0,94.32
2020-04-28 05:00:00+00:00,525.33,195.54,331.2,24.92,25.92,4.7,0.0,94.34
2020-04-28 06:00:00+00:00,729.95,280.65,419.45,28.11,21.99,5.77,0.0,94.33
2020-04-28 07:00:00+00:00,874.35,326.11,496.4,30.98,19.98,6.83,0.0,94.29
2020-04-28 08:00:00+00:00,1030.82,710.33,283.51,33.4,18.55,7.5,0.0,94.21
2020-04-28 09:00:00+00:00,1031.62,774.93,256.56,34.91,17.65,7.69,0.0,94.12
2020-04-28 10:00:00+00:00,945.75,740.76,232.07,35.79,17.0,7.49,0.0,94.02
2020-04-28 11:00:00+00:00,787.72,649.45,254.93,36.11,16.64,7.18,0.0,93.94
2020-04-28 12:00:00+00:00,574.58,557.02,208.32,35.85,16.7,6.8,0.0,93.9
2020-04-28 13:00:00+00:00,317.2,341.27,167.13,34.9,17.73,6.19,0.0,93.88
2020-04-28 14:00:00+00:00,101.18,78.86,83.95,32.14,22.65,4.76,0.0,93.89
2020-04-28 15:00:00+00:00,3.28,0.0,5.43,29.39,25.74,5.41,0.0,93.91
2020-04-28 16:00:00+00:00,0.0,0.0,0.0,28.39,25.89,6.12,0.0,93.94
2020-04-28 17:00:00+00:00,0.0,0.0,0.0,27.35,26.98,6.02,0.0,93.99
2020-04-28 18:00:00+00:00,0.0,0.0,0.0,26.32,28.63,5.77,0.0,94.01
2020-04-28 19:00:00+00:00,0.0,0.0,0.0,25.43,30.32,5.48,0.0,93.99
2020-04-28 20:00:00+00:00,0.0,0.0,0.0,24.51,32.2,5.0,0.0,93.95
2020-04-28 21:00:00+00:00,0.0,0.0,0.0,23.96,33.22,4.97,0.0,93.9
2020-04-28 22:00:00+00:00,0.0,0.0,0.0,24.07,32.7,6.41,0.0,93.91
2020-04-28 23:00:00+00:00,0.0,0.0,0.0,24.58,32.65,7.55,0.0,93.95
2020-04-29 00:00:00+00:00,0.0,0.0,0.0,24.85,34.02,6.28,0.0,93.92
2020-04-29 01:00:00+00:00,0.0,0.0,0.0,24.55,35.55,5.32,0.0,93.88
2020-04-29 02:00:00+00:00,14.23,0.45,16.16,24.24,34.93,5.85,0.0,93.89
2020-04-29 03:00:00+00:00,150.9,118.6,110.89,25.21,31.81,7.21,0.0,93.93
2020-04-29 04:00:00+00:00,365.95,320.72,199.99,27.18,28.58,6.95,0.0,93.96
2020-04-29 05:00:00+00:00,598.55,465.24,253.81,31.04,23.2,7.96,0.0,93.96
2020-04-29 06:00:00+00:00,765.45,551.61,276.79,34.63,19.52,9.69,0.0,93.94
2020-04-29 07:00:00+00:00,889.5,518.89,385.6,36.67,18.07,10.52,0.0,93.86
2020-04-29 08:00:00+00:00,890.65,390.76,402.75,37.95,17.24,10.54,0.0,93.76
2020-04-29 09:00:00+00:00,946.33,507.27,371.53,38.65,16.41,10.32,0.0,93.67
2020-04-29 10:00:00+00:00,839.8,487.6,333.37,39.03,15.24,9.94,0.0,93.59
2020-04-29 11:00:00+00:00,653.67,368.07,310.83,39.05,14.06,9.4,0.0,93.53
2020-04-29 12:00:00+00:00,426.25,242.55,232.57,38.63,13.42,8.82,0.0,93.49
2020-04-29 13:00:00+00:00,242.12,153.86,171.55,37.76,13.41,8.0,0.0,93.48
2020-04-29 14:00:00+00:00,86.5,36.14,75.91,34.82,17.65,4.74,0.0,93.49
2020-04-29 15:00:00+00:00,3.33,0.0,5.22,30.38,24.69,3.84,0.0,93.52
2020-04-29 16:00:00+00:00,0.0,0.0,0.0,28.82,26.69,3.85,0.0,93.56
2020-04-29 17:00:00+00:00,0.0,0.0,0.0,27.67,28.02,3.89,0.0,93.6
2020-04-29 18:00:00+00:00,0.0,0.0,0.0,26.74,29.05,3.96,0.0,93.62
2020-04-29 19:00:00+00:00,0.0,0.0,0.0,25.9,30.03,3.96,0.0,93.61
2020-04-29 20:00:00+00:00,0.0,0.0,0.0,25.26,30.87,3.85,0.0,93.61
2020-04-29 21:00:00+00:00,0.0,0.0,0.0,24.71,31.85,3.78,0.0,93.61
2020-04-29 22:00:00+00:00,0.0,0.0,0.0,24.16,33.61,3.73,0.0,93.61
2020-04-29 23:00:00+00:00,0.0,0.0,0.0,23.48,35.02,3.91,0.0,93.62
2020-04-30 00:00:00+00:00,0.0,0.0,0.0,22.91,35.41,4.17,0.0,93.67
2020-04-30 01:00:00+00:00,0.0,0.0,0.0,22.12,36.44,4.18,0.0,93.71
2020-04-30 02:00:00+00:00,15.43,0.43,17.18,21.45,36.98,4.07,0.0,93.76
2020-04-30 03:00:00+00:00,158.93,132.93,122.37,23.48,31.21,5.75,0.0,93.8
2020-04-30 04:00:00+00:00,374.2,341.99,197.29,25.87,26.79,5.81,0.0,93.84
2020-04-30 05:00:00+00:00,596.28,444.55,261.3,29.52,21.29,6.08,0.0,93.87
2020-04-30 06:00:00+00:00,819.5,577.09,306.64,32.84,16.07,6.31,0.0,93.89
2020-04-30 07:00:00+00:00,944.47,596.98,341.27,34.5,14.43,6.27,0.0,93.89
2020-04-30 08:00:00+00:00,992.95,583.17,378.25,35.43,13.94,6.2,0.0,93.86
2020-04-30 09:00:00+00:00,982.53,507.94,429.85,36.11,13.57,5.93,0.0,93.82
2020-04-30 10:00:00+00:00,921.83,588.62,345.81,36.43,13.5,5.59,0.0,93.77
2020-04-30 11:00:00+00:00,767.45,525.65,306.36,36.29,13.77,5.29,0.0,93.73
2020-04-30 12:00:00+00:00,545.55,377.0,280.62,35.73,14.37,5.14,0.0,93.7
2020-04-30 13:00:00+00:00,301.33,207.68,203.64,34.67,15.59,5.08,0.0,93.71
2020-04-30 14:00:00+00:00,96.65,32.14,83.98,32.07,20.86,3.67,0.0,93.74
2020-04-30 15:00:00+00:00,3.58,0.0,5.4,28.59,26.81,3.68,0.0,93.8
2020-04-30 16:00:00+00:00,0.0,0.0,0.0,27.41,28.17,4.11,0.0,93.88
2020-04-30 17:00:00+00:00,0.0,0.0,0.0,26.45,29.53,4.42,0.0,93.95
2020-04-30 18:00:00+00:00,0.0,0.0,0.0,25.52,30.76,4.67,0.0,94.02
2020-04-30 19:00:00+00:00,0.0,0.0,0.0,24.62,31.55,5.01,0.0,94.06
2020-04-30 20:00:00+00:00,0.0,0.0,0.0,23.75,31.96,5.33,0.0,94.07
2020-04-30 21:00:00+00:00,0.0,0.0,0.0,22.87,32.73,5.49,0.0,94.05
2020-04-30 22:00:00+00:00,0.0,0.0,0.0,22.07,34.58,5.45,0.0,94.01
2020-04-30 23:00:00+00:00,0.0,0.0,0.0,21.35,38.25,5.27,0.0,94.01
2020-05-01 00:00:00+00:00,0.0,0.0,0.0,20.78,43.72,4.98,0.0,94.04
2020-05-01 01:00:00+00:00,0.0,0.0,0.0,20.32,50.09,4.69,0.0,94.09
2020-05-01 02:00:00+00:00,15.32,0.0,16.29,20.18,55.37,4.69,0.0,94.14
2020-05-01 03:00:00+00:00,150.05,63.91,122.34,21.85,53.14,5.82,0.0,94.2
2020-05-01 04:00:00+00:00,345.4,192.24,228.98,24.97,42.34,5.93,0.0,94.24
2020-05-01 05:00:00+00:00,556.72,275.91,330.77,28.37,29.89,6.2,0.0,94.25
2020-05-01 06:00:00+00:00,762.6,392.27,371.62,30.64,24.59,5.31,0.0,94.24
2020-05-01 07:00:00+00:00,903.6,447.25,416.29,32.53,21.44,4.14,0.0,94.2
2020-05-01 08:00:00+00:00,967.28,462.42,347.4,33.92,19.45,2.81,0.0,94.16
2020-05-01 09:00:00+00:00,945.92,406.1,462.42,34.81,18.21,1.76,0.0,94.1
2020-05-01 10:00:00+00:00,847.72,378.73,435.41,35.56,17.14,1.71,0.0,94.02
2020-05-01 11:00:00+00:00,689.08,313.94,392.79,35.91,16.52,1.94,0.0,93.93
2020-05-01 12:00:00+00:00,478.7,215.01,303.66,35.79,16.42,2.07,0.0,93.88
2020-05-01 13:00:00+00:00,258.38,98.08,200.51,35.21,16.81,2.17,0.0,93.85
2020-05-01 14:00:00+00:00,87.53,8.7,85.38,33.11,23.95,1.77,0.0,93.86
2020-05-01 15:00:00+00:00,3.58,0.0,5.4,29.77,28.39,2.75,0.0,93.88
2020-05-01 16:00:00+00:00,0.0,0.0,0.0,28.5,28.6,3.41,0.0,93.92
2020-05-01 17:00:00+00:00,0.0,0.0,0.0,27.82,28.76,3.86,0.0,93.94
2020-05-01 18:00:00+00:00,0.0,0.0,0.0,27.21,29.23,4.26,0.0,93.94
2020-05-01 19:00:00+00:00,0.0,0.0,0.0,26.44,30.22,4.48,0.0,93.92
2020-05-01 20:00:00+00:00,0.0,0.0,0.0,25.56,31.87,4.31,0.0,93.88
2020-05-01 21:00:00+00:00,0.0,0.0,0.0,24.6,34.32,3.96,0.0,93.85
2020-05-01 22:00:00+00:00,0.0,0.0,0.0,23.83,37.1,3.61,0.0,93.83
2020-05-01 23:00:00+00:00,0.0,0.0,0.0,23.2,40.11,3.27,0.0,93.84
2020-05-02 00:00:00+00:00,0.0,0.0,0.0,22.69,43.07,3.02,0.0,93.89
2020-05-02 01:00:00+00:00,0.0,0.0,0.0,22.3,45.63,2.9,0.0,93.94
2020-05-02 02:00:00+00:00,15.82,0.0,18.13,22.22,46.99,3.03,0.0,93.99
2020-05-02 03:00:00+00:00,152.12,69.62,122.16,23.94,42.78,4.43,0.0,94.05
2020-05-02 04:00:00+00:00,365.25,248.43,230.01,26.32,37.84,4.48,0.0,94.08
2020-05-02 05:00:00+00:00,604.75,399.96,289.14,29.92,30.76,5.11,0.0,94.1
2020-05-02 06:00:00+00:00,810.92,533.64,320.89,32.92,24.86,5.46,0.0,94.07
2020-05-02 07:00:00+00:00,960.83,613.71,317.58,34.89,21.7,5.25,0.0,94.01
2020-05-02 08:00:00+00:00,1031.62,703.05,253.93,36.27,19.67,4.84,0.0,93.93
2020-05-02 09:00:00+00:00,1020.33,687.61,267.82,37.18,18.28,4.51,0.0,93.85
2020-05-02 10:00:00+00:00,934.72,645.17,299.17,37.75,17.18,4.37,0.0,93.77
2020-05-02 11:00:00+00:00,780.17,599.62,268.26,37.93,16.21,4.3,0.0,93.7
2020-05-02 12:00:00+00:00,571.08,505.0,234.58,37.69,15.16,4.35,0.0,93.67
2020-05-02 13:00:00+00:00,331.92,347.9,171.48,37.0,14.07,4.53,0.0,93.67
2020-05-02 14:00:00+00:00,118.55,154.71,81.29,34.37,17.23,3.4,0.0,93.72
2020-05-02 15:00:00+00:00,4.38,0.0,6.53,30.53,20.04,4.07,0.0,93.78
2020-05-02 16:00:00+00:00,0.0,0.0,0.0,29.15,19.49,5.55,0.0,93.88
2020-05-02 17:00:00+00:00,0.0,0.0,0.0,28.07,20.5,6.47,0.0,93.95
2020-05-02 18:00:00+00:00,0.0,0.0,0.0,26.84,22.33,6.63,0.0,94.0
2020-05-02 19:00:00+00:00,0.0,0.0,0.0,25.82,23.46,6.9,0.0,94.04
2020-05-02 20:00:00+00:00,0.0,0.0,0.0,24.88,23.56,7.02,0.0,94.03
2020-05-02 21:00:00+00:00,0.0,0.0,0.0,23.98,22.89,6.52,0.0,94.01
2020-05-02 22:00:00+00:00,0.0,0.0,0.0,23.11,22.58,5.89,0.0,93.99
2020-05-02 23:00:00+00:00,0.0,0.0,0.0,22.34,23.11,5.49,0.0,93.99
2020-05-03 00:00:00+00:00,0.0,0.0,0.0,21.71,23.9,5.28,0.0,94.03
2020-05-03 01:00:00+00:00,0.0,0.0,0.0,21.23,24.63,5.13,0.0,94.08
2020-05-03 02:00:00+00:00,17.27,1.51,20.71,21.38,24.48,5.14,0.0,94.14
2020-05-03 03:00:00+00:00,163.4,134.49,122.75,23.25,21.55,6.23,0.0,94.21
2020-05-03 04:00:00+00:00,370.33,317.14,210.45,26.11,18.22,6.18,0.0,94.28
2020-05-03 05:00:00+00:00,615.45,430.68,297.93,29.86,13.75,6.88,0.0,94.32
2020-05-03 06:00:00+00:00,851.0,696.15,254.88,32.22,11.59,6.74,0.0,94.35
2020-05-03 07:00:00+00:00,989.92,736.15,273.04,33.88,10.41,6.37,0.0,94.34
2020-05-03 08:00:00+00:00,1014.42,632.7,295.76,35.02,9.72,5.87,0.0,94.29
2020-05-03 09:00:00+00:00,1005.3,605.35,307.76,35.79,9.28,5.4,0.0,94.24
2020-05-03 10:00:00+00:00,919.33,559.37,330.64,36.19,9.08,5.0,0.0,94.18
2020-05-03 11:00:00+00:00,760.6,494.74,321.97,36.19,9.07,4.69,0.0,94.12
2020-05-03 12:00:00+00:00,546.83,394.21,269.43,35.75,9.29,4.54,0.0,94.08
2020-05-03 13:00:00+00:00,307.02,243.95,189.0,34.85,9.79,4.55,0.0,94.08
2020-05-03 14:00:00+00:00,102.18,54.35,86.8,32.51,13.0,3.37,0.0,94.12
2020-05-03 15:00:00+00:00,4.07,0.0,6.39,28.32,18.18,3.43,0.0,94.18
2020-05-03 16:00:00+00:00,0.0,0.0,0.0,26.83,18.82,3.71,0.0,94.25
2020-05-03 17:00:00+00:00,0.0,0.0,0.0,25.73,19.28,3.84,0.0,94.33
2020-05-03 18:00:00+00:00,0.0,0.0,0.0,24.63,19.92,3.9,0.0,94.38
2020-05-03 19:00:00+00:00,0.0,0.0,0.0,23.53,20.81,3.82,0.0,94.38
2020-05-03 20:00:00+00:00,0.0,0.0,0.0,22.44,22.05,3.62,0.0,94.34
2020-05-03 21:00:00+00:00,0.0,0.0,0.0,21.42,23.58,3.36,0.0,94.31
2020-05-03 22:00:00+00:00,0.0,0.0,0.0,20.58,25.07,3.14,0.0,94.28
2020-05-03 23:00:00+00:00,0.0,0.0,0.0,19.99,26.26,2.91,0.0,94.28
2020-05-04 00:00:00+00:00,0.0,0.0,0.0,19.63,26.99,2.76,0.0,94.3
2020-05-04 01:00:00+00:00,0.0,0.0,0.0,19.38,27.62,2.69,0.0,94.34
2020-05-04 02:00:00+00:00,16.25,0.0,18.78,19.42,28.11,2.63,0.0,94.4
2020-05-04 03:00:00+00:00,154.85,95.29,121.09,22.53,23.62,2.76,0.0,94.47
2020-05-04 04:00:00+00:00,366.08,282.96,214.76,25.41,18.85,3.22,0.0,94.51
2020-05-04 05:00:00+00:00,599.25,445.87,251.06,29.84,13.12,4.81,0.0,94.55
2020-05-04 06:00:00+00:00,804.85,547.07,307.78,32.86,9.69,5.94,0.0,94.56
2020-05-04 07:00:00+00:00,962.62,610.76,344.73,34.43,8.82,5.56,0.0,94.53
2020-05-04 08:00:00+00:00,1022.03,668.55,266.47,35.64,8.4,5.07,0.0,94.46
2020-05-04 09:00:00+00:00,1007.92,630.52,327.62,36.55,8.28,4.7,0.0,94.38
2020-05-04 10:00:00+00:00,918.4,596.94,333.52,37.15,8.36,4.46,0.0,94.3
2020-05-04 11:00:00+00:00,761.0,530.56,294.01,37.32,8.59,4.35,0.0,94.24
2020-05-04 12:00:00+00:00,543.33,401.78,264.15,37.08,8.98,4.33,0.0,94.19
2020-05-04 13:00:00+00:00,302.85,241.08,190.97,36.33,9.55,4.5,0.0,94.18
2020-05-04 14:00:00+00:00,100.65,55.2,85.85,33.75,12.97,3.29,0.0,94.19
2020-05-04 15:00:00+00:00,4.18,0.0,6.62,29.66,17.01,3.62,0.0,94.22
2020-05-04 16:00:00+00:00,0.0,0.0,0.0,28.3,17.35,4.01,0.0,94.27
2020-05-04 17:00:00+00:00,0.0,0.0,0.0,27.33,17.59,4.33,0.0,94.33
2020-05-04 18:00:00+00:00,0.0,0.0,0.0,26.31,18.11,4.54,0.0,94.37
2020-05-04 19:00:00+00:00,0.0,0.0,0.0,25.27,18.98,4.61,0.0,94.36
2020-05-04 20:00:00+00:00,0.0,0.0,0.0,24.27,20.04,4.49,0.0,94.31
2020-05-04 21:00:00+00:00,0.0,0.0,0.0,23.5,20.98,4.44,0.0,94.26
2020-05-04 22:00:00+00:00,0.0,0.0,0.0,22.94,21.69,4.44,0.0,94.23
2020-05-04 23:00:00+00:00,0.0,0.0,0.0,22.44,22.52,4.33,0.0,94.23
2020-05-05 00:00:00+00:00,0.0,0.0,0.0,22.03,23.5,4.21,0.0,94.25
2020-05-05 01:00:00+00:00,0.0,0.0,0.0,21.74,24.39,4.09,0.0,94.28
2020-05-05 02:00:00+00:00,17.65,0.0,20.07,21.85,24.7,4.03,0.0,94.32
2020-05-05 03:00:00+00:00,148.77,60.85,131.96,24.47,21.14,5.36,0.0,94.38
2020-05-05 04:00:00+00:00,334.67,213.82,215.44,26.98,18.48,5.19,0.0,94.42
2020-05-05 05:00:00+00:00,556.45,347.54,274.06,31.46,14.07,5.59,0.0,94.43
2020-05-05 06:00:00+00:00,713.42,388.78,346.0,35.26,11.82,6.75,0.0,94.41
2020-05-05 07:00:00+00:00,768.75,245.13,476.81,37.5,13.56,6.64,0.0,94.35
2020-05-05 08:00:00+00:00,880.65,225.49,502.89,38.67,15.16,6.35,0.0,94.25
2020-05-05 09:00:00+00:00,911.28,534.12,385.95,39.01,15.86,6.31,0.0,94.17
2020-05-05 10:00:00+00:00,754.25,287.24,413.69,39.09,15.97,6.44,0.0,94.08
2020-05-05 11:00:00+00:00,569.45,158.93,395.64,39.02,15.91,6.68,0.0,94.01
2020-05-05 12:00:00+00:00,408.95,124.17,282.56,38.7,16.01,6.81,0.0,93.97
2020-05-05 13:00:00+00:00,235.75,41.45,198.16,37.88,16.57,6.83,0.0,93.96
2020-05-05 14:00:00+00:00,85.12,8.89,75.85,36.15,18.46,5.74,0.0,93.97
2020-05-05 15:00:00+00:00,3.92,0.0,5.57,32.73,22.93,4.61,0.0,93.99
2020-05-05 16:00:00+00:00,0.0,0.0,0.0,31.83,24.02,6.07,0.0,93.97
2020-05-05 17:00:00+00:00,0.0,0.0,0.0,31.18,24.63,7.14,0.0,93.95
2020-05-05 18:00:00+00:00,0.0,0.0,0.0,29.71,26.5,5.38,0.0,94.07
2020-05-05 19:00:00+00:00,0.0,0.0,0.0,28.85,28.02,3.92,0.02,94.15
2020-05-05 20:00:00+00:00,0.0,0.0,0.0,27.84,32.6,3.29,0.09,94.18
2020-05-05 21:00:00+00:00,0.0,0.0,0.0,26.93,44.71,6.55,0.04,94.19
2020-05-05 22:00:00+00:00,0.0,0.0,0.0,25.94,58.66,6.86,0.01,94.17
2020-05-05 23:00:00+00:00,0.0,0.0,0.0,25.4,63.8,4.55,0.0,94.13
2020-05-06 00:00:00+00:00,0.0,0.0,0.0,24.8,65.14,2.28,0.0,94.08
2020-05-06 01:00:00+00:00,0.0,0.0,0.0,24.77,63.23,1.31,0.0,94.05
2020-05-06 02:00:00+00:00,14.23,0.0,15.94,25.13,60.54,0.67,0.0,94.05
2020-05-06 03:00:00+00:00,100.4,9.75,85.83,26.49,55.65,1.24,0.0,94.08
2020-05-06 04:00:00+00:00,224.75,49.04,178.91,28.68,46.91,2.3,0.0,94.12
2020-05-06 05:00:00+00:00,409.48,119.0,275.92,32.15,32.69,3.18,0.0,94.15
2020-05-06 06:00:00+00:00,631.08,219.58,380.48,34.17,26.96,3.66,0.0,94.17
2020-05-06 07:00:00+00:00,726.9,396.03,408.07,35.82,23.59,3.81,0.0,94.13
2020-05-06 08:00:00+00:00,832.95,326.03,423.24,37.19,21.23,3.97,0.0,94.06
2020-05-06 09:00:00+00:00,870.75,414.67,408.15,37.99,19.91,4.1,0.0,93.98
2020-05-06 10:00:00+00:00,802.42,396.02,375.62,38.1,19.66,4.17,0.0,93.91
2020-05-06 11:00:00+00:00,663.88,340.04,344.64,38.19,19.62,4.12,0.0,93.86
2020-05-06 12:00:00+00:00,460.5,271.49,258.72,37.88,20.08,3.84,0.03,93.83
2020-05-06 13:00:00+00:00,252.27,143.19,175.31,37.18,20.84,3.36,0.05,93.82
2020-05-06 14:00:00+00:00,90.8,24.17,82.1,35.76,23.31,2.32,0.01,93.85
2020-05-06 15:00:00+00:00,4.55,0.0,7.45,32.7,28.05,2.1,0.0,93.9
2020-05-06 16:00:00+00:00,0.0,0.0,0.0,31.28,27.47,2.67,0.0,93.98
2020-05-06 17:00:00+00:00,0.0,0.0,0.0,30.36,24.97,3.8,0.0,94.05
2020-05-06 18:00:00+00:00,0.0,0.0,0.0,29.65,22.49,5.85,0.0,94.12
2020-05-06 19:00:00+00:00,0.0,0.0,0.0,28.25,23.42,7.11,0.0,94.16
2020-05-06 20:00:00+00:00,0.0,0.0,0.0,26.89,25.66,7.19,0.0,94.18
2020-05-06 21:00:00+00:00,0.0,0.0,0.0,26.19,27.22,6.64,0.0,94.16
2020-05-06 22:00:00+00:00,0.0,0.0,0.0,25.83,28.39,5.68,0.0,94.14
2020-05-06 23:00:00+00:00,0.0,0.0,0.0,25.08,30.2,4.79,0.0,94.14
2020-05-07 00:00:00+00:00,0.0,0.0,0.0,24.69,30.78,4.98,0.0,94.17
2020-05-07 01:00:00+00:00,0.0,0.0,0.0,24.15,30.95,5.1,0.0,94.21
2020-05-07 02:00:00+00:00,19.08,0.42,21.58,23.39,30.33,5.2,0.0,94.26
2020-05-07 03:00:00+00:00,158.82,89.44,128.39,24.24,25.26,6.89,0.0,94.33
2020-05-07 04:00:00+00:00,370.6,265.01,220.63,25.87,19.13,7.89,0.0,94.38
2020-05-07 05:00:00+00:00,603.45,393.98,291.36,28.0,16.73,7.13,0.0,94.42
2020-05-07 06:00:00+00:00,795.3,482.25,329.17,30.36,15.78,6.16,0.0,94.42
2020-05-07 07:00:00+00:00,927.83,503.32,396.04,32.51,16.55,5.28,0.0,94.37
2020-05-07 08:00:00+00:00,1011.8,607.78,346.03,34.26,17.44,4.57,0.0,94.29
2020-05-07 09:00:00+00:00,986.42,547.89,378.64,35.4,17.54,4.18,0.0,94.21
2020-05-07 10:00:00+00:00,862.5,431.61,413.6,36.06,17.43,4.05,0.0,94.15
2020-05-07 11:00:00+00:00,730.05,402.18,352.47,36.25,17.54,4.13,0.0,94.11
2020-05-07 12:00:00+00:00,454.58,181.57,284.76,35.78,18.15,4.4,0.0,94.08
2020-05-07 13:00:00+00:00,249.02,61.36,212.42,34.77,19.3,4.75,0.0,94.1
2020-05-07 14:00:00+00:00,92.3,4.55,87.76,33.29,21.11,4.89,0.0,94.14
2020-05-07 15:00:00+00:00,5.12,0.0,7.35,31.12,23.71,4.21,0.0,94.18
2020-05-07 16:00:00+00:00,0.0,0.0,0.0,30.11,23.79,4.69,0.0,94.23
2020-05-07 17:00:00+00:00,0.0,0.0,0.0,29.18,23.71,5.19,0.0,94.29
2020-05-07 18:00:00+00:00,0.0,0.0,0.0,28.04,24.23,5.4,0.0,94.33
2020-05-07 19:00:00+00:00,0.0,0.0,0.0,27.13,24.67,5.23,0.0,94.32
2020-05-07 20:00:00+00:00,0.0,0.0,0.0,26.13,25.27,4.47,0.0,94.29
2020-05-07 21:00:00+00:00,0.0,0.0,0.0,25.19,25.81,3.69,0.0,94.24
2020-05-07 22:00:00+00:00,0.0,0.0,0.0,23.96,27.22,3.02,0.0,94.22
2020-05-07 23:00:00+00:00,0.0,0.0,0.0,22.78,28.63,2.91,0.0,94.2
2020-05-08 00:00:00+00:00,0.0,0.0,0.0,22.05,29.64,3.03,0.0,94.2
2020-05-08 01:00:00+00:00,0.0,0.0,0.0,21.55,30.81,3.13,0.0,94.23
2020-05-08 02:00:00+00:00,15.38,0.0,18.11,21.34,31.93,3.19,0.0,94.28
2020-05-08 03:00:00+00:00,111.28,16.49,102.44,22.87,29.81,4.29,0.0,94.36
2020-05-08 04:00:00+00:00,219.98,53.55,178.02,25.39,25.51,4.09,0.0,94.42
2020-05-08 05:00:00+00:00,361.1,128.41,238.23,28.5,19.63,4.67,0.0,94.46
2020-05-08 06:00:00+00:00,528.03,192.23,345.45,30.89,16.54,4.52,0.0,94.48
2020-05-08 07:00:00+00:00,559.6,291.85,281.65,32.86,14.7,4.4,0.0,94.45
2020-05-08 08:00:00+00:00,805.17,291.95,416.53,34.15,13.95,4.33,0.0,94.38
2020-05-08 09:00:00+00:00,784.33,186.99,523.37,35.31,13.49,4.02,0.0,94.32
2020-05-08 10:00:00+00:00,819.65,328.3,423.06,35.93,13.49,3.72,0.0,94.25
2020-05-08 11:00:00+00:00,590.75,124.65,402.95,36.07,13.67,3.66,0.0,94.17
2020-05-08 12:00:00+00:00,423.38,66.87,302.02,35.88,14.07,3.69,0.0,94.13
2020-05-08 13:00:00+00:00,239.0,63.62,199.98,35.3,14.75,3.61,0.0,94.1
2020-05-08 14:00:00+00:00,96.55,18.9,96.03,33.71,17.18,2.77,0.0,94.12
2020-05-08 15:00:00+00:00,5.4,0.0,8.47,30.82,20.5,2.86,0.0,94.14
2020-05-08 16:00:00+00:00,0.0,0.0,0.0,29.91,20.1,3.37,0.0,94.16
2020-05-08 17:00:00+00:00,0.0,0.0,0.0,29.33,19.54,3.89,0.0,94.19
2020-05-08 18:00:00+00:00,0.0,0.0,0.0,28.57,19.77,4.36,0.0,94.19
2020-05-08 19:00:00+00:00,0.0,0.0,0.0,27.64,20.66,4.7,0.0,94.18
2020-05-08 20:00:00+00:00,0.0,0.0,0.0,26.39,22.31,4.45,0.0,94.14
2020-05-08 21:00:00+00:00,0.0,0.0,0.0,24.87,24.7,3.59,0.0,94.12
2020-05-08 22:00:00+00:00,0.0,0.0,0.0,23.71,26.63,3.09,0.0,94.12
2020-05-08 23:00:00+00:00,0.0,0.0,0.0,23.35,27.16,3.03,0.0,94.12
2020-05-09 00:00:00+00:00,0.0,0.0,0.0,23.19,27.27,2.99,0.0,94.12
2020-05-09 01:00:00+00:00,0.0,0.0,0.0,22.9,27.59,2.98,0.0,94.14
2020-05-09 02:00:00+00:00,17.85,0.0,20.97,22.76,27.67,3.31,0.0,94.14
2020-05-09 03:00:00+00:00,139.23,32.69,119.5,24.02,25.5,4.53,0.0,94.17
2020-05-09 04:00:00+00:00,313.08,137.3,229.87,26.36,22.19,4.37,0.0,94.19
2020-05-09 05:00:00+00:00,517.05,260.95,275.87,29.97,17.74,5.83,0.0,94.21
2020-05-09 06:00:00+00:00,670.62,269.89,370.54,33.65,15.12,6.8,0.0,94.2
2020-05-09 07:00:00+00:00,868.33,437.63,383.94,36.79,13.56,7.14,0.0,94.16
2020-05-09 08:00:00+00:00,977.62,637.05,323.19,38.8,13.14,7.03,0.0,94.07
2020-05-09 09:00:00+00:00,995.5,667.62,311.54,39.98,13.22,6.71,0.0,93.98
2020-05-09 10:00:00+00:00,914.05,641.65,298.62,40.52,13.37,6.4,0.0,93.88
2020-05-09 11:00:00+00:00,749.47,488.07,336.56,40.39,13.71,6.17,0.0,93.81
2020-05-09 12:00:00+00:00,501.62,312.87,286.85,39.76,14.27,5.91,0.0,93.78
2020-05-09 13:00:00+00:00,306.8,244.13,197.3,38.84,15.04,5.23,0.0,93.78
2020-05-09 14:00:00+00:00,118.5,100.18,97.33,36.48,18.05,3.16,0.0,93.82
2020-05-09 15:00:00+00:00,6.18,0.0,9.94,34.14,20.54,3.31,0.0,93.84
2020-05-09 16:00:00+00:00,0.0,0.0,0.0,33.18,21.24,3.64,0.0,93.88
2020-05-09 17:00:00+00:00,0.0,0.0,0.0,32.3,21.96,3.85,0.0,93.93
2020-05-09 18:00:00+00:00,0.0,0.0,0.0,31.37,22.8,3.81,0.0,93.97
2020-05-09 19:00:00+00:00,0.0,0.0,0.0,30.47,23.73,3.52,0.0,93.98
2020-05-09 20:00:00+00:00,0.0,0.0,0.0,29.69,24.67,2.99,0.0,93.99
2020-05-09 21:00:00+00:00,0.0,0.0,0.0,29.06,26.23,4.16,0.0,94.03
2020-05-09 22:00:00+00:00,0.0,0.0,0.0,28.37,30.99,5.57,0.0,94.06
2020-05-09 23:00:00+00:00,0.0,0.0,0.0,27.4,37.2,6.59,0.0,94.1
2020-05-10 00:00:00+00:00,0.0,0.0,0.0,26.66,42.32,6.52,0.0,94.12
2020-05-10 01:00:00+00:00,0.0,0.0,0.0,26.16,46.06,5.41,0.0,94.15
2020-05-10 02:00:00+00:00,22.52,5.62,25.49,25.86,48.15,4.59,0.0,94.17
2020-05-10 03:00:00+00:00,161.48,115.25,131.13,27.08,44.75,5.14,0.0,94.21
2020-05-10 04:00:00+00:00,319.5,165.17,231.02,29.94,34.84,5.79,0.0,94.24
2020-05-10 05:00:00+00:00,491.27,174.53,313.55,32.98,26.65,6.07,0.0,94.27
2020-05-10 06:00:00+00:00,743.55,352.06,418.12,35.23,22.38,4.9,0.0,94.28
2020-05-10 07:00:00+00:00,939.83,579.83,384.22,37.05,19.32,3.55,0.0,94.26
2020-05-10 08:00:00+00:00,986.67,563.55,301.45,38.53,17.01,2.32,0.0,94.21
2020-05-10 09:00:00+00:00,976.33,534.55,364.53,39.52,15.43,1.47,0.0,94.13
2020-05-10 10:00:00+00:00,873.0,480.26,389.19,40.02,14.56,0.91,0.0,94.06
2020-05-10 11:00:00+00:00,641.7,242.54,395.84,40.08,14.29,0.45,0.0,94.0
2020-05-10 12:00:00+00:00,409.98,163.92,258.88,39.78,14.41,0.14,0.0,93.97
2020-05-10 13:00:00+00:00,233.98,82.53,183.38,39.18,14.81,0.15,0.0,93.97
2020-05-10 14:00:00+00:00,90.78,13.66,83.26,38.01,16.89,0.51,0.0,93.99
2020-05-10 15:00:00+00:00,5.12,0.0,8.02,35.51,20.35,1.44,0.0,94.02
2020-05-10 16:00:00+00:00,0.0,0.0,0.0,33.61,21.44,2.39,0.0,94.05
2020-05-10 17:00:00+00:00,0.0,0.0,0.0,32.9,21.51,3.62,0.0,94.1
2020-05-10 18:00:00+00:00,0.0,0.0,0.0,32.29,22.4,5.53,0.0,94.16
2020-05-10 19:00:00+00:00,0.0,0.0,0.0,31.05,25.81,7.31,0.0,94.21
2020-05-10 20:00:00+00:00,0.0,0.0,0.0,29.52,31.49,6.92,0.0,94.25
2020-05-10 21:00:00+00:00,0.0,0.0,0.0,28.41,37.15,5.97,0.0,94.29
2020-05-10 22:00:00+00:00,0.0,0.0,0.0,27.71,41.15,5.06,0.0,94.29
2020-05-10 23:00:00+00:00,0.0,0.0,0.0,27.1,43.4,4.03,0.0,94.28
2020-05-11 00:00:00+00:00,0.0,0.0,0.0,26.26,45.34,3.26,0.0,94.29
2020-05-11 01:00:00+00:00,0.0,0.0,0.0,25.97,45.15,3.28,0.0,94.31
2020-05-11 02:00:00+00:00,20.3,0.0,23.02,25.92,43.51,3.55,0.0,94.34
2020-05-11 03:00:00+00:00,135.0,9.84,115.87,27.19,36.86,5.21,0.0,94.39
2020-05-11 04:00:00+00:00,298.77,61.84,241.75,29.38,26.59,6.9,0.0,94.43
2020-05-11 05:00:00+00:00,446.7,152.41,352.75,31.89,22.79,6.96,0.0,94.45
2020-05-11 06:00:00+00:00,591.65,213.74,445.51,34.12,21.32,6.23,0.0,94.44
2020-05-11 07:00:00+00:00,812.6,326.63,437.38,35.82,19.6,5.46,0.0,94.41
2020-05-11 08:00:00+00:00,815.7,208.93,523.13,37.01,18.09,4.67,0.0,94.35
2020-05-11 09:00:00+00:00,645.72,129.66,466.55,37.5,17.3,3.9,0.0,94.3
2020-05-11 10:00:00+00:00,657.12,66.6,454.35,37.69,16.84,3.51,0.0,94.25
2020-05-11 11:00:00+00:00,510.62,60.89,364.81,37.71,16.58,3.51,0.0,94.21
2020-05-11 12:00:00+00:00,394.35,104.41,265.65,37.41,16.64,3.63,0.0,94.19
2020-05-11 13:00:00+00:00,219.6,28.5,196.9,36.53,17.24,3.99,0.0,94.2
2020-05-11 14:00:00+00:00,87.38,3.55,79.47,35.12,18.37,4.63,0.0,94.23
2020-05-11 15:00:00+00:00,5.28,0.0,7.76,33.03,20.29,4.62,0.0,94.26
2020-05-11 16:00:00+00:00,0.0,0.0,0.0,31.51,21.54,5.21,0.0,94.33
2020-05-11 17:00:00+00:00,0.0,0.0,0.0,30.15,22.9,4.9,0.0,94.39
2020-05-11 18:00:00+00:00,0.0,0.0,0.0,29.02,24.34,4.15,0.0,94.43
2020-05-11 19:00:00+00:00,0.0,0.0,0.0,28.12,25.56,3.37,0.0,94.41
2020-05-11 20:00:00+00:00,0.0,0.0,0.0,27.53,26.36,3.04,0.0,94.35
2020-05-11 21:00:00+00:00,0.0,0.0,0.0,26.92,27.09,2.81,0.0,94.3
2020-05-11 22:00:00+00:00,0.0,0.0,0.0,26.36,27.6,2.63,0.0,94.28
2020-05-11 23:00:00+00:00,0.0,0.0,0.0,25.79,27.96,2.51,0.0,94.29
2020-05-12 00:00:00+00:00,0.0,0.0,0.0,25.3,27.95,2.45,0.0,94.31
2020-05-12 01:00:00+00:00,0.0,0.0,0.0,24.73,27.91,2.48,0.0,94.35
2020-05-12 02:00:00+00:00,19.77,0.0,21.45,24.51,27.07,2.65,0.0,94.4
2020-05-12 03:00:00+00:00,144.57,27.49,122.9,26.01,23.52,4.07,0.0,94.46
2020-05-12 04:00:00+00:00,325.3,122.89,241.35,28.67,18.18,5.01,0.0,94.51
2020-05-12 05:00:00+00:00,542.8,236.14,310.03,31.32,14.3,5.2,0.0,94.54
2020-05-12 06:00:00+00:00,737.85,314.23,408.88,33.24,12.89,4.28,0.0,94.54
2020-05-12 07:00:00+00:00,831.22,326.37,416.87,34.84,12.22,3.4,0.0,94.5
2020-05-12 08:00:00+00:00,880.88,279.32,551.69,36.1,11.82,2.69,0.0,94.42
2020-05-12 09:00:00+00:00,955.58,459.97,433.93,37.02,11.47,2.16,0.0,94.34
2020-05-12 10:00:00+00:00,879.83,486.25,378.3,37.59,11.32,1.88,0.0,94.27
2020-05-12 11:00:00+00:00,741.72,450.7,329.83,37.81,11.34,1.92,0.0,94.21
2020-05-12 12:00:00+00:00,539.17,365.77,272.83,37.63,11.59,2.16,0.0,94.18
2020-05-12 13:00:00+00:00,312.17,231.7,191.95,37.01,12.08,2.6,0.0,94.17
2020-05-12 14:00:00+00:00,114.65,66.75,94.62,35.47,13.59,2.7,0.0,94.19
2020-05-12 15:00:00+00:00,6.35,0.0,9.47,31.99,16.73,3.24,0.0,94.22
2020-05-12 16:00:00+00:00,0.0,0.0,0.0,30.71,16.54,4.59,0.0,94.28
2020-05-12 17:00:00+00:00,0.0,0.0,0.0,29.44,16.55,5.39,0.0,94.34
2020-05-12 18:00:00+00:00,0.0,0.0,0.0,27.94,17.02,5.04,0.0,94.38
2020-05-12 19:00:00+00:00,0.0,0.0,0.0,26.63,17.73,4.16,0.0,94.37
2020-05-12 20:00:00+00:00,0.0,0.0,0.0,25.51,18.71,3.53,0.0,94.33
2020-05-12 21:00:00+00:00,0.0,0.0,0.0,24.68,19.65,3.24,0.0,94.3
2020-05-12 22:00:00+00:00,0.0,0.0,0.0,23.99,20.62,3.07,0.0,94.27
2020-05-12 23:00:00+00:00,0.0,0.0,0.0,23.32,21.62,2.99,0.0,94.25
2020-05-13 00:00:00+00:00,0.0,0.0,0.0,22.81,22.36,3.08,0.0,94.27
2020-05-13 01:00:00+00:00,0.0,0.0,0.0,22.27,23.0,3.38,0.0,94.31
2020-05-13 02:00:00+00:00,22.67,0.35,25.34,22.08,22.94,4.02,0.0,94.37
2020-05-13 03:00:00+00:00,167.6,77.52,139.45,23.38,20.8,5.34,0.0,94.44
2020-05-13 04:00:00+00:00,378.85,246.01,228.13,25.97,17.51,5.12,0.0,94.48
2020-05-13 05:00:00+00:00,608.9,380.0,300.33,30.01,13.48,5.7,0.0,94.5
2020-05-13 06:00:00+00:00,807.45,487.86,347.93,32.15,12.06,4.95,0.0,94.49
2020-05-13 07:00:00+00:00,948.8,551.87,367.41,33.77,11.15,4.19,0.0,94.45
2020-05-13 08:00:00+00:00,1005.25,614.4,298.01,35.1,10.51,3.69,0.0,94.38
2020-05-13 09:00:00+00:00,994.3,595.53,304.18,36.12,10.1,3.64,0.0,94.28
2020-05-13 10:00:00+00:00,911.33,545.82,343.45,36.77,9.86,4.01,0.0,94.19
2020-05-13 11:00:00+00:00,747.45,483.74,309.64,36.96,9.87,4.57,0.0,94.12
2020-05-13 12:00:00+00:00,536.62,384.12,257.52,36.63,10.12,5.14,0.0,94.09
2020-05-13 13:00:00+00:00,307.5,239.4,195.17,35.8,10.67,5.58,0.0,94.08
2020-05-13 14:00:00+00:00,110.62,66.47,91.24,34.13,11.85,4.92,0.0,94.12
2020-05-13 15:00:00+00:00,6.2,0.0,7.96,30.64,14.74,3.83,0.0,94.15
2020-05-13 16:00:00+00:00,0.0,0.0,0.0,29.09,15.56,4.19,0.0,94.2
2020-05-13 17:00:00+00:00,0.0,0.0,0.0,27.98,15.72,4.42,0.0,94.23
2020-05-13 18:00:00+00:00,0.0,0.0,0.0,26.88,15.83,4.52,0.0,94.25
2020-05-13 19:00:00+00:00,0.0,0.0,0.0,25.76,16.18,4.43,0.0,94.23
2020-05-13 20:00:00+00:00,0.0,0.0,0.0,24.69,16.95,4.23,0.0,94.2
2020-05-13 21:00:00+00:00,0.0,0.0,0.0,23.79,17.93,3.99,0.0,94.17
2020-05-13 22:00:00+00:00,0.0,0.0,0.0,23.04,18.87,3.76,0.0,94.14
2020-05-13 23:00:00+00:00,0.0,0.0,0.0,22.34,19.9,3.53,0.0,94.11
2020-05-14 00:00:00+00:00,0.0,0.0,0.0,21.66,21.03,3.35,0.0,94.11
2020-05-14 01:00:00+00:00,0.0,0.0,0.0,21.01,22.08,3.25,0.0,94.14
2020-05-14 02:00:00+00:00,25.45,7.29,25.93,20.85,22.49,3.09,0.0,94.17
2020-05-14 03:00:00+00:00,195.23,251.49,120.1,23.99,18.64,3.86,0.0,94.21
2020-05-14 04:00:00+00:00,418.12,434.3,191.08,26.75,15.87,3.69,0.0,94.24
2020-05-14 05:00:00+00:00,638.55,569.39,225.12,31.05,12.24,5.73,0.0,94.26
2020-05-14 06:00:00+00:00,836.28,639.41,267.28,33.46,10.39,7.19,0.0,94.25
2020-05-14 07:00:00+00:00,994.8,764.4,251.79,35.1,9.37,7.61,0.0,94.21
2020-05-14 08:00:00+00:00,1071.55,925.84,166.17,36.46,8.59,7.87,0.0,94.15
2020-05-14 09:00:00+00:00,998.83,718.05,259.82,37.48,7.91,8.02,0.0,94.07
2020-05-14 10:00:00+00:00,855.88,629.37,286.85,38.02,7.38,8.12,0.0,94.01
2020-05-14 11:00:00+00:00,739.85,647.47,225.48,38.05,7.03,8.11,0.0,93.95
2020-05-14 12:00:00+00:00,612.5,702.15,171.5,37.53,6.97,7.97,0.0,93.92
2020-05-14 13:00:00+00:00,382.73,575.5,137.64,36.5,7.32,7.55,0.0,93.91
2020-05-14 14:00:00+00:00,152.68,339.3,78.73,34.49,8.54,5.57,0.0,93.93
2020-05-14 15:00:00+00:00,8.23,6.07,10.15,30.13,11.95,3.73,0.0,93.97
2020-05-14 16:00:00+00:00,0.0,0.0,0.0,28.34,13.57,3.71,0.0,94.03
2020-05-14 17:00:00+00:00,0.0,0.0,0.0,27.14,14.73,3.68,0.0,94.08
2020-05-14 18:00:00+00:00,0.0,0.0,0.0,25.98,15.68,3.65,0.0,94.12
2020-05-14 19:00:00+00:00,0.0,0.0,0.0,24.96,16.62,3.62,0.0,94.12
2020-05-14 20:00:00+00:00,0.0,0.0,0.0,24.13,17.46,3.64,0.0,94.1
2020-05-14 21:00:00+00:00,0.0,0.0,0.0,23.48,18.36,3.71,0.0,94.06
2020-05-14 22:00:00+00:00,0.0,0.0,0.0,22.99,19.38,3.82,0.0,94.02
2020-05-14 23:00:00+00:00,0.0,0.0,0.0,22.61,20.43,3.95,0.0,94.0
2020-05-15 00:00:00+00:00,0.0,0.0,0.0,22.29,21.4,4.02,0.0,94.02
2020-05-15 01:00:00+00:00,0.0,0.0,0.0,21.84,22.23,3.8,0.0,94.05
2020-05-15 02:00:00+00:00,28.58,22.23,30.57,21.88,22.18,3.34,0.0,94.09
2020-05-15 03:00:00+00:00,203.75,293.58,118.53,25.02,18.37,3.31,0.0,94.15
2020-05-15 04:00:00+00:00,417.95,450.27,198.42,27.51,15.66,2.75,0.0,94.19
2020-05-15 05:00:00+00:00,638.45,537.58,257.08,30.92,12.9,2.25,0.0,94.21
2020-05-15 06:00:00+00:00,771.12,559.25,268.15,33.87,10.78,3.08,0.0,94.22
2020-05-15 07:00:00+00:00,877.17,531.39,369.77,34.96,10.38,3.35,0.0,94.2
2020-05-15 08:00:00+00:00,792.4,242.96,407.97,35.94,10.34,4.05,0.0,94.16
2020-05-15 09:00:00+00:00,842.45,328.73,450.19,36.46,10.57,4.61,0.0,94.11
2020-05-15 10:00:00+00:00,842.95,424.86,388.95,36.85,10.48,4.88,0.0,94.06
2020-05-15 11:00:00+00:00,732.7,435.23,328.74,36.95,10.25,5.05,0.0,94.0
2020-05-15 12:00:00+00:00,532.15,358.02,255.8,36.54,10.06,5.17,0.0,93.96
2020-05-15 13:00:00+00:00,306.55,220.16,194.56,35.78,9.87,5.23,0.0,93.95
2020-05-15 14:00:00+00:00,119.53,91.78,94.0,33.89,10.88,3.74,0.0,93.95
2020-05-15 15:00:00+00:00,6.97,0.0,8.54,30.6,13.44,3.47,0.0,93.97
2020-05-15 16:00:00+00:00,0.0,0.0,0.0,28.76,15.06,3.64,0.0,94.02
2020-05-15 17:00:00+00:00,0.0,0.0,0.0,27.47,16.58,3.59,0.0,94.07
2020-05-15 18:00:00+00:00,0.0,0.0,0.0,26.45,18.04,3.44,0.0,94.09
2020-05-15 19:00:00+00:00,0.0,0.0,0.0,25.59,19.16,3.17,0.0,94.08
2020-05-15 20:00:00+00:00,0.0,0.0,0.0,25.08,19.65,2.71,0.0,94.04
2020-05-15 21:00:00+00:00,0.0,0.0,0.0,25.22,19.24,2.09,0.0,94.0
2020-05-15 22:00:00+00:00,0.0,0.0,0.0,25.49,18.7,1.47,0.0,93.96
2020-05-15 23:00:00+00:00,0.0,0.0,0.0,25.43,18.63,1.02,0.0,93.96
2020-05-16 00:00:00+00:00,0.0,0.0,0.0,24.99,19.13,0.93,0.0,93.99
2020-05-16 01:00:00+00:00,0.0,0.0,0.0,24.4,19.73,1.32,0.0,94.05
2020-05-16 02:00:00+00:00,24.92,1.08,28.56,23.89,20.25,1.77,0.0,94.1
2020-05-16 03:00:00+00:00,176.07,115.59,141.84,26.15,18.11,2.04,0.0,94.17
2020-05-16 04:00:00+00:00,380.02,292.0,213.85,29.3,14.37,2.33,0.0,94.21
2020-05-16 05:00:00+00:00,611.6,418.57,286.51,33.52,11.92,0.32,0.0,94.22
2020-05-16 06:00:00+00:00,814.72,547.22,296.37,35.72,11.38,1.59,0.0,94.21
2020-05-16 07:00:00+00:00,950.42,595.17,345.83,37.1,10.73,2.27,0.0,94.17
2020-05-16 08:00:00+00:00,1056.32,860.51,200.05,38.14,10.16,2.73,0.0,94.1
2020-05-16 09:00:00+00:00,1031.5,735.09,261.66,38.86,9.76,3.14,0.0,94.02
2020-05-16 10:00:00+00:00,914.83,610.26,335.28,39.25,9.62,3.46,0.0,93.96
2020-05-16 11:00:00+00:00,737.88,505.93,313.35,39.31,9.67,3.74,0.0,93.91
2020-05-16 12:00:00+00:00,519.28,439.93,227.56,38.94,9.95,3.9,0.0,93.88
2020-05-16 13:00:00+00:00,309.6,293.39,179.71,38.15,10.51,3.95,0.0,93.89
2020-05-16 14:00:00+00:00,121.62,115.95,93.67,36.47,12.11,2.99,0.0,93.92
2020-05-16 15:00:00+00:00,7.75,0.56,10.8,32.69,16.01,2.85,0.0,93.95
2020-05-16 16:00:00+00:00,0.0,0.0,0.0,30.9,17.89,3.37,0.0,93.98
2020-05-16 17:00:00+00:00,0.0,0.0,0.0,29.69,19.86,3.66,0.0,94.02
2020-05-16 18:00:00+00:00,0.0,0.0,0.0,28.51,21.93,3.59,0.0,94.06
2020-05-16 19:00:00+00:00,0.0,0.0,0.0,27.37,23.72,3.27,0.0,94.06
2020-05-16 20:00:00+00:00,0.0,0.0,0.0,26.37,25.02,2.94,0.0,94.04
2020-05-16 21:00:00+00:00,0.0,0.0,0.0,25.59,25.74,2.5,0.0,94.02
2020-05-16 22:00:00+00:00,0.0,0.0,0.0,25.26,25.78,1.98,0.0,94.0
2020-05-16 23:00:00+00:00,0.0,0.0,0.0,25.23,25.5,1.47,0.0,94.01
2020-05-17 00:00:00+00:00,0.0,0.0,0.0,25.22,25.34,1.04,0.0,94.05
2020-05-17 01:00:00+00:00,0.0,0.0,0.0,24.92,25.81,1.04,0.0,94.1
2020-05-17 02:00:00+00:00,27.92,5.91,30.25,24.49,26.55,1.4,0.0,94.15
2020-05-17 03:00:00+00:00,185.02,154.42,124.81,26.46,23.89,1.78,0.0,94.21
2020-05-17 04:00:00+00:00,374.23,252.02,246.34,29.28,20.05,1.94,0.0,94.25
2020-05-17 05:00:00+00:00,590.47,332.47,326.46,33.72,15.13,1.59,0.0,94.28
2020-05-17 06:00:00+00:00,841.38,625.79,280.25,35.84,13.51,0.83,0.0,94.27
2020-05-17 07:00:00+00:00,970.2,676.44,306.45,37.26,12.4,0.29,0.0,94.23
2020-05-17 08:00:00+00:00,1011.83,635.15,350.03,38.41,11.46,0.68,0.0,94.17
2020-05-17 09:00:00+00:00,1001.97,651.08,305.03,39.3,10.85,1.32,0.0,94.09
2020-05-17 10:00:00+00:00,921.67,600.78,325.59,39.83,10.54,1.85,0.0,94.01
2020-05-17 11:00:00+00:00,765.8,543.69,287.56,39.96,10.42,2.35,0.0,93.96
2020-05-17 12:00:00+00:00,559.53,433.27,252.77,39.69,10.45,2.79,0.0,93.92
2020-05-17 13:00:00+00:00,322.42,287.54,183.49,38.96,10.71,3.18,0.0,93.9
2020-05-17 14:00:00+00:00,118.07,87.26,87.87,37.31,11.95,2.87,0.0,93.91
2020-05-17 15:00:00+00:00,7.45,0.0,9.57,33.35,15.25,3.16,0.0,93.95
2020-05-17 16:00:00+00:00,0.0,0.0,0.0,31.9,16.02,3.92,0.0,94.01
2020-05-17 17:00:00+00:00,0.0,0.0,0.0,30.9,16.56,4.54,0.0,94.08
2020-05-17 18:00:00+00:00,0.0,0.0,0.0,29.52,17.46,4.48,0.0,94.13
2020-05-17 19:00:00+00:00,0.0,0.0,0.0,27.99,18.48,3.86,0.0,94.12
2020-05-17 20:00:00+00:00,0.0,0.0,0.0,26.75,19.22,3.33,0.0,94.08
2020-05-17 21:00:00+00:00,0.0,0.0,0.0,25.79,19.79,2.95,0.0,94.04
2020-05-17 22:00:00+00:00,0.0,0.0,0.0,25.31,19.89,2.48,0.0,94.01
2020-05-17 23:00:00+00:00,0.0,0.0,0.0,25.35,19.42,2.05,0.0,94.01
2020-05-18 00:00:00+00:00,0.0,0.0,0.0,25.3,19.25,1.89,0.0,94.01
2020-05-18 01:00:00+00:00,0.0,0.0,0.0,24.99,19.38,1.95,0.0,94.04
2020-05-18 02:00:00+00:00,27.35,5.32,27.49,24.79,19.57,2.14,0.0,94.08
2020-05-18 03:00:00+00:00,195.32,213.16,121.83,27.67,16.76,2.31,0.0,94.13
2020-05-18 04:00:00+00:00,416.67,399.73,197.63,30.64,13.64,2.73,0.0,94.16
2020-05-18 05:00:00+00:00,643.05,536.48,236.4,34.81,11.09,1.64,0.0,94.19
2020-05-18 06:00:00+00:00,832.65,614.01,269.45,37.08,10.13,0.57,0.0,94.18
2020-05-18 07:00:00+00:00,964.92,668.25,281.39,38.45,9.51,0.78,0.0,94.14
2020-05-18 08:00:00+00:00,1052.95,922.85,167.8,39.54,9.04,1.21,0.0,94.07
2020-05-18 09:00:00+00:00,1009.6,739.07,241.29,40.26,8.78,1.75,0.0,94.0
2020-05-18 10:00:00+00:00,906.53,619.33,307.37,40.51,8.77,2.45,0.0,93.92
2020-05-18 11:00:00+00:00,729.03,514.31,293.06,40.24,9.01,3.14,0.0,93.86
2020-05-18 12:00:00+00:00,511.67,372.77,246.64,39.51,9.43,3.74,0.0,93.82
2020-05-18 13:00:00+00:00,295.38,238.76,191.28,38.54,10.04,3.94,0.0,93.8
2020-05-18 14:00:00+00:00,122.82,82.09,102.49,36.42,12.13,2.61,0.0,93.82
2020-05-18 15:00:00+00:00,9.05,0.69,12.56,34.07,13.96,2.77,0.0,93.84
2020-05-18 16:00:00+00:00,0.0,0.0,0.0,32.63,14.89,2.83,0.0,93.89
2020-05-18 17:00:00+00:00,0.0,0.0,0.0,31.22,15.74,2.91,0.0,93.94
2020-05-18 18:00:00+00:00,0.0,0.0,0.0,29.72,16.58,3.11,0.0,93.96
2020-05-18 19:00:00+00:00,0.0,0.0,0.0,28.41,17.11,3.27,0.0,93.95
2020-05-18 20:00:00+00:00,0.0,0.0,0.0,27.43,17.37,3.23,0.0,93.92
2020-05-18 21:00:00+00:00,0.0,0.0,0.0,26.45,17.78,2.99,0.0,93.88
2020-05-18 22:00:00+00:00,0.0,0.0,0.0,26.27,17.79,2.48,0.0,93.87
2020-05-18 23:00:00+00:00,0.0,0.0,0.0,26.56,17.53,2.01,0.0,93.85
2020-05-19 00:00:00+00:00,0.0,0.0,0.0,26.71,17.25,1.62,0.0,93.88
2020-05-19 01:00:00+00:00,0.0,0.0,0.0,26.76,17.04,1.36,0.0,93.9
2020-05-19 02:00:00+00:00,16.02,0.0,16.02,26.97,16.84,1.1,0.0,93.94
2020-05-19 03:00:00+00:00,95.65,0.0,82.84,28.58,15.68,1.22,0.0,94.0
2020-05-19 04:00:00+00:00,204.82,0.0,170.11,30.78,12.98,1.81,0.0,94.04
2020-05-19 05:00:00+00:00,357.92,9.45,299.51,34.61,10.63,1.14,0.0,94.07
2020-05-19 06:00:00+00:00,656.72,80.92,495.35,37.38,9.76,2.28,0.0,94.06
2020-05-19 07:00:00+00:00,738.3,100.14,575.85,38.54,9.58,3.36,0.0,94.03
2020-05-19 08:00:00+00:00,761.3,112.5,499.77,39.1,9.59,4.07,0.0,93.98
2020-05-19 09:00:00+00:00,734.97,61.1,478.39,39.32,9.75,4.5,0.0,93.92
2020-05-19 10:00:00+00:00,597.03,124.69,381.31,39.35,9.9,4.61,0.0,93.87
2020-05-19 11:00:00+00:00,539.3,80.52,381.46,38.76,10.43,4.41,0.0,93.84
2020-05-19 12:00:00+00:00,373.52,79.79,269.22,37.58,11.39,4.18,0.0,93.83
2020-05-19 13:00:00+00:00,223.05,23.11,186.02,36.69,12.27,3.92,0.0,93.82
2020-05-19 14:00:00+00:00,87.75,3.77,77.55,34.92,14.41,2.55,0.0,93.85
2020-05-19 15:00:00+00:00,6.43,0.0,6.88,32.72,16.69,2.73,0.0,93.88
2020-05-19 16:00:00+00:00,0.0,0.0,0.0,31.72,17.73,3.03,0.0,93.92
2020-05-19 17:00:00+00:00,0.0,0.0,0.0,30.8,18.86,3.36,0.0,93.95
2020-05-19 18:00:00+00:00,0.0,0.0,0.0,29.78,20.43,3.74,0.0,93.99
2020-05-19 19:00:00+00:00,0.0,0.0,0.0,29.0,22.23,4.04,0.0,93.98
2020-05-19 20:00:00+00:00,0.0,0.0,0.0,28.29,24.21,4.07,0.0,93.93
2020-05-19 21:00:00+00:00,0.0,0.0,0.0,27.52,26.03,3.76,0.0,93.86
2020-05-19 22:00:00+00:00,0.0,0.0,0.0,26.74,27.75,3.53,0.0,93.81
2020-05-19 23:00:00+00:00,0.0,0.0,0.0,25.9,30.04,3.52,0.0,93.78
2020-05-20 00:00:00+00:00,0.0,0.0,0.0,25.18,33.36,3.77,0.0,93.78
2020-05-20 01:00:00+00:00,0.0,0.0,0.0,24.69,37.14,4.08,0.0,93.79
2020-05-20 02:00:00+00:00,26.05,2.48,26.79,24.68,39.62,4.55,0.0,93.83
2020-05-20 03:00:00+00:00,175.45,112.74,135.24,26.54,37.05,5.94,0.0,93.87
2020-05-20 04:00:00+00:00,367.23,235.18,220.84,29.62,31.59,5.59,0.0,93.92
2020-05-20 05:00:00+00:00,584.47,341.82,309.03,34.1,21.76,5.65,0.0,93.93
2020-05-20 06:00:00+00:00,769.08,448.94,323.01,36.48,16.53,5.31,0.0,93.93
2020-05-20 07:00:00+00:00,887.35,489.17,384.74,38.0,13.81,5.23,0.0,93.89
2020-05-20 08:00:00+00:00,939.03,438.16,382.78,39.11,12.06,5.2,0.0,93.83
2020-05-20 09:00:00+00:00,912.2,386.75,418.82,39.78,11.14,5.15,0.0,93.75
2020-05-20 10:00:00+00:00,832.8,395.65,403.38,40.05,10.69,5.0,0.0,93.68
2020-05-20 11:00:00+00:00,665.33,269.63,362.69,39.99,10.43,4.87,0.0,93.61
2020-05-20 12:00:00+00:00,446.1,191.64,282.69,39.6,10.31,4.78,0.0,93.58
2020-05-20 13:00:00+00:00,253.02,99.03,193.43,38.78,10.43,4.69,0.0,93.57
2020-05-20 14:00:00+00:00,99.75,18.41,94.76,37.2,11.41,3.65,0.0,93.59
2020-05-20 15:00:00+00:00,7.35,0.0,10.16,33.46,14.35,2.97,0.0,93.65
2020-05-20 16:00:00+00:00,0.0,0.0,0.0,31.66,15.57,3.32,0.0,93.7
2020-05-20 17:00:00+00:00,0.0,0.0,0.0,30.57,16.44,3.47,0.0,93.76
2020-05-20 18:00:00+00:00,0.0,0.0,0.0,29.56,17.32,3.52,0.0,93.79
2020-05-20 19:00:00+00:00,0.0,0.0,0.0,28.58,18.21,3.53,0.0,93.78
2020-05-20 20:00:00+00:00,0.0,0.0,0.0,27.67,18.99,3.53,0.0,93.74
2020-05-20 21:00:00+00:00,0.0,0.0,0.0,26.83,19.61,3.51,0.0,93.71
2020-05-20 22:00:00+00:00,0.0,0.0,0.0,26.08,20.05,3.48,0.0,93.7
2020-05-20 23:00:00+00:00,0.0,0.0,0.0,25.44,20.36,3.47,0.0,93.71
2020-05-21 00:00:00+00:00,0.0,0.0,0.0,24.88,20.63,3.46,0.0,93.75
2020-05-21 01:00:00+00:00,0.0,0.0,0.0,24.36,20.9,3.41,0.0,93.8
2020-05-21 02:00:00+00:00,25.67,1.21,26.24,24.41,20.56,3.27,0.0,93.86
2020-05-21 03:00:00+00:00,176.07,117.0,133.75,27.5,16.89,4.21,0.0,93.92
2020-05-21 04:00:00+00:00,384.02,301.57,213.36,30.1,14.36,4.38,0.0,93.96
2020-05-21 05:00:00+00:00,608.22,434.8,270.77,34.27,11.27,4.12,0.0,93.98
2020-05-21 06:00:00+00:00,801.45,531.88,302.95,37.72,9.44,3.94,0.0,93.99
2020-05-21 07:00:00+00:00,946.35,585.08,350.26,39.16,8.75,3.78,0.0,93.95
2020-05-21 08:00:00+00:00,1042.0,767.47,249.6,40.14,8.2,4.0,0.0,93.9
2020-05-21 09:00:00+00:00,1031.55,747.17,229.17,40.72,7.83,4.5,0.0,93.82
2020-05-21 10:00:00+00:00,946.67,675.59,288.33,40.9,7.59,5.2,0.0,93.77
2020-05-21 11:00:00+00:00,796.08,629.71,254.07,40.68,7.48,5.9,0.0,93.74
2020-05-21 12:00:00+00:00,591.45,534.84,228.43,40.07,7.44,6.36,0.0,93.71
2020-05-21 13:00:00+00:00,358.48,394.89,175.43,39.04,7.48,6.4,0.0,93.71
2020-05-21 14:00:00+00:00,140.73,180.25,94.14,37.07,8.01,4.78,0.0,93.74
2020-05-21 15:00:00+00:00,9.57,0.42,12.72,32.62,10.11,3.59,0.0,93.79
2020-05-21 16:00:00+00:00,0.0,0.0,0.0,30.67,10.68,3.79,0.0,93.84
2020-05-21 17:00:00+00:00,0.0,0.0,0.0,29.46,11.24,3.88,0.0,93.9
2020-05-21 18:00:00+00:00,0.0,0.0,0.0,28.37,11.93,3.89,0.0,93.94
2020-05-21 19:00:00+00:00,0.0,0.0,0.0,27.41,12.79,3.87,0.0,93.94
2020-05-21 20:00:00+00:00,0.0,0.0,0.0,26.5,13.79,3.82,0.0,93.91
2020-05-21 21:00:00+00:00,0.0,0.0,0.0,25.66,15.03,3.72,0.0,93.88
2020-05-21 22:00:00+00:00,0.0,0.0,0.0,24.92,16.61,3.59,0.0,93.86
2020-05-21 23:00:00+00:00,0.0,0.0,0.0,24.27,18.45,3.41,0.0,93.85
2020-05-22 00:00:00+00:00,0.0,0.0,0.0,23.81,20.45,3.22,0.0,93.88
2020-05-22 01:00:00+00:00,0.0,0.0,0.0,23.52,22.32,3.03,0.0,93.92
2020-05-22 02:00:00+00:00,33.78,29.51,32.12,23.77,23.38,2.85,0.0,93.96
2020-05-22 03:00:00+00:00,215.77,287.19,126.26,27.26,20.01,2.78,0.0,94.01
2020-05-22 04:00:00+00:00,418.17,396.78,201.17,30.25,17.36,3.32,0.0,94.06
2020-05-22 05:00:00+00:00,654.5,566.9,247.97,34.54,13.36,3.11,0.0,94.09
2020-05-22 06:00:00+00:00,852.88,643.88,273.85,37.92,8.96,3.38,0.0,94.09
2020-05-22 07:00:00+00:00,979.67,704.69,288.75,39.12,7.77,3.24,0.0,94.06
2020-05-22 08:00:00+00:00,967.88,594.52,341.67,39.96,7.1,3.04,0.0,94.01
2020-05-22 09:00:00+00:00,958.33,476.6,351.52,40.51,6.62,2.98,0.0,93.94
2020-05-22 10:00:00+00:00,880.45,473.96,392.97,40.81,6.29,3.23,0.0,93.87
2020-05-22 11:00:00+00:00,734.6,406.92,341.98,40.78,6.06,3.69,0.0,93.82
2020-05-22 12:00:00+00:00,530.05,328.76,276.07,40.36,5.98,4.16,0.0,93.79
2020-05-22 13:00:00+00:00,319.73,234.4,202.72,39.49,6.1,4.58,0.0,93.79
2020-05-22 14:00:00+00:00,126.85,82.05,101.03,37.32,7.21,3.5,0.0,93.81
2020-05-22 15:00:00+00:00,9.5,0.0,12.15,32.83,9.75,3.36,0.0,93.86
2020-05-22 16:00:00+00:00,0.0,0.0,0.0,30.98,10.94,3.63,0.0,93.92
2020-05-22 17:00:00+00:00,0.0,0.0,0.0,29.73,12.33,3.7,0.0,93.97
2020-05-22 18:00:00+00:00,0.0,0.0,0.0,28.56,14.08,3.67,0.0,94.01
2020-05-22 19:00:00+00:00,0.0,0.0,0.0,27.5,15.96,3.56,0.0,94.01
2020-05-22 20:00:00+00:00,0.0,0.0,0.0,26.54,17.71,3.4,0.0,93.98
2020-05-22 21:00:00+00:00,0.0,0.0,0.0,25.77,19.11,3.13,0.0,93.95
2020-05-22 22:00:00+00:00,0.0,0.0,0.0,25.3,20.07,2.76,0.0,93.92
2020-05-22 23:00:00+00:00,0.0,0.0,0.0,25.14,20.78,2.35,0.0,93.92
2020-05-23 00:00:00+00:00,0.0,0.0,0.0,25.2,21.18,1.92,0.0,93.95
2020-05-23 01:00:00+00:00,0.0,0.0,0.0,25.39,21.41,1.45,0.0,94.0
2020-05-23 02:00:00+00:00,29.25,5.91,27.5,25.54,21.65,1.14,0.0,94.05
2020-05-23 03:00:00+00:00,198.4,198.9,127.18,27.17,20.18,0.82,0.0,94.11
2020-05-23 04:00:00+00:00,423.23,402.75,202.21,29.45,17.72,0.35,0.0,94.15
2020-05-23 05:00:00+00:00,655.62,544.98,253.02,33.79,13.62,0.82,0.0,94.16
2020-05-23 06:00:00+00:00,850.47,638.61,269.06,37.44,9.86,2.25,0.0,94.14
2020-05-23 07:00:00+00:00,982.92,703.12,270.1,38.69,8.88,2.35,0.0,94.1
2020-05-23 08:00:00+00:00,969.64,589.08,304.18,39.52,8.21,2.4,0.0,94.03
2020-05-23 09:00:00+00:00,1066.35,944.4,141.17,40.12,7.71,2.53,0.0,93.96
2020-05-23 10:00:00+00:00,973.88,846.1,187.14,40.44,7.39,2.62,0.0,93.89
2020-05-23 11:00:00+00:00,819.0,796.57,172.17,40.45,7.3,2.72,0.0,93.84
2020-05-23 12:00:00+00:00,613.7,704.49,157.45,40.09,7.4,2.87,0.0,93.81
2020-05-23 13:00:00+00:00,379.88,557.34,131.64,39.37,7.73,3.02,0.0,93.8
2020-05-23 14:00:00+00:00,155.07,324.6,77.9,37.59,9.09,2.45,0.0,93.82
2020-05-23 15:00:00+00:00,10.45,5.84,13.77,33.5,11.92,2.7,0.0,93.85
2020-05-23 16:00:00+00:00,0.0,0.0,0.0,31.68,12.76,3.1,0.0,93.9
2020-05-23 17:00:00+00:00,0.0,0.0,0.0,30.44,13.39,3.29,0.0,93.95
2020-05-23 18:00:00+00:00,0.0,0.0,0.0,29.33,14.09,3.34,0.0,93.97
2020-05-23 19:00:00+00:00,0.0,0.0,0.0,28.29,14.96,3.27,0.0,93.96
2020-05-23 20:00:00+00:00,0.0,0.0,0.0,27.4,15.88,3.11,0.0,93.92
2020-05-23 21:00:00+00:00,0.0,0.0,0.0,26.73,16.72,2.89,0.0,93.87
2020-05-23 22:00:00+00:00,0.0,0.0,0.0,26.27,17.35,2.68,0.0,93.83
2020-05-23 23:00:00+00:00,0.0,0.0,0.0,25.89,17.87,2.54,0.0,93.82
2020-05-24 00:00:00+00:00,0.0,0.0,0.0,25.49,18.4,2.48,0.0,93.84
2020-05-24 01:00:00+00:00,0.0,0.0,0.0,25.01,18.99,2.52,0.0,93.88
2020-05-24 02:00:00+00:00,31.08,34.6,31.1,24.86,19.21,2.59,0.0,93.91
2020-05-24 03:00:00+00:00,210.62,349.1,104.11,28.1,16.2,2.75,0.0,93.95
2020-05-24 04:00:00+00:00,441.23,543.16,158.91,31.2,13.35,3.46,0.0,93.98
2020-05-24 05:00:00+00:00,676.15,682.92,186.23,35.74,9.87,3.53,0.0,93.99
2020-05-24 06:00:00+00:00,874.22,762.43,210.84,38.47,7.67,3.44,0.0,93.99
2020-05-24 07:00:00+00:00,1014.35,858.09,184.47,39.64,6.89,3.2,0.0,93.96
2020-05-24 08:00:00+00:00,1046.85,806.32,230.17,40.42,6.35,2.94,0.0,93.9
2020-05-24 09:00:00+00:00,1034.95,768.52,219.06,40.87,6.0,2.5,0.0,93.83
2020-05-24 10:00:00+00:00,952.17,691.55,270.17,41.07,5.85,1.97,0.0,93.76
2020-05-24 11:00:00+00:00,794.85,618.61,262.62,40.99,5.83,1.64,0.0,93.7
2020-05-24 12:00:00+00:00,587.1,518.0,228.69,40.6,5.93,1.61,0.0,93.65
2020-05-24 13:00:00+00:00,352.9,351.24,185.03,39.89,6.14,1.93,0.0,93.63
2020-05-24 14:00:00+00:00,138.65,134.64,101.35,38.0,7.43,2.05,0.0,93.64
2020-05-24 15:00:00+00:00,10.45,0.38,14.17,33.48,9.42,3.11,0.0,93.69
2020-05-24 16:00:00+00:00,0.0,0.0,0.0,31.64,9.49,3.75,0.0,93.76
2020-05-24 17:00:00+00:00,0.0,0.0,0.0,30.63,9.47,4.07,0.0,93.81
2020-05-24 18:00:00+00:00,0.0,0.0,0.0,29.71,9.88,4.24,0.0,93.85
2020-05-24 19:00:00+00:00,0.0,0.0,0.0,28.79,10.65,4.26,0.0,93.85
2020-05-24 20:00:00+00:00,0.0,0.0,0.0,27.94,11.51,4.25,0.0,93.84
2020-05-24 21:00:00+00:00,0.0,0.0,0.0,27.19,12.39,4.27,0.0,93.8
2020-05-24 22:00:00+00:00,0.0,0.0,0.0,26.51,13.37,4.31,0.0,93.78
2020-05-24 23:00:00+00:00,0.0,0.0,0.0,25.86,14.34,4.32,0.0,93.78
2020-05-25 00:00:00+00:00,0.0,0.0,0.0,25.25,15.16,4.31,0.0,93.81
2020-05-25 01:00:00+00:00,0.0,0.0,0.0,24.73,15.84,4.29,0.0,93.85
2020-05-25 02:00:00+00:00,31.12,8.91,27.84,24.88,15.75,4.32,0.0,93.92
2020-05-25 03:00:00+00:00,205.12,238.4,121.32,28.08,13.09,5.87,0.0,93.98
2020-05-25 04:00:00+00:00,424.2,395.77,202.11,30.94,11.14,5.64,0.0,94.04
2020-05-25 05:00:00+00:00,652.22,536.84,235.94,35.79,8.37,5.99,0.0,94.07
2020-05-25 06:00:00+00:00,841.38,609.61,289.0,38.85,7.0,6.03,0.0,94.08
2020-05-25 07:00:00+00:00,970.28,654.48,319.33,40.25,6.56,5.25,0.0,94.07
2020-05-25 08:00:00+00:00,1063.5,805.95,234.47,41.21,6.3,4.52,0.0,94.03
2020-05-25 09:00:00+00:00,1056.22,860.67,193.08,41.76,6.19,3.94,0.0,93.98
2020-05-25 10:00:00+00:00,975.33,829.58,196.98,41.96,6.16,3.49,0.0,93.93
2020-05-25 11:00:00+00:00,830.95,792.49,183.89,41.79,6.23,3.22,0.0,93.89
2020-05-25 12:00:00+00:00,630.17,705.62,167.08,41.27,6.41,3.22,0.0,93.85
2020-05-25 13:00:00+00:00,395.05,575.47,131.69,40.37,6.72,3.5,0.0,93.85
2020-05-25 14:00:00+00:00,163.9,310.04,90.03,38.35,7.91,3.06,0.0,93.87
2020-05-25 15:00:00+00:00,12.0,6.67,13.76,33.92,10.46,3.33,0.0,93.92
2020-05-25 16:00:00+00:00,0.0,0.0,0.0,32.19,11.38,3.77,0.0,93.97
2020-05-25 17:00:00+00:00,0.0,0.0,0.0,31.13,11.92,3.93,0.0,94.02
2020-05-25 18:00:00+00:00,0.0,0.0,0.0,30.0,12.4,3.99,0.0,94.05
2020-05-25 19:00:00+00:00,0.0,0.0,0.0,28.76,12.86,3.89,0.0,94.06
2020-05-25 20:00:00+00:00,0.0,0.0,0.0,27.45,13.39,3.67,0.0,94.04
2020-05-25 21:00:00+00:00,0.0,0.0,0.0,26.22,14.12,3.4,0.0,94.01
2020-05-25 22:00:00+00:00,0.0,0.0,0.0,25.19,15.29,3.18,0.0,94.01
2020-05-25 23:00:00+00:00,0.0,0.0,0.0,24.32,16.9,3.02,0.0,94.04
2020-05-26 00:00:00+00:00,0.0,0.0,0.0,23.54,19.91,3.17,0.0,94.11
2020-05-26 01:00:00+00:00,0.0,0.0,0.0,22.87,25.66,3.67,0.0,94.19
2020-05-26 02:00:00+00:00,32.38,15.76,29.85,22.84,34.06,4.43,0.0,94.28
2020-05-26 03:00:00+00:00,210.48,270.47,119.79,24.56,37.95,5.8,0.0,94.36
2020-05-26 04:00:00+00:00,431.27,443.01,193.21,27.72,30.53,6.21,0.0,94.42
2020-05-26 05:00:00+00:00,658.88,573.04,231.21,30.67,20.98,6.34,0.0,94.45
2020-05-26 06:00:00+00:00,846.33,653.47,255.42,32.88,16.19,5.54,0.0,94.44
2020-05-26 07:00:00+00:00,978.47,695.23,290.56,34.91,13.27,4.58,0.0,94.4
2020-05-26 08:00:00+00:00,1017.42,639.57,324.97,36.7,11.23,3.79,0.0,94.35
2020-05-26 09:00:00+00:00,1001.4,616.85,316.07,38.03,9.88,3.52,0.0,94.28
2020-05-26 10:00:00+00:00,911.88,554.15,345.34,38.79,9.1,3.64,0.0,94.21
2020-05-26 11:00:00+00:00,754.3,461.76,338.35,39.06,8.71,3.93,0.0,94.16
2020-05-26 12:00:00+00:00,546.2,357.83,279.98,38.79,8.64,4.32,0.0,94.14
2020-05-26 13:00:00+00:00,318.38,213.7,207.16,38.01,8.87,4.76,0.0,94.14
2020-05-26 14:00:00+00:00,131.65,96.4,100.62,36.25,9.82,4.13,0.0,94.17
2020-05-26 15:00:00+00:00,9.88,0.0,10.57,32.41,12.32,3.58,0.0,94.22
2020-05-26 16:00:00+00:00,0.0,0.0,0.0,30.79,13.34,4.06,0.0,94.28
2020-05-26 17:00:00+00:00,0.0,0.0,0.0,29.7,14.1,4.22,0.0,94.33
2020-05-26 18:00:00+00:00,0.0,0.0,0.0,28.58,14.85,4.07,0.0,94.36
2020-05-26 19:00:00+00:00,0.0,0.0,0.0,27.48,15.63,3.76,0.0,94.35
2020-05-26 20:00:00+00:00,0.0,0.0,0.0,26.4,16.47,3.43,0.0,94.32
2020-05-26 21:00:00+00:00,0.0,0.0,0.0,25.53,17.2,3.26,0.0,94.28
2020-05-26 22:00:00+00:00,0.0,0.0,0.0,24.77,17.89,3.2,0.0,94.25
2020-05-26 23:00:00+00:00,0.0,0.0,0.0,24.13,18.59,3.2,0.0,94.24
2020-05-27 00:00:00+00:00,0.0,0.0,0.0,23.51,19.45,3.24,0.0,94.26
2020-05-27 01:00:00+00:00,0.0,0.0,0.0,22.94,20.57,3.24,0.0,94.29
2020-05-27 02:00:00+00:00,28.35,0.88,25.9,22.97,21.13,3.09,0.0,94.32
2020-05-27 03:00:00+00:00,183.6,107.95,135.05,25.94,18.24,3.85,0.0,94.36
2020-05-27 04:00:00+00:00,391.9,257.67,234.55,28.47,16.04,3.38,0.0,94.39
2020-05-27 05:00:00+00:00,618.25,390.51,298.64,33.17,12.36,4.63,0.0,94.41
2020-05-27 06:00:00+00:00,811.67,475.35,364.79,36.43,9.97,4.76,0.0,94.4
2020-05-27 07:00:00+00:00,949.67,539.14,360.39,38.56,8.5,4.65,0.0,94.37
2020-05-27 08:00:00+00:00,1044.85,797.82,233.52,39.99,7.54,4.59,0.0,94.29
2020-05-27 09:00:00+00:00,1035.3,781.61,211.67,40.85,6.87,4.63,0.0,94.22
2020-05-27 10:00:00+00:00,956.42,710.58,259.3,41.22,6.48,4.76,0.0,94.14
2020-05-27 11:00:00+00:00,795.15,639.25,248.14,41.15,6.29,4.96,0.0,94.07
2020-05-27 12:00:00+00:00,585.97,537.97,219.74,40.67,6.33,5.15,0.0,94.02
2020-05-27 13:00:00+00:00,353.15,376.3,176.75,39.77,6.6,5.21,0.0,94.01
2020-05-27 14:00:00+00:00,139.82,157.03,97.81,37.66,7.72,3.74,0.0,94.03
2020-05-27 15:00:00+00:00,10.7,0.53,12.78,33.12,10.54,3.33,0.0,94.07
2020-05-27 16:00:00+00:00,0.0,0.0,0.0,31.31,11.88,3.55,0.0,94.13
2020-05-27 17:00:00+00:00,0.0,0.0,0.0,30.23,12.88,3.61,0.0,94.18
2020-05-27 18:00:00+00:00,0.0,0.0,0.0,29.25,13.82,3.66,0.0,94.22
2020-05-27 19:00:00+00:00,0.0,0.0,0.0,28.32,14.7,3.7,0.0,94.22
2020-05-27 20:00:00+00:00,0.0,0.0,0.0,27.42,15.53,3.74,0.0,94.18
2020-05-27 21:00:00+00:00,0.0,0.0,0.0,26.6,16.29,3.7,0.0,94.15
2020-05-27 22:00:00+00:00,0.0,0.0,0.0,25.85,17.02,3.64,0.0,94.11
2020-05-27 23:00:00+00:00,0.0,0.0,0.0,25.2,17.69,3.55,0.0,94.11
2020-05-28 00:00:00+00:00,0.0,0.0,0.0,24.69,18.24,3.47,0.0,94.13
2020-05-28 01:00:00+00:00,0.0,0.0,0.0,24.39,18.63,3.42,0.0,94.15
2020-05-28 02:00:00+00:00,29.7,1.77,28.38,24.75,18.34,3.3,0.0,94.2
2020-05-28 03:00:00+00:00,192.9,144.14,135.76,28.3,15.12,3.47,0.0,94.23
2020-05-28 04:00:00+00:00,405.42,308.85,221.94,31.43,12.76,4.38,0.0,94.24
2020-05-28 05:00:00+00:00,635.3,450.61,279.44,35.7,9.9,4.74,0.0,94.23
2020-05-28 06:00:00+00:00,795.4,487.74,324.87,38.95,7.88,5.4,0.0,94.2
2020-05-28 07:00:00+00:00,967.8,618.7,318.0,40.38,6.99,5.6,0.0,94.13
2020-05-28 08:00:00+00:00,1035.18,721.36,271.13,41.45,6.26,5.96,0.0,94.05
2020-05-28 09:00:00+00:00,1023.9,689.75,255.48,42.15,5.79,6.19,0.0,93.96
2020-05-28 10:00:00+00:00,940.5,602.81,323.14,42.48,5.57,6.24,0.0,93.88
2020-05-28 11:00:00+00:00,778.2,525.41,315.5,42.41,5.53,6.24,0.0,93.82
2020-05-28 12:00:00+00:00,566.25,428.89,242.72,41.91,5.66,6.16,0.0,93.79
2020-05-28 13:00:00+00:00,333.45,265.53,198.39,40.98,5.98,5.97,0.0,93.79
2020-05-28 14:00:00+00:00,130.05,77.63,108.36,38.62,7.16,4.06,0.0,93.82
2020-05-28 15:00:00+00:00,10.73,0.0,12.68,34.08,9.77,3.64,0.0,93.86
2020-05-28 16:00:00+00:00,0.0,0.0,0.0,32.29,11.15,3.87,0.0,93.91
2020-05-28 17:00:00+00:00,0.0,0.0,0.0,31.22,12.28,3.92,0.0,93.96
2020-05-28 18:00:00+00:00,0.0,0.0,0.0,30.23,13.38,3.92,0.0,93.99
2020-05-28 19:00:00+00:00,0.0,0.0,0.0,29.3,14.34,3.88,0.0,93.97
2020-05-28 20:00:00+00:00,0.0,0.0,0.0,28.42,15.12,3.81,0.0,93.94
2020-05-28 21:00:00+00:00,0.0,0.0,0.0,27.57,15.84,3.67,0.0,93.9
2020-05-28 22:00:00+00:00,0.0,0.0,0.0,26.78,16.46,3.48,0.0,93.88
2020-05-28 23:00:00+00:00,0.0,0.0,0.0,26.11,16.94,3.27,0.0,93.87
2020-05-29 00:00:00+00:00,0.0,0.0,0.0,25.58,17.21,3.03,0.0,93.88
2020-05-29 01:00:00+00:00,0.0,0.0,0.0,25.33,17.05,2.74,0.0,93.91
2020-05-29 02:00:00+00:00,30.17,2.23,28.6,25.73,16.34,2.41,0.0,93.94
2020-05-29 03:00:00+00:00,191.98,141.63,135.21,28.85,13.5,2.16,0.0,93.97
2020-05-29 04:00:00+00:00,408.75,325.42,220.41,31.98,10.63,2.56,0.0,94.0
2020-05-29 05:00:00+00:00,636.33,464.74,275.69,36.05,8.55,2.96,0.0,94.0
2020-05-29 06:00:00+00:00,828.42,544.63,329.68,39.89,8.42,5.49,0.0,93.98
2020-05-29 07:00:00+00:00,966.17,611.85,321.59,41.28,8.18,6.17,0.0,93.94
2020-05-29 08:00:00+00:00,1030.2,718.27,269.59,42.25,7.68,6.6,0.0,93.89
2020-05-29 09:00:00+00:00,1018.5,687.51,253.28,42.85,7.26,6.77,0.0,93.82
2020-05-29 10:00:00+00:00,936.95,607.42,316.81,43.11,6.97,6.67,0.0,93.76
2020-05-29 11:00:00+00:00,772.55,524.38,312.76,43.03,6.87,6.49,0.0,93.71
2020-05-29 12:00:00+00:00,562.97,424.14,254.19,42.54,6.96,6.34,0.0,93.68
2020-05-29 13:00:00+00:00,332.52,268.3,202.87,41.64,7.26,6.17,0.0,93.68
2020-05-29 14:00:00+00:00,131.07,91.24,100.73,39.47,8.29,4.25,0.0,93.7
2020-05-29 15:00:00+00:00,10.88,0.0,13.39,35.09,10.74,3.6,0.0,93.74
2020-05-29 16:00:00+00:00,0.0,0.0,0.0,33.2,11.85,3.73,0.0,93.79
2020-05-29 17:00:00+00:00,0.0,0.0,0.0,31.99,12.62,3.68,0.0,93.83
2020-05-29 18:00:00+00:00,0.0,0.0,0.0,30.88,13.35,3.5,0.0,93.86
2020-05-29 19:00:00+00:00,0.0,0.0,0.0,29.98,13.95,3.17,0.0,93.85
2020-05-29 20:00:00+00:00,0.0,0.0,0.0,29.46,14.18,2.75,0.0,93.83
2020-05-29 21:00:00+00:00,0.0,0.0,0.0,29.35,14.05,2.35,0.0,93.78
2020-05-29 22:00:00+00:00,0.0,0.0,0.0,29.22,13.96,2.06,0.0,93.74
2020-05-29 23:00:00+00:00,0.0,0.0,0.0,28.88,14.01,1.9,0.0,93.72
2020-05-30 00:00:00+00:00,0.0,0.0,0.0,28.46,14.16,1.84,0.0,93.73
2020-05-30 01:00:00+00:00,0.0,0.0,0.0,28.11,14.18,1.79,0.0,93.75
2020-05-30 02:00:00+00:00,31.12,4.98,29.34,28.1,14.0,1.73,0.0,93.79
2020-05-30 03:00:00+00:00,199.95,184.12,129.51,29.94,12.88,1.66,0.0,93.83
2020-05-30 04:00:00+00:00,423.02,382.68,208.36,32.62,10.3,2.35,0.0,93.88
2020-05-30 05:00:00+00:00,653.33,529.13,254.21,36.8,8.05,3.45,0.0,93.91
2020-05-30 06:00:00+00:00,845.95,609.87,298.1,40.2,7.25,4.93,0.0,93.91
2020-05-30 07:00:00+00:00,977.78,677.33,284.1,41.39,7.18,5.12,0.0,93.88
2020-05-30 08:00:00+00:00,1078.45,1003.17,137.25,42.21,7.02,5.36,0.0,93.83
2020-05-30 09:00:00+00:00,1067.9,958.31,133.47,42.76,6.74,5.78,0.0,93.78
2020-05-30 10:00:00+00:00,985.5,861.54,173.1,42.99,6.47,6.24,0.0,93.75
2020-05-30 11:00:00+00:00,839.97,801.11,178.27,42.83,6.28,6.56,0.0,93.72
2020-05-30 12:00:00+00:00,637.53,690.32,177.66,42.25,6.27,6.66,0.0,93.71
2020-05-30 13:00:00+00:00,397.1,509.51,159.68,41.25,6.52,6.53,0.0,93.71
2020-05-30 14:00:00+00:00,162.77,239.01,98.05,39.08,7.51,4.64,0.0,93.74
2020-05-30 15:00:00+00:00,12.93,0.98,14.79,34.75,9.95,3.66,0.0,93.79
2020-05-30 16:00:00+00:00,0.0,0.0,0.0,32.96,11.36,3.8,0.0,93.86
2020-05-30 17:00:00+00:00,0.0,0.0,0.0,31.91,12.63,3.83,0.0,93.92
2020-05-30 18:00:00+00:00,0.0,0.0,0.0,30.97,14.13,3.85,0.0,93.98
2020-05-30 19:00:00+00:00,0.0,0.0,0.0,30.08,15.93,3.83,0.0,93.99
2020-05-30 20:00:00+00:00,0.0,0.0,0.0,29.15,18.03,3.7,0.0,93.98
2020-05-30 21:00:00+00:00,0.0,0.0,0.0,28.26,20.11,3.49,0.0,93.95
2020-05-30 22:00:00+00:00,0.0,0.0,0.0,27.51,21.66,3.3,0.0,93.91
2020-05-30 23:00:00+00:00,0.0,0.0,0.0,26.89,22.5,3.3,0.0,93.9
2020-05-31 00:00:00+00:00,0.0,0.0,0.0,26.37,22.55,3.61,0.0,93.93
2020-05-31 01:00:00+00:00,0.0,0.0,0.0,25.87,21.93,3.99,0.0,93.96
2020-05-31 02:00:00+00:00,30.23,1.37,30.02,25.87,20.45,4.06,0.0,94.01
2020-05-31 03:00:00+00:00,193.12,129.8,141.97,28.35,16.68,5.29,0.0,94.06
2020-05-31 04:00:00+00:00,411.33,319.63,224.89,31.03,13.77,4.82,0.0,94.09
2020-05-31 05:00:00+00:00,642.38,474.31,266.98,34.93,10.66,4.89,0.0,94.11
2020-05-31 06:00:00+00:00,839.35,561.67,326.96,38.33,8.96,4.51,0.0,94.1
2020-05-31 07:00:00+00:00,981.47,639.68,313.79,40.32,8.1,3.89,0.0,94.08
2020-05-31 08:00:00+00:00,1033.22,690.17,287.74,41.39,7.49,3.75,0.0,94.02
2020-05-31 09:00:00+00:00,1022.33,663.47,268.86,42.06,6.94,3.83,0.0,93.94
2020-05-31 10:00:00+00:00,940.45,581.11,336.63,42.44,6.45,3.98,0.0,93.87
2020-05-31 11:00:00+00:00,784.0,511.11,319.78,42.46,6.19,4.11,0.0,93.81
2020-05-31 12:00:00+00:00,576.83,405.65,278.72,42.07,6.08,4.21,0.0,93.76
2020-05-31 13:00:00+00:00,344.08,253.5,212.92,41.23,6.18,4.25,0.0,93.75
2020-05-31 14:00:00+00:00,144.25,116.51,105.8,38.99,7.23,3.0,0.0,93.77
2020-05-31 15:00:00+00:00,12.12,0.0,13.9,34.54,9.55,3.13,0.0,93.83
2020-05-31 16:00:00+00:00,0.0,0.0,0.0,32.69,10.62,3.34,0.0,93.89
2020-05-31 17:00:00+00:00,0.0,0.0,0.0,31.56,11.53,3.39,0.0,93.95
2020-05-31 18:00:00+00:00,0.0,0.0,0.0,30.53,12.47,3.37,0.0,93.99
2020-05-31 19:00:00+00:00,0.0,0.0,0.0,29.56,13.51,3.26,0.0,94.0
2020-05-31 20:00:00+00:00,0.0,0.0,0.0,28.66,14.57,3.06,0.0,93.96
2020-05-31 21:00:00+00:00,0.0,0.0,0.0,28.05,15.45,2.82,0.0,93.92
2020-05-31 22:00:00+00:00,0.0,0.0,0.0,27.8,15.99,2.53,0.0,93.88
2020-05-31 23:00:00+00:00,0.0,0.0,0.0,27.68,16.46,2.27,0.0,93.87
2020-06-01 00:00:00+00:00,0.0,0.0,0.0,27.52,16.94,2.08,0.0,93.88
2020-06-01 01:00:00+00:00,0.0,0.0,0.0,27.16,17.64,2.02,0.0,93.9
2020-06-01 02:00:00+00:00,32.52,24.36,28.41,26.9,18.26,2.05,0.0,93.94
2020-06-01 03:00:00+00:00,203.35,230.18,122.34,29.28,16.24,2.17,0.0,93.98
2020-06-01 04:00:00+00:00,419.01,383.63,204.02,31.92,14.06,2.87,0.0,94.0
2020-06-01 05:00:00+00:00,650.21,548.95,231.89,36.27,10.96,3.39,0.0,94.03
2020-06-01 06:00:00+00:00,839.9,629.18,266.44,39.82,8.72,3.73,0.0,94.03
2020-06-01 07:00:00+00:00,973.95,699.71,265.25,41.11,8.12,3.48,0.0,94.02
2020-06-01 08:00:00+00:00,1074.95,968.36,154.92,41.97,7.76,3.16,0.0,93.97
2020-06-01 09:00:00+00:00,1064.55,934.2,144.56,42.52,7.53,2.91,0.0,93.9
2020-06-01 10:00:00+00:00,983.55,847.77,185.5,42.77,7.38,2.78,0.0,93.84
2020-06-01 11:00:00+00:00,839.03,794.0,186.8,42.67,7.34,2.72,0.0,93.78
2020-06-01 12:00:00+00:00,640.58,723.75,161.23,42.22,7.38,2.74,0.0,93.72
2020-06-01 13:00:00+00:00,407.77,582.25,134.22,41.38,7.6,2.85,0.0,93.71
2020-06-01 14:00:00+00:00,175.75,358.88,82.09,39.51,8.71,2.35,0.0,93.72
2020-06-01 15:00:00+00:00,14.73,7.01,15.87,35.53,10.84,2.66,0.0,93.76
2020-06-01 16:00:00+00:00,0.0,0.0,0.0,33.74,11.7,3.04,0.0,93.82
2020-06-01 17:00:00+00:00,0.0,0.0,0.0,32.6,12.35,3.23,0.0,93.87
2020-06-01 18:00:00+00:00,0.0,0.0,0.0,31.6,13.01,3.38,0.0,93.9
2020-06-01 19:00:00+00:00,0.0,0.0,0.0,30.65,13.73,3.52,0.0,93.88
2020-06-01 20:00:00+00:00,0.0,0.0,0.0,29.75,14.56,3.63,0.0,93.83
2020-06-01 21:00:00+00:00,0.0,0.0,0.0,28.93,15.48,3.72,0.0,93.78
2020-06-01 22:00:00+00:00,0.0,0.0,0.0,28.21,16.49,3.76,0.0,93.74
2020-06-01 23:00:00+00:00,0.0,0.0,0.0,27.56,17.6,3.76,0.0,93.7
2020-06-02 00:00:00+00:00,0.0,0.0,0.0,27.0,18.57,3.71,0.0,93.7
2020-06-02 01:00:00+00:00,0.0,0.0,0.0,26.52,19.41,3.63,0.0,93.72
2020-06-02 02:00:00+00:00,37.08,44.41,32.94,26.72,19.32,3.44,0.0,93.76
2020-06-02 03:00:00+00:00,234.12,406.48,106.25,30.33,15.84,3.82,0.0,93.79
2020-06-02 04:00:00+00:00,468.6,624.71,143.41,33.11,13.6,4.18,0.0,93.83
2020-06-02 05:00:00+00:00,696.95,767.94,150.57,37.31,10.48,3.98,0.0,93.86
2020-06-02 06:00:00+00:00,886.47,843.54,168.48,40.37,8.4,4.01,0.0,93.88
2020-06-02 07:00:00+00:00,973.87,685.71,292.45,41.69,7.81,3.57,0.0,93.86
2020-06-02 08:00:00+00:00,1046.35,787.28,240.39,42.6,7.51,3.14,0.0,93.81
2020-06-02 09:00:00+00:00,1036.12,756.3,238.13,43.2,7.33,2.73,0.0,93.76
2020-06-02 10:00:00+00:00,953.1,676.81,278.13,43.49,7.25,2.4,0.0,93.68
2020-06-02 11:00:00+00:00,803.72,617.34,266.5,43.46,7.29,2.13,0.0,93.63
2020-06-02 12:00:00+00:00,596.3,503.32,238.56,43.05,7.48,1.94,0.0,93.6
2020-06-02 13:00:00+00:00,359.75,344.74,190.38,42.31,7.8,1.95,0.0,93.57
2020-06-02 14:00:00+00:00,146.8,136.62,109.23,40.47,9.1,1.76,0.0,93.59
2020-06-02 15:00:00+00:00,12.7,0.43,15.93,36.56,11.41,2.53,0.0,93.63
2020-06-02 16:00:00+00:00,0.0,0.0,0.0,34.45,12.87,3.16,0.0,93.68
2020-06-02 17:00:00+00:00,0.0,0.0,0.0,33.23,14.2,3.49,0.0,93.74
2020-06-02 18:00:00+00:00,0.0,0.0,0.0,32.2,15.68,3.67,0.0,93.78
2020-06-02 19:00:00+00:00,0.0,0.0,0.0,31.34,17.24,3.92,0.0,93.78
2020-06-02 20:00:00+00:00,0.0,0.0,0.0,30.61,18.75,4.17,0.0,93.74
2020-06-02 21:00:00+00:00,0.0,0.0,0.0,29.94,20.25,4.26,0.0,93.7
2020-06-02 22:00:00+00:00,0.0,0.0,0.0,29.31,21.69,4.26,0.0,93.67
2020-06-02 23:00:00+00:00,0.0,0.0,0.0,28.72,23.09,4.23,0.0,93.67
2020-06-03 00:00:00+00:00,0.0,0.0,0.0,28.15,24.42,4.14,0.0,93.68
2020-06-03 01:00:00+00:00,0.0,0.0,0.0,27.58,25.65,4.0,0.0,93.71
2020-06-03 02:00:00+00:00,31.83,6.6,29.99,27.67,25.85,3.9,0.0,93.74
2020-06-03 03:00:00+00:00,198.07,200.44,125.87,30.33,22.45,5.46,0.0,93.79
2020-06-03 04:00:00+00:00,413.33,384.31,196.95,32.98,19.57,5.03,0.0,93.83
2020-06-03 05:00:00+00:00,635.78,517.04,242.95,37.62,15.01,4.9,0.0,93.85
2020-06-03 06:00:00+00:00,824.6,599.6,273.85,40.02,12.71,4.37,0.0,93.84
2020-06-03 07:00:00+00:00,960.35,659.25,283.45,41.6,11.27,3.71,0.0,93.81
2020-06-03 08:00:00+00:00,1052.55,968.33,140.05,42.73,10.28,2.93,0.0,93.76
2020-06-03 09:00:00+00:00,1043.4,938.41,138.69,43.42,9.66,2.09,0.0,93.69
2020-06-03 10:00:00+00:00,965.75,852.27,169.52,43.72,9.34,1.22,0.0,93.63
2020-06-03 11:00:00+00:00,825.05,797.69,171.95,43.69,9.23,0.64,0.0,93.58
2020-06-03 12:00:00+00:00,631.6,739.14,149.49,43.38,9.31,1.06,0.0,93.55
2020-06-03 13:00:00+00:00,403.9,590.79,127.89,42.72,9.6,1.83,0.0,93.55
2020-06-03 14:00:00+00:00,177.18,381.21,82.54,41.3,10.65,2.08,0.0,93.59
2020-06-03 15:00:00+00:00,15.6,12.26,16.85,37.67,13.17,2.4,0.0,93.64
2020-06-03 16:00:00+00:00,0.0,0.0,0.0,35.8,14.7,2.92,0.0,93.7
2020-06-03 17:00:00+00:00,0.0,0.0,0.0,34.57,15.99,3.32,0.0,93.75
2020-06-03 18:00:00+00:00,0.0,0.0,0.0,33.46,17.3,3.64,0.0,93.79
2020-06-03 19:00:00+00:00,0.0,0.0,0.0,32.48,18.52,3.87,0.0,93.78
2020-06-03 20:00:00+00:00,0.0,0.0,0.0,31.6,19.65,4.02,0.0,93.74
2020-06-03 21:00:00+00:00,0.0,0.0,0.0,30.71,20.67,3.83,0.0,93.7
2020-06-03 22:00:00+00:00,0.0,0.0,0.0,29.86,21.44,3.44,0.0,93.68
2020-06-03 23:00:00+00:00,0.0,0.0,0.0,29.08,21.95,3.01,0.0,93.69
2020-06-04 00:00:00+00:00,0.0,0.0,0.0,28.4,22.26,2.5,0.0,93.72
2020-06-04 01:00:00+00:00,0.0,0.0,0.0,27.82,22.6,1.96,0.0,93.78
2020-06-04 02:00:00+00:00,36.6,49.29,31.15,27.73,22.53,1.62,0.0,93.83
2020-06-04 03:00:00+00:00,225.05,401.31,99.28,30.21,19.56,2.31,0.0,93.88
2020-06-04 04:00:00+00:00,452.48,599.24,140.66,32.92,16.87,2.26,0.0,93.93
2020-06-04 05:00:00+00:00,673.55,715.74,164.14,37.19,13.38,2.01,0.0,93.96
2020-06-04 06:00:00+00:00,839.41,628.94,266.38,39.77,11.52,2.09,0.0,93.96
2020-06-04 07:00:00+00:00,985.4,825.39,185.02,41.49,10.23,2.41,0.0,93.94
2020-06-04 08:00:00+00:00,1026.95,781.17,231.02,42.78,9.1,3.03,0.0,93.89
2020-06-04 09:00:00+00:00,1014.4,739.96,221.06,43.57,8.15,3.65,0.0,93.83
2020-06-04 10:00:00+00:00,936.72,658.67,277.59,43.89,7.52,4.02,0.0,93.76
2020-06-04 11:00:00+00:00,784.33,566.99,292.26,43.8,7.11,4.25,0.0,93.7
2020-06-04 12:00:00+00:00,584.65,494.82,223.34,43.34,6.93,4.4,0.0,93.68
2020-06-04 13:00:00+00:00,357.65,348.93,171.14,42.49,6.97,4.48,0.0,93.68
2020-06-04 14:00:00+00:00,148.4,135.77,101.61,40.47,7.84,3.22,0.0,93.72
2020-06-04 15:00:00+00:00,14.1,0.39,16.45,36.43,9.98,3.14,0.0,93.77
2020-06-04 16:00:00+00:00,0.0,0.0,0.0,34.78,10.99,3.56,0.0,93.83
2020-06-04 17:00:00+00:00,0.0,0.0,0.0,33.87,11.82,3.91,0.0,93.89
2020-06-04 18:00:00+00:00,0.0,0.0,0.0,33.1,12.79,4.52,0.0,93.93
2020-06-04 19:00:00+00:00,0.0,0.0,0.0,32.24,13.89,5.21,0.0,93.95
2020-06-04 20:00:00+00:00,0.0,0.0,0.0,31.25,15.16,5.4,0.0,93.93
2020-06-04 21:00:00+00:00,0.0,0.0,0.0,30.23,16.37,4.91,0.0,93.91
2020-06-04 22:00:00+00:00,0.0,0.0,0.0,29.39,17.33,4.58,0.0,93.89
2020-06-04 23:00:00+00:00,0.0,0.0,0.0,28.77,17.96,4.79,0.0,93.9
2020-06-05 00:00:00+00:00,0.0,0.0,0.0,28.24,18.49,5.11,0.0,93.93
2020-06-05 01:00:00+00:00,0.0,0.0,0.0,27.71,18.88,5.03,0.0,93.99
2020-06-05 02:00:00+00:00,30.67,0.88,28.52,27.7,18.41,4.92,0.0,94.03
2020-06-05 03:00:00+00:00,188.1,109.9,137.4,29.61,15.87,5.94,0.0,94.08
2020-06-05 04:00:00+00:00,396.48,260.37,237.27,32.16,13.2,5.48,0.0,94.1
2020-06-05 05:00:00+00:00,623.15,399.7,291.26,36.33,10.14,5.59,0.0,94.09
2020-06-05 06:00:00+00:00,816.6,492.25,339.49,40.13,8.5,6.08,0.0,94.07
2020-06-05 07:00:00+00:00,954.15,555.99,352.07,41.98,7.56,5.56,0.0,94.03
2020-06-05 08:00:00+00:00,1038.78,766.87,247.13,43.02,6.79,5.34,0.0,93.96
2020-06-05 09:00:00+00:00,1027.03,721.5,239.13,43.6,6.24,5.76,0.0,93.89
2020-06-05 10:00:00+00:00,942.62,628.45,303.67,43.83,5.97,6.24,0.0,93.83
2020-06-05 11:00:00+00:00,788.33,555.48,293.13,43.65,5.94,6.61,0.0,93.79
2020-06-05 12:00:00+00:00,583.12,440.5,263.69,43.08,6.1,6.84,0.0,93.76
2020-06-05 13:00:00+00:00,350.5,278.95,196.43,42.1,6.47,6.89,0.0,93.76
2020-06-05 14:00:00+00:00,145.48,100.48,108.08,40.24,7.34,5.49,0.0,93.78
2020-06-05 15:00:00+00:00,14.0,0.0,14.03,36.2,9.63,4.07,0.0,93.82
2020-06-05 16:00:00+00:00,0.0,0.0,0.0,34.44,11.26,4.27,0.0,93.88
2020-06-05 17:00:00+00:00,0.0,0.0,0.0,33.4,12.49,4.28,0.0,93.93
2020-06-05 18:00:00+00:00,0.0,0.0,0.0,32.4,13.34,4.15,0.0,93.97
2020-06-05 19:00:00+00:00,0.0,0.0,0.0,31.43,13.96,3.98,0.0,93.97
2020-06-05 20:00:00+00:00,0.0,0.0,0.0,30.45,14.48,3.81,0.0,93.93
2020-06-05 21:00:00+00:00,0.0,0.0,0.0,29.54,14.82,3.73,0.0,93.89
2020-06-05 22:00:00+00:00,0.0,0.0,0.0,28.77,15.03,3.79,0.0,93.86
2020-06-05 23:00:00+00:00,0.0,0.0,0.0,28.09,15.2,4.06,0.0,93.87
2020-06-06 00:00:00+00:00,0.0,0.0,0.0,27.48,15.43,4.31,0.0,93.91
2020-06-06 01:00:00+00:00,0.0,0.0,0.0,26.94,15.94,4.28,0.0,93.95
2020-06-06 02:00:00+00:00,30.88,1.96,28.14,27.08,16.19,4.18,0.0,94.0
2020-06-06 03:00:00+00:00,198.3,178.41,129.99,29.55,14.61,5.47,0.0,94.04
2020-06-06 04:00:00+00:00,407.52,319.42,221.69,32.1,13.05,5.28,0.0,94.07
2020-06-06 05:00:00+00:00,635.03,470.47,262.54,36.5,10.02,5.61,0.0,94.07
2020-06-06 06:00:00+00:00,826.72,566.82,294.94,39.57,8.32,5.51,0.0,94.05
2020-06-06 07:00:00+00:00,958.15,628.03,304.08,41.3,7.58,5.35,0.0,94.01
2020-06-06 08:00:00+00:00,1031.2,742.88,255.93,42.44,7.14,5.71,0.0,93.94
2020-06-06 09:00:00+00:00,1020.2,713.67,239.16,43.11,6.91,6.32,0.0,93.88
2020-06-06 10:00:00+00:00,935.22,631.79,295.17,43.35,6.9,6.9,0.0,93.81
2020-06-06 11:00:00+00:00,787.88,564.77,286.39,43.2,7.09,7.28,0.0,93.75
2020-06-06 12:00:00+00:00,588.3,465.37,254.28,42.69,7.45,7.4,0.0,93.7
2020-06-06 13:00:00+00:00,361.55,326.83,187.99,41.78,8.0,7.32,0.0,93.68
2020-06-06 14:00:00+00:00,154.05,148.01,107.76,40.09,8.95,5.79,0.0,93.69
2020-06-06 15:00:00+00:00,14.88,0.46,15.79,36.36,11.15,4.04,0.0,93.73
2020-06-06 16:00:00+00:00,0.0,0.0,0.0,34.65,12.26,4.28,0.0,93.78
2020-06-06 17:00:00+00:00,0.0,0.0,0.0,33.68,12.86,4.48,0.0,93.83
2020-06-06 18:00:00+00:00,0.0,0.0,0.0,32.7,13.4,4.52,0.0,93.86
2020-06-06 19:00:00+00:00,0.0,0.0,0.0,31.82,13.89,4.51,0.0,93.83
2020-06-06 20:00:00+00:00,0.0,0.0,0.0,31.0,14.55,4.46,0.0,93.78
2020-06-06 21:00:00+00:00,0.0,0.0,0.0,30.25,15.49,4.34,0.0,93.76
2020-06-06 22:00:00+00:00,0.0,0.0,0.0,29.56,16.69,4.12,0.0,93.74
2020-06-06 23:00:00+00:00,0.0,0.0,0.0,28.94,17.79,3.97,0.0,93.73
2020-06-07 00:00:00+00:00,0.0,0.0,0.0,28.39,18.57,3.92,0.0,93.76
2020-06-07 01:00:00+00:00,0.0,0.0,0.0,27.88,18.97,3.95,0.0,93.8
2020-06-07 02:00:00+00:00,32.95,6.41,30.16,27.94,18.36,3.87,0.0,93.85
2020-06-07 03:00:00+00:00,207.6,220.75,128.51,30.69,15.03,5.03,0.0,93.88
2020-06-07 04:00:00+00:00,430.98,420.89,198.68,33.48,12.4,5.06,0.0,93.9
2020-06-07 05:00:00+00:00,657.92,573.51,225.27,37.38,10.21,6.33,0.0,93.91
2020-06-07 06:00:00+00:00,846.3,666.79,245.24,39.47,9.67,6.17,0.0,93.9
2020-06-07 07:00:00+00:00,978.62,728.06,249.11,40.75,9.22,5.89,0.0,93.87
2020-06-07 08:00:00+00:00,1030.65,781.23,233.44,41.68,8.81,5.8,0.0,93.82
2020-06-07 09:00:00+00:00,1023.69,755.66,217.89,42.3,8.51,5.8,0.0,93.75
2020-06-07 10:00:00+00:00,922.08,563.33,333.4,42.62,8.32,5.8,0.0,93.69
2020-06-07 11:00:00+00:00,771.6,505.1,311.57,42.58,8.3,5.8,0.0,93.63
2020-06-07 12:00:00+00:00,573.55,416.18,268.08,42.14,8.47,5.75,0.0,93.58
2020-06-07 13:00:00+00:00,341.98,252.1,203.74,41.34,8.8,5.62,0.0,93.55
2020-06-07 14:00:00+00:00,138.65,74.39,119.79,39.83,9.53,4.49,0.0,93.56
2020-06-07 15:00:00+00:00,13.57,0.0,16.93,36.13,11.7,3.43,0.0,93.59
2020-06-07 16:00:00+00:00,0.0,0.0,0.0,34.35,12.88,3.8,0.0,93.64
2020-06-07 17:00:00+00:00,0.0,0.0,0.0,33.15,13.84,4.0,0.0,93.67
2020-06-07 18:00:00+00:00,0.0,0.0,0.0,32.03,14.93,3.98,0.0,93.69
2020-06-07 19:00:00+00:00,0.0,0.0,0.0,30.98,16.08,3.84,0.0,93.68
2020-06-07 20:00:00+00:00,0.0,0.0,0.0,29.93,17.25,3.64,0.0,93.64
2020-06-07 21:00:00+00:00,0.0,0.0,0.0,28.97,18.29,3.44,0.0,93.6
2020-06-07 22:00:00+00:00,0.0,0.0,0.0,28.15,18.98,3.23,0.0,93.56
2020-06-07 23:00:00+00:00,0.0,0.0,0.0,27.37,19.41,2.99,0.0,93.56
2020-06-08 00:00:00+00:00,0.0,0.0,0.0,26.7,19.56,2.73,0.0,93.58
2020-06-08 01:00:00+00:00,0.0,0.0,0.0,26.19,19.37,2.45,0.0,93.61
2020-06-08 02:00:00+00:00,28.7,0.28,30.98,26.34,18.42,2.04,0.0,93.66
2020-06-08 03:00:00+00:00,166.2,45.43,140.74,28.61,15.6,1.88,0.0,93.7
2020-06-08 04:00:00+00:00,349.77,149.3,243.62,30.66,13.57,1.0,0.0,93.74
2020-06-08 05:00:00+00:00,582.3,280.14,329.25,35.23,10.1,0.73,0.0,93.76
2020-06-08 06:00:00+00:00,775.8,372.31,403.47,38.85,8.73,0.28,0.0,93.76
2020-06-08 07:00:00+00:00,911.47,427.25,445.53,40.48,8.2,0.86,0.0,93.73
2020-06-08 08:00:00+00:00,1044.93,835.22,211.78,41.6,7.77,1.31,0.0,93.67
2020-06-08 09:00:00+00:00,1033.15,784.51,207.66,42.35,7.47,1.53,0.0,93.6
2020-06-08 10:00:00+00:00,947.38,687.74,270.53,42.77,7.34,1.59,0.0,93.53
2020-06-08 11:00:00+00:00,800.7,607.82,275.77,42.82,7.38,1.59,0.0,93.47
2020-06-08 12:00:00+00:00,596.67,497.66,233.06,42.53,7.61,1.59,0.0,93.42
2020-06-08 13:00:00+00:00,361.35,325.82,190.46,41.87,8.01,1.53,0.0,93.39
2020-06-08 14:00:00+00:00,150.23,103.56,112.78,40.6,9.25,1.02,0.0,93.39
2020-06-08 15:00:00+00:00,15.75,0.51,19.14,38.87,10.21,0.51,0.0,93.42
2020-06-08 16:00:00+00:00,0.0,0.0,0.0,37.61,10.64,0.72,0.0,93.47
2020-06-08 17:00:00+00:00,0.0,0.0,0.0,36.16,11.42,1.36,0.0,93.52
2020-06-08 18:00:00+00:00,0.0,0.0,0.0,34.6,12.4,2.06,0.0,93.57
2020-06-08 19:00:00+00:00,0.0,0.0,0.0,32.83,13.75,2.63,0.0,93.58
2020-06-08 20:00:00+00:00,0.0,0.0,0.0,31.16,15.24,3.04,0.0,93.57
2020-06-08 21:00:00+00:00,0.0,0.0,0.0,29.84,16.43,3.33,0.0,93.54
2020-06-08 22:00:00+00:00,0.0,0.0,0.0,28.88,17.33,3.52,0.0,93.54
2020-06-08 23:00:00+00:00,0.0,0.0,0.0,28.17,17.94,3.67,0.0,93.54
2020-06-09 00:00:00+00:00,0.0,0.0,0.0,27.6,18.55,3.77,0.0,93.57
2020-06-09 01:00:00+00:00,0.0,0.0,0.0,27.1,19.19,3.76,0.0,93.61
2020-06-09 02:00:00+00:00,32.72,6.58,30.85,27.34,19.22,3.75,0.0,93.66
2020-06-09 03:00:00+00:00,203.38,215.49,126.88,30.14,16.7,4.58,0.0,93.71
2020-06-09 04:00:00+00:00,419.0,385.33,203.75,33.22,14.53,4.03,0.0,93.74
2020-06-09 05:00:00+00:00,643.25,515.26,247.3,37.05,12.14,3.43,0.0,93.77
2020-06-09 06:00:00+00:00,830.28,610.95,269.2,39.59,10.71,2.32,0.0,93.76
2020-06-09 07:00:00+00:00,962.55,669.55,278.28,41.34,9.78,1.3,0.0,93.72
2020-06-09 08:00:00+00:00,985.15,581.27,318.63,42.55,9.13,0.52,0.0,93.66
2020-06-09 09:00:00+00:00,976.62,561.56,296.49,43.26,8.71,0.42,0.0,93.6
2020-06-09 10:00:00+00:00,898.15,497.02,361.41,43.59,8.45,0.95,0.0,93.54
2020-06-09 11:00:00+00:00,751.85,428.26,355.58,43.56,8.38,1.49,0.0,93.49
2020-06-09 12:00:00+00:00,533.65,315.1,286.27,43.14,8.49,2.05,0.0,93.45
2020-06-09 13:00:00+00:00,312.8,185.67,215.8,42.36,8.81,2.71,0.0,93.44
2020-06-09 14:00:00+00:00,132.93,57.05,115.34,40.94,9.48,3.18,0.0,93.46
2020-06-09 15:00:00+00:00,14.3,0.0,17.72,37.22,11.55,3.38,0.0,93.5
2020-06-09 16:00:00+00:00,0.0,0.0,0.0,35.57,12.19,4.62,0.0,93.57
2020-06-09 17:00:00+00:00,0.0,0.0,0.0,34.68,12.0,5.63,0.0,93.64
2020-06-09 18:00:00+00:00,0.0,0.0,0.0,33.62,11.82,5.71,0.0,93.69
2020-06-09 19:00:00+00:00,0.0,0.0,0.0,32.45,12.16,5.28,0.0,93.71
2020-06-09 20:00:00+00:00,0.0,0.0,0.0,31.22,13.1,4.76,0.0,93.68
2020-06-09 21:00:00+00:00,0.0,0.0,0.0,30.06,14.38,4.41,0.0,93.65
2020-06-09 22:00:00+00:00,0.0,0.0,0.0,29.05,15.72,4.12,0.0,93.64
2020-06-09 23:00:00+00:00,0.0,0.0,0.0,28.22,17.05,3.85,0.0,93.65
2020-06-10 00:00:00+00:00,0.0,0.0,0.0,27.61,18.12,3.64,0.0,93.68
2020-06-10 01:00:00+00:00,0.0,0.0,0.0,27.16,18.94,3.51,0.0,93.72
2020-06-10 02:00:00+00:00,31.27,2.65,29.8,27.42,18.83,3.41,0.0,93.77
2020-06-10 03:00:00+00:00,196.2,170.14,131.76,30.14,16.16,4.71,0.0,93.81
2020-06-10 04:00:00+00:00,403.3,304.53,224.72,32.88,13.81,4.32,0.0,93.83
2020-06-10 05:00:00+00:00,625.47,440.14,279.84,37.34,10.06,4.95,0.0,93.84
2020-06-10 06:00:00+00:00,822.22,550.28,302.62,39.88,8.49,5.11,0.0,93.82
2020-06-10 07:00:00+00:00,957.92,595.3,356.83,41.39,7.72,4.72,0.0,93.79
2020-06-10 08:00:00+00:00,1046.82,777.68,251.15,42.45,7.21,4.17,0.0,93.72
2020-06-10 09:00:00+00:00,1043.0,864.43,180.09,43.13,6.92,3.66,0.0,93.66
2020-06-10 10:00:00+00:00,955.58,722.95,255.6,43.44,6.8,3.23,0.0,93.61
2020-06-10 11:00:00+00:00,806.67,672.08,244.13,43.4,6.85,2.99,0.0,93.57
2020-06-10 12:00:00+00:00,622.88,623.63,193.11,42.99,7.04,2.89,0.0,93.53
2020-06-10 13:00:00+00:00,395.52,504.99,151.82,42.22,7.37,3.01,0.0,93.5
2020-06-10 14:00:00+00:00,174.75,263.97,98.5,40.58,8.17,2.67,0.0,93.51
2020-06-10 15:00:00+00:00,17.38,4.64,18.81,36.5,10.18,2.89,0.0,93.53
2020-06-10 16:00:00+00:00,0.0,0.0,0.0,34.64,10.99,3.39,0.0,93.57
2020-06-10 17:00:00+00:00,0.0,0.0,0.0,33.61,11.33,3.68,0.0,93.62
2020-06-10 18:00:00+00:00,0.0,0.0,0.0,32.62,11.67,4.04,0.0,93.66
2020-06-10 19:00:00+00:00,0.0,0.0,0.0,31.47,12.39,4.39,0.0,93.67
2020-06-10 20:00:00+00:00,0.0,0.0,0.0,30.31,13.79,4.49,0.0,93.65
2020-06-10 21:00:00+00:00,0.0,0.0,0.0,29.36,15.88,4.3,0.0,93.62
2020-06-10 22:00:00+00:00,0.0,0.0,0.0,28.53,18.07,3.9,0.0,93.59
2020-06-10 23:00:00+00:00,0.0,0.0,0.0,27.82,19.55,3.58,0.0,93.57
2020-06-11 00:00:00+00:00,0.0,0.0,0.0,27.23,20.32,3.38,0.0,93.58
2020-06-11 01:00:00+00:00,0.0,0.0,0.0,26.73,20.81,3.31,0.0,93.61
2020-06-11 02:00:00+00:00,31.58,6.44,33.04,26.98,20.34,3.17,0.0,93.64
2020-06-11 03:00:00+00:00,200.12,199.58,135.03,30.3,16.62,4.19,0.0,93.69
2020-06-11 04:00:00+00:00,421.98,403.03,200.26,33.04,14.08,4.25,0.0,93.72
2020-06-11 05:00:00+00:00,651.9,552.05,241.81,37.7,9.7,4.3,0.0,93.74
2020-06-11 06:00:00+00:00,847.05,638.8,279.54,40.24,8.02,3.77,0.0,93.74
2020-06-11 07:00:00+00:00,985.42,717.46,262.37,41.59,7.39,2.93,0.0,93.71
2020-06-11 08:00:00+00:00,1038.4,764.71,248.16,42.51,7.0,2.16,0.0,93.66
2020-06-11 09:00:00+00:00,1031.57,731.59,235.95,43.11,6.75,1.74,0.0,93.59
2020-06-11 10:00:00+00:00,952.7,654.31,292.1,43.49,6.56,1.76,0.0,93.52
2020-06-11 11:00:00+00:00,802.65,586.52,283.15,43.56,6.45,2.03,0.0,93.47
2020-06-11 12:00:00+00:00,597.95,477.47,251.44,43.24,6.47,2.33,0.0,93.42
2020-06-11 13:00:00+00:00,364.8,328.05,187.95,42.53,6.6,2.61,0.0,93.38
2020-06-11 14:00:00+00:00,152.55,126.81,114.62,40.89,7.35,2.28,0.0,93.39
2020-06-11 15:00:00+00:00,15.93,0.42,18.94,37.02,9.08,2.54,0.0,93.41
2020-06-11 16:00:00+00:00,0.0,0.0,0.0,35.15,9.83,2.9,0.0,93.46
2020-06-11 17:00:00+00:00,0.0,0.0,0.0,33.97,10.36,2.98,0.0,93.51
2020-06-11 18:00:00+00:00,0.0,0.0,0.0,32.96,10.87,2.91,0.0,93.54
2020-06-11 19:00:00+00:00,0.0,0.0,0.0,32.14,11.35,2.73,0.0,93.54
2020-06-11 20:00:00+00:00,0.0,0.0,0.0,31.53,11.78,2.46,0.0,93.5
2020-06-11 21:00:00+00:00,0.0,0.0,0.0,31.06,12.16,2.2,0.0,93.46
2020-06-11 22:00:00+00:00,0.0,0.0,0.0,30.6,12.55,2.03,0.0,93.42
2020-06-11 23:00:00+00:00,0.0,0.0,0.0,30.08,13.0,1.95,0.0,93.42
2020-06-12 00:00:00+00:00,0.0,0.0,0.0,29.38,13.61,2.01,0.0,93.45
2020-06-12 01:00:00+00:00,0.0,0.0,0.0,28.46,14.39,2.23,0.0,93.48
2020-06-12 02:00:00+00:00,32.83,9.35,31.01,27.82,14.95,2.52,0.0,93.54
2020-06-12 03:00:00+00:00,206.5,229.43,128.1,30.74,12.71,3.08,0.0,93.59
2020-06-12 04:00:00+00:00,430.1,439.27,190.54,33.42,10.95,3.73,0.0,93.63
2020-06-12 05:00:00+00:00,656.4,578.6,227.57,37.61,8.56,2.66,0.0,93.64
2020-06-12 06:00:00+00:00,848.05,675.89,245.34,40.89,6.95,1.62,0.0,93.63
2020-06-12 07:00:00+00:00,986.17,727.44,255.98,42.52,6.25,1.69,0.0,93.59
2020-06-12 08:00:00+00:00,1051.88,850.8,207.48,43.55,5.8,1.99,0.0,93.52
2020-06-12 09:00:00+00:00,1045.15,825.8,191.86,44.13,5.56,2.37,0.0,93.45
2020-06-12 10:00:00+00:00,971.35,755.64,234.28,44.43,5.42,2.81,0.0,93.4
2020-06-12 11:00:00+00:00,827.9,713.47,219.09,44.41,5.36,3.24,0.0,93.35
2020-06-12 12:00:00+00:00,629.53,620.96,196.3,44.03,5.4,3.7,0.0,93.33
2020-06-12 13:00:00+00:00,396.88,479.31,162.06,43.23,5.58,4.15,0.0,93.32
2020-06-12 14:00:00+00:00,172.5,253.59,101.4,41.4,6.19,3.49,0.0,93.34
2020-06-12 15:00:00+00:00,17.6,4.94,19.79,36.87,8.07,3.37,0.0,93.38
2020-06-12 16:00:00+00:00,0.0,0.0,0.0,34.89,8.98,3.88,0.0,93.44
2020-06-12 17:00:00+00:00,0.0,0.0,0.0,33.71,9.65,4.15,0.0,93.5
2020-06-12 18:00:00+00:00,0.0,0.0,0.0,32.54,10.43,4.24,0.0,93.54
2020-06-12 19:00:00+00:00,0.0,0.0,0.0,31.34,11.29,4.16,0.0,93.54
2020-06-12 20:00:00+00:00,0.0,0.0,0.0,30.09,12.37,3.98,0.0,93.53
2020-06-12 21:00:00+00:00,0.0,0.0,0.0,28.84,13.9,3.65,0.0,93.51
2020-06-12 22:00:00+00:00,0.0,0.0,0.0,27.77,15.71,3.33,0.0,93.51
2020-06-12 23:00:00+00:00,0.0,0.0,0.0,26.96,17.57,3.14,0.0,93.53
2020-06-13 00:00:00+00:00,0.0,0.0,0.0,26.34,19.36,3.07,0.0,93.56
2020-06-13 01:00:00+00:00,0.0,0.0,0.0,25.84,20.72,3.1,0.0,93.6
2020-06-13 02:00:00+00:00,35.22,23.5,31.91,26.12,20.65,3.09,0.0,93.65
2020-06-13 03:00:00+00:00,221.5,330.06,112.94,29.03,17.13,4.6,0.0,93.7
2020-06-13 04:00:00+00:00,449.25,525.61,170.97,31.77,13.98,4.75,0.0,93.74
2020-06-13 05:00:00+00:00,675.05,659.11,195.62,36.56,9.44,5.71,0.0,93.75
2020-06-13 06:00:00+00:00,836.26,630.8,261.67,39.07,7.96,5.44,0.0,93.75
2020-06-13 07:00:00+00:00,971.5,698.59,265.09,40.72,7.31,4.72,0.0,93.72
2020-06-13 08:00:00+00:00,1047.53,825.56,219.2,41.97,6.86,4.14,0.0,93.67
2020-06-13 09:00:00+00:00,1040.47,794.17,206.51,42.77,6.57,3.8,0.0,93.61
2020-06-13 10:00:00+00:00,964.65,711.58,260.27,43.18,6.43,3.69,0.0,93.55
2020-06-13 11:00:00+00:00,812.17,644.87,256.06,43.22,6.43,3.8,0.0,93.51
2020-06-13 12:00:00+00:00,610.83,556.46,212.72,42.84,6.61,4.04,0.0,93.49
2020-06-13 13:00:00+00:00,381.23,400.54,174.82,42.03,7.0,4.3,0.0,93.48
2020-06-13 14:00:00+00:00,164.12,172.0,109.52,40.27,7.87,3.54,0.0,93.49
2020-06-13 15:00:00+00:00,17.05,0.87,18.05,36.08,10.17,3.28,0.0,93.54
2020-06-13 16:00:00+00:00,0.0,0.0,0.0,34.22,11.47,3.76,0.0,93.58
2020-06-13 17:00:00+00:00,0.0,0.0,0.0,33.12,12.47,4.05,0.0,93.64
2020-06-13 18:00:00+00:00,0.0,0.0,0.0,32.0,13.48,4.2,0.0,93.68
2020-06-13 19:00:00+00:00,0.0,0.0,0.0,30.84,14.36,4.13,0.0,93.69
2020-06-13 20:00:00+00:00,0.0,0.0,0.0,29.69,15.01,3.99,0.0,93.66
2020-06-13 21:00:00+00:00,0.0,0.0,0.0,28.63,15.23,3.81,0.0,93.62
2020-06-13 22:00:00+00:00,0.0,0.0,0.0,27.71,15.1,3.58,0.0,93.6
2020-06-13 23:00:00+00:00,0.0,0.0,0.0,26.89,15.0,3.33,0.0,93.61
2020-06-14 00:00:00+00:00,0.0,0.0,0.0,26.16,15.13,3.14,0.0,93.65
2020-06-14 01:00:00+00:00,0.0,0.0,0.0,25.49,15.43,2.97,0.0,93.69
2020-06-14 02:00:00+00:00,29.33,0.8,30.13,25.7,15.11,2.75,0.0,93.75
2020-06-14 03:00:00+00:00,186.23,110.45,142.8,28.66,12.64,3.76,0.0,93.81
2020-06-14 04:00:00+00:00,403.15,303.24,227.46,31.37,10.82,3.77,0.0,93.86
2020-06-14 05:00:00+00:00,636.75,457.16,278.03,36.06,8.23,4.7,0.0,93.89
2020-06-14 06:00:00+00:00,834.65,569.38,300.75,38.64,7.37,4.57,0.0,93.88
2020-06-14 07:00:00+00:00,961.08,603.34,338.62,40.42,7.02,4.18,0.0,93.87
2020-06-14 08:00:00+00:00,1033.05,658.0,325.6,41.75,6.78,3.88,0.0,93.83
2020-06-14 09:00:00+00:00,1024.7,681.68,259.3,42.61,6.64,3.8,0.0,93.78
2020-06-14 10:00:00+00:00,940.12,598.51,341.31,43.03,6.59,3.86,0.0,93.72
2020-06-14 11:00:00+00:00,795.75,541.09,303.12,43.03,6.64,4.02,0.0,93.68
2020-06-14 12:00:00+00:00,592.42,438.62,256.71,42.62,6.84,4.26,0.0,93.65
2020-06-14 13:00:00+00:00,359.98,283.01,201.13,41.71,7.19,4.58,0.0,93.64
2020-06-14 14:00:00+00:00,150.25,83.55,117.81,39.99,7.94,4.39,0.0,93.66
2020-06-14 15:00:00+00:00,16.25,0.0,18.86,35.89,10.07,3.64,0.0,93.69
2020-06-14 16:00:00+00:00,0.0,0.0,0.0,33.99,11.36,4.13,0.0,93.73
2020-06-14 17:00:00+00:00,0.0,0.0,0.0,32.82,12.4,4.27,0.0,93.77
2020-06-14 18:00:00+00:00,0.0,0.0,0.0,31.67,13.56,4.14,0.0,93.81
2020-06-14 19:00:00+00:00,0.0,0.0,0.0,30.59,14.62,3.87,0.0,93.8
2020-06-14 20:00:00+00:00,0.0,0.0,0.0,29.55,15.62,3.58,0.0,93.77
2020-06-14 21:00:00+00:00,0.0,0.0,0.0,28.53,16.64,3.31,0.0,93.74
2020-06-14 22:00:00+00:00,0.0,0.0,0.0,27.74,17.46,3.08,0.0,93.72
2020-06-14 23:00:00+00:00,0.0,0.0,0.0,27.08,18.15,2.84,0.0,93.71
2020-06-15 00:00:00+00:00,0.0,0.0,0.0,26.62,18.65,2.5,0.0,93.73
2020-06-15 01:00:00+00:00,0.0,0.0,0.0,26.37,18.93,2.09,0.0,93.76
2020-06-15 02:00:00+00:00,28.3,0.0,30.19,26.73,18.63,1.53,0.0,93.82
2020-06-15 03:00:00+00:00,165.62,36.78,144.16,29.0,16.37,0.9,0.0,93.87
2020-06-15 04:00:00+00:00,354.23,140.32,250.97,31.07,14.58,0.15,0.0,93.92
2020-06-15 05:00:00+00:00,571.78,244.37,337.18,36.06,10.75,0.79,0.0,93.94
2020-06-15 06:00:00+00:00,762.3,320.19,405.54,38.94,9.26,0.77,0.0,93.94
2020-06-15 07:00:00+00:00,897.08,363.75,482.82,40.63,8.48,0.6,0.0,93.91
2020-06-15 08:00:00+00:00,1063.05,858.41,195.75,41.97,7.88,0.64,0.0,93.85
2020-06-15 09:00:00+00:00,1057.7,917.63,148.29,42.87,7.47,0.78,0.0,93.77
2020-06-15 10:00:00+00:00,972.05,820.27,194.43,43.37,7.22,0.88,0.0,93.7
2020-06-15 11:00:00+00:00,825.6,764.04,189.44,43.49,7.11,1.07,0.0,93.64
2020-06-15 12:00:00+00:00,628.5,659.53,178.01,43.23,7.11,1.41,0.0,93.59
2020-06-15 13:00:00+00:00,401.5,521.27,153.71,42.57,7.27,1.87,0.0,93.56
2020-06-15 14:00:00+00:00,179.9,306.81,95.76,40.98,7.91,2.06,0.0,93.56
2020-06-15 15:00:00+00:00,19.1,9.0,21.5,36.95,9.7,2.99,0.0,93.58
2020-06-15 16:00:00+00:00,0.0,0.0,0.0,35.14,10.38,3.67,0.0,93.62
2020-06-15 17:00:00+00:00,0.0,0.0,0.0,34.1,10.69,4.01,0.0,93.65
2020-06-15 18:00:00+00:00,0.0,0.0,0.0,33.12,11.06,4.1,0.0,93.67
2020-06-15 19:00:00+00:00,0.0,0.0,0.0,32.13,11.59,3.96,0.0,93.64
2020-06-15 20:00:00+00:00,0.0,0.0,0.0,31.11,12.31,3.69,0.0,93.58
2020-06-15 21:00:00+00:00,0.0,0.0,0.0,30.16,13.16,3.43,0.0,93.53
2020-06-15 22:00:00+00:00,0.0,0.0,0.0,29.4,13.93,3.21,0.0,93.49
2020-06-15 23:00:00+00:00,0.0,0.0,0.0,28.87,14.43,3.07,0.0,93.47
2020-06-16 00:00:00+00:00,0.0,0.0,0.0,28.47,14.77,3.08,0.0,93.48
2020-06-16 01:00:00+00:00,0.0,0.0,0.0,28.03,15.08,3.16,0.0,93.49
2020-06-16 02:00:00+00:00,36.7,36.24,30.75,28.26,14.77,3.21,0.0,93.53
2020-06-16 03:00:00+00:00,227.98,375.2,107.46,31.61,12.06,4.42,0.0,93.58
2020-06-16 04:00:00+00:00,458.95,579.95,157.08,34.25,10.29,5.32,0.0,93.62
2020-06-16 05:00:00+00:00,681.42,698.88,179.95,38.66,8.0,5.73,0.0,93.63
2020-06-16 06:00:00+00:00,865.47,764.03,198.7,41.66,6.82,6.2,0.0,93.62
2020-06-16 07:00:00+00:00,995.42,807.61,206.93,43.32,6.26,6.39,0.0,93.59
2020-06-16 08:00:00+00:00,1026.72,696.22,280.06,44.46,5.92,6.43,0.0,93.52
2020-06-16 09:00:00+00:00,1020.95,673.27,261.54,45.09,5.77,6.04,0.0,93.44
2020-06-16 10:00:00+00:00,945.55,601.24,323.54,45.42,5.73,5.29,0.0,93.37
2020-06-16 11:00:00+00:00,800.15,549.78,300.64,45.41,5.73,4.59,0.0,93.32
2020-06-16 12:00:00+00:00,602.6,470.92,257.35,45.03,5.79,4.0,0.0,93.28
2020-06-16 13:00:00+00:00,372.67,317.12,198.82,44.19,6.02,3.46,0.0,93.26
2020-06-16 14:00:00+00:00,160.0,112.68,120.93,41.91,7.03,2.02,0.0,93.27
2020-06-16 15:00:00+00:00,18.4,0.45,20.38,39.61,7.92,1.73,0.0,93.29
2020-06-16 16:00:00+00:00,0.0,0.0,0.0,38.95,8.08,1.26,0.0,93.33
2020-06-16 17:00:00+00:00,0.0,0.0,0.0,38.29,8.34,0.77,0.0,93.36
2020-06-16 18:00:00+00:00,0.0,0.0,0.0,36.92,8.96,0.9,0.0,93.39
2020-06-16 19:00:00+00:00,0.0,0.0,0.0,34.97,10.0,1.85,0.0,93.38
2020-06-16 20:00:00+00:00,0.0,0.0,0.0,32.47,11.58,2.88,0.0,93.37
2020-06-16 21:00:00+00:00,0.0,0.0,0.0,30.41,13.26,3.44,0.0,93.36
2020-06-16 22:00:00+00:00,0.0,0.0,0.0,29.19,14.63,3.43,0.0,93.35
2020-06-16 23:00:00+00:00,0.0,0.0,0.0,28.36,15.77,3.29,0.0,93.34
2020-06-17 00:00:00+00:00,0.0,0.0,0.0,27.87,16.51,3.14,0.0,93.34
2020-06-17 01:00:00+00:00,0.0,0.0,0.0,27.58,16.79,3.03,0.0,93.35
2020-06-17 02:00:00+00:00,31.45,2.32,28.65,28.0,16.19,2.81,0.0,93.38
2020-06-17 03:00:00+00:00,198.5,162.61,134.06,31.39,13.13,2.47,0.0,93.41
2020-06-17 04:00:00+00:00,412.58,325.12,222.51,33.88,11.25,1.72,0.0,93.44
2020-06-17 05:00:00+00:00,639.6,451.81,284.8,38.38,8.79,2.41,0.0,93.46
2020-06-17 06:00:00+00:00,834.1,557.23,310.48,41.53,7.39,3.99,0.0,93.47
2020-06-17 07:00:00+00:00,969.5,599.22,359.25,43.0,6.84,5.23,0.0,93.46
2020-06-17 08:00:00+00:00,1064.68,731.27,277.38,43.88,6.55,5.9,0.0,93.42
2020-06-17 09:00:00+00:00,1060.72,871.4,175.81,44.34,6.44,6.14,0.0,93.36
2020-06-17 10:00:00+00:00,983.05,789.95,217.96,44.46,6.43,6.24,0.0,93.33
2020-06-17 11:00:00+00:00,842.72,743.57,210.21,44.22,6.54,6.42,0.0,93.3
2020-06-17 12:00:00+00:00,644.47,656.18,188.39,43.6,6.82,6.61,0.0,93.27
2020-06-17 13:00:00+00:00,409.8,512.45,157.21,42.63,7.24,6.66,0.0,93.26
2020-06-17 14:00:00+00:00,180.7,265.39,104.46,40.94,8.07,5.48,0.0,93.27
2020-06-17 15:00:00+00:00,19.38,3.39,21.08,37.46,9.97,4.2,0.0,93.32
2020-06-17 16:00:00+00:00,0.0,0.0,0.0,35.84,11.05,4.7,0.0,93.38
2020-06-17 17:00:00+00:00,0.0,0.0,0.0,34.88,11.68,5.32,0.0,93.44
2020-06-17 18:00:00+00:00,0.0,0.0,0.0,33.73,12.35,5.62,0.0,93.49
2020-06-17 19:00:00+00:00,0.0,0.0,0.0,32.51,12.95,5.31,0.0,93.51
2020-06-17 20:00:00+00:00,0.0,0.0,0.0,31.34,13.47,4.92,0.0,93.5
2020-06-17 21:00:00+00:00,0.0,0.0,0.0,30.29,13.99,4.65,0.0,93.46
2020-06-17 22:00:00+00:00,0.0,0.0,0.0,29.35,14.43,4.52,0.0,93.43
2020-06-17 23:00:00+00:00,0.0,0.0,0.0,28.45,14.82,4.43,0.0,93.42
2020-06-18 00:00:00+00:00,0.0,0.0,0.0,27.61,15.16,4.4,0.0,93.42
2020-06-18 01:00:00+00:00,0.0,0.0,0.0,27.0,15.29,4.52,0.0,93.45
2020-06-18 02:00:00+00:00,28.92,0.29,26.49,27.28,14.84,5.05,0.0,93.49
2020-06-18 03:00:00+00:00,184.5,95.93,139.11,29.73,12.95,6.69,0.0,93.54
2020-06-18 04:00:00+00:00,397.33,260.2,240.52,33.0,11.06,6.96,0.0,93.57
2020-06-18 05:00:00+00:00,632.42,430.16,286.36,36.21,9.26,8.2,0.0,93.59
2020-06-18 06:00:00+00:00,832.45,555.43,308.83,38.25,8.17,8.3,0.0,93.58
2020-06-18 07:00:00+00:00,976.55,647.98,305.57,39.91,7.52,8.27,0.0,93.56
2020-06-18 08:00:00+00:00,1033.4,714.75,273.87,41.19,7.11,8.18,0.0,93.5
2020-06-18 09:00:00+00:00,1031.55,709.84,247.68,42.09,6.85,8.1,0.0,93.44
2020-06-18 10:00:00+00:00,958.42,661.0,290.62,42.62,6.69,8.1,0.0,93.38
2020-06-18 11:00:00+00:00,816.17,631.84,260.3,42.7,6.63,8.13,0.0,93.33
2020-06-18 12:00:00+00:00,624.0,577.92,213.65,42.34,6.64,8.08,0.0,93.29
2020-06-18 13:00:00+00:00,401.12,463.12,168.27,41.53,6.76,7.87,0.0,93.28
2020-06-18 14:00:00+00:00,184.9,310.4,96.16,40.0,7.16,6.44,0.0,93.3
2020-06-18 15:00:00+00:00,20.25,5.63,21.01,35.94,8.77,4.0,0.0,93.34
2020-06-18 16:00:00+00:00,0.0,0.0,0.0,33.86,9.61,3.97,0.0,93.4
2020-06-18 17:00:00+00:00,0.0,0.0,0.0,32.53,10.06,3.94,0.0,93.46
2020-06-18 18:00:00+00:00,0.0,0.0,0.0,31.06,10.51,3.91,0.0,93.5
2020-06-18 19:00:00+00:00,0.0,0.0,0.0,29.76,10.82,3.94,0.0,93.51
2020-06-18 20:00:00+00:00,0.0,0.0,0.0,28.7,10.97,4.04,0.0,93.49
2020-06-18 21:00:00+00:00,0.0,0.0,0.0,27.81,11.03,4.13,0.0,93.45
2020-06-18 22:00:00+00:00,0.0,0.0,0.0,27.03,11.2,4.11,0.0,93.43
2020-06-18 23:00:00+00:00,0.0,0.0,0.0,26.32,11.68,4.06,0.0,93.43
2020-06-19 00:00:00+00:00,0.0,0.0,0.0,25.68,12.36,4.03,0.0,93.46
2020-06-19 01:00:00+00:00,0.0,0.0,0.0,25.05,13.36,3.99,0.0,93.5
2020-06-19 02:00:00+00:00,34.45,33.34,29.57,25.31,13.76,3.88,0.0,93.55
2020-06-19 03:00:00+00:00,219.77,354.82,105.94,28.66,11.81,5.14,0.0,93.59
2020-06-19 04:00:00+00:00,449.52,566.83,153.75,31.53,10.31,4.26,0.0,93.63
2020-06-19 05:00:00+00:00,673.6,696.04,175.98,35.99,7.69,6.07,0.0,93.65
2020-06-19 06:00:00+00:00,859.72,768.92,191.64,38.27,6.57,7.35,0.0,93.64
2020-06-19 07:00:00+00:00,994.05,822.45,195.83,39.68,6.13,7.51,0.0,93.61
2020-06-19 08:00:00+00:00,1067.8,1017.41,122.23,40.85,5.77,7.82,0.0,93.55
2020-06-19 09:00:00+00:00,1061.18,973.69,118.93,41.76,5.51,8.13,0.0,93.47
2020-06-19 10:00:00+00:00,986.1,881.62,154.19,42.31,5.35,8.29,0.0,93.4
2020-06-19 11:00:00+00:00,847.38,830.44,157.28,42.42,5.3,8.29,0.0,93.34
2020-06-19 12:00:00+00:00,654.12,741.97,151.45,42.08,5.38,8.15,0.0,93.3
2020-06-19 13:00:00+00:00,424.9,593.93,136.67,41.26,5.58,7.83,0.0,93.29
2020-06-19 14:00:00+00:00,192.88,358.09,92.63,39.65,6.05,6.11,0.0,93.31
2020-06-19 15:00:00+00:00,21.45,13.52,21.75,34.89,8.03,3.88,0.0,93.35
2020-06-19 16:00:00+00:00,0.0,0.0,0.0,32.6,9.38,3.98,0.0,93.4
2020-06-19 17:00:00+00:00,0.0,0.0,0.0,31.36,10.49,4.03,0.0,93.45
2020-06-19 18:00:00+00:00,0.0,0.0,0.0,30.19,11.7,4.03,0.0,93.49
2020-06-19 19:00:00+00:00,0.0,0.0,0.0,29.13,12.81,4.02,0.0,93.49
2020-06-19 20:00:00+00:00,0.0,0.0,0.0,28.19,13.76,4.0,0.0,93.46
2020-06-19 21:00:00+00:00,0.0,0.0,0.0,27.37,14.67,4.02,0.0,93.43
2020-06-19 22:00:00+00:00,0.0,0.0,0.0,26.66,15.64,4.05,0.0,93.4
2020-06-19 23:00:00+00:00,0.0,0.0,0.0,26.09,16.61,4.07,0.0,93.39
2020-06-20 00:00:00+00:00,0.0,0.0,0.0,25.62,17.67,4.07,0.0,93.4
2020-06-20 01:00:00+00:00,0.0,0.0,0.0,25.17,18.86,4.05,0.0,93.43
2020-06-20 02:00:00+00:00,31.08,12.32,30.2,25.6,19.16,3.96,0.0,93.46
2020-06-20 03:00:00+00:00,200.7,239.72,123.41,29.03,16.31,5.32,0.0,93.5
2020-06-20 04:00:00+00:00,420.02,442.38,179.2,31.84,14.31,4.7,0.0,93.54
2020-06-20 05:00:00+00:00,645.7,564.09,228.58,36.37,10.93,4.9,0.0,93.57
2020-06-20 06:00:00+00:00,832.56,639.42,257.78,38.96,8.9,4.29,0.0,93.59
2020-06-20 07:00:00+00:00,970.45,693.78,265.24,40.43,7.99,3.27,0.0,93.59
2020-06-20 08:00:00+00:00,1041.18,809.63,224.4,41.53,7.42,2.57,0.0,93.56
2020-06-20 09:00:00+00:00,1037.72,780.4,212.04,42.26,7.06,2.17,0.0,93.5
2020-06-20 10:00:00+00:00,962.95,714.35,261.71,42.65,6.86,1.92,0.0,93.45
2020-06-20 11:00:00+00:00,818.7,644.19,263.41,42.7,6.77,1.85,0.0,93.4
2020-06-20 12:00:00+00:00,625.55,581.95,215.74,42.4,6.82,1.88,0.0,93.36
2020-06-20 13:00:00+00:00,397.2,419.51,181.32,41.7,7.0,1.88,0.0,93.35
2020-06-20 14:00:00+00:00,175.52,210.86,110.98,40.23,7.67,1.59,0.0,93.36
2020-06-20 15:00:00+00:00,20.42,3.07,22.26,36.51,9.55,2.27,0.0,93.38
2020-06-20 16:00:00+00:00,0.0,0.0,0.0,33.99,11.15,3.22,0.0,93.4
2020-06-20 17:00:00+00:00,0.0,0.0,0.0,32.69,12.33,3.86,0.0,93.44
2020-06-20 18:00:00+00:00,0.0,0.0,0.0,31.58,13.26,4.21,0.0,93.47
2020-06-20 19:00:00+00:00,0.0,0.0,0.0,30.39,14.25,4.14,0.0,93.46
2020-06-20 20:00:00+00:00,0.0,0.0,0.0,29.43,15.24,3.82,0.0,93.43
2020-06-20 21:00:00+00:00,0.0,0.0,0.0,28.66,16.38,3.49,0.0,93.4
2020-06-20 22:00:00+00:00,0.0,0.0,0.0,27.92,17.81,3.25,0.0,93.38
2020-06-20 23:00:00+00:00,0.0,0.0,0.0,27.28,19.36,3.07,0.0,93.38
2020-06-21 00:00:00+00:00,0.0,0.0,0.0,26.67,21.05,2.88,0.0,93.42
2020-06-21 01:00:00+00:00,0.0,0.0,0.0,26.11,22.65,2.69,0.0,93.47
2020-06-21 02:00:00+00:00,31.5,7.31,29.68,26.3,23.2,2.34,0.0,93.53
2020-06-21 03:00:00+00:00,202.02,212.38,129.45,28.57,20.94,2.75,0.0,93.6
2020-06-21 04:00:00+00:00,419.5,392.38,201.85,31.11,19.07,2.38,0.0,93.66
2020-06-21 05:00:00+00:00,641.78,521.93,250.11,35.31,15.21,3.88,0.0,93.71
2020-06-21 06:00:00+00:00,829.92,595.56,281.2,37.75,12.53,4.2,0.0,93.72
2020-06-21 07:00:00+00:00,965.45,643.42,296.64,39.27,11.14,3.91,0.0,93.7
2020-06-21 08:00:00+00:00,1034.0,761.51,247.41,40.37,10.24,3.36,0.0,93.65
2020-06-21 09:00:00+00:00,1028.03,731.27,233.36,41.02,9.74,2.73,0.0,93.59
2020-06-21 10:00:00+00:00,954.9,655.73,291.1,41.35,9.47,2.17,0.0,93.53
2020-06-21 11:00:00+00:00,802.8,586.69,280.7,41.39,9.37,1.82,0.0,93.46
2020-06-21 12:00:00+00:00,598.22,480.35,247.51,41.13,9.43,1.87,0.0,93.41
2020-06-21 13:00:00+00:00,367.4,328.26,194.0,40.46,9.69,2.42,0.0,93.38
2020-06-21 14:00:00+00:00,157.85,125.95,119.86,39.13,10.34,3.3,0.0,93.39
2020-06-21 15:00:00+00:00,18.17,0.78,20.39,35.52,12.44,3.34,0.0,93.44
2020-06-21 16:00:00+00:00,0.0,0.0,0.0,33.8,13.44,4.5,0.0,93.51
2020-06-21 17:00:00+00:00,0.0,0.0,0.0,32.66,14.22,5.2,0.0,93.6
2020-06-21 18:00:00+00:00,0.0,0.0,0.0,31.48,15.3,5.29,0.0,93.66
2020-06-21 19:00:00+00:00,0.0,0.0,0.0,30.34,16.65,5.0,0.0,93.68
2020-06-21 20:00:00+00:00,0.0,0.0,0.0,29.34,17.96,4.64,0.0,93.66
2020-06-21 21:00:00+00:00,0.0,0.0,0.0,28.61,18.88,4.41,0.0,93.64
2020-06-21 22:00:00+00:00,0.0,0.0,0.0,27.96,19.64,4.26,0.0,93.63
2020-06-21 23:00:00+00:00,0.0,0.0,0.0,27.25,20.48,4.23,0.0,93.64
2020-06-22 00:00:00+00:00,0.0,0.0,0.0,26.42,21.47,4.22,0.0,93.67
2020-06-22 01:00:00+00:00,0.0,0.0,0.0,25.61,22.39,4.25,0.0,93.72
2020-06-22 02:00:00+00:00,29.25,2.9,27.82,25.54,22.27,4.72,0.0,93.78
2020-06-22 03:00:00+00:00,190.57,175.87,127.2,27.21,20.07,5.46,0.0,93.85
2020-06-22 04:00:00+00:00,402.2,353.52,200.41,30.62,16.72,6.07,0.0,93.88
2020-06-22 05:00:00+00:00,624.95,487.23,262.74,34.1,14.3,7.74,0.0,93.88
2020-06-22 06:00:00+00:00,815.7,575.79,295.1,35.95,13.14,7.5,0.0,93.86
2020-06-22 07:00:00+00:00,952.25,642.79,287.01,37.35,11.91,7.47,0.0,93.83
2020-06-22 08:00:00+00:00,1039.45,807.1,224.81,38.39,10.76,7.79,0.0,93.77
2020-06-22 09:00:00+00:00,1035.03,770.91,215.57,39.01,9.87,8.1,0.0,93.7
2020-06-22 10:00:00+00:00,957.6,692.2,266.9,39.3,9.25,8.26,0.0,93.63
2020-06-22 11:00:00+00:00,817.65,645.29,251.8,39.18,9.09,8.32,0.0,93.58
2020-06-22 12:00:00+00:00,625.1,570.69,216.05,38.7,9.36,8.4,0.0,93.54
2020-06-22 13:00:00+00:00,401.23,440.46,178.95,37.78,9.95,8.46,0.0,93.53
2020-06-22 14:00:00+00:00,182.95,266.07,103.34,36.36,10.68,8.06,0.0,93.56
2020-06-22 15:00:00+00:00,21.27,7.71,21.93,33.46,12.32,5.6,0.0,93.61
2020-06-22 16:00:00+00:00,0.0,0.0,0.0,31.22,13.76,4.87,0.0,93.69
2020-06-22 17:00:00+00:00,0.0,0.0,0.0,29.99,14.7,4.71,0.0,93.76
2020-06-22 18:00:00+00:00,0.0,0.0,0.0,28.96,15.91,4.52,0.0,93.81
2020-06-22 19:00:00+00:00,0.0,0.0,0.0,28.14,17.66,4.4,0.0,93.79
2020-06-22 20:00:00+00:00,0.0,0.0,0.0,27.42,19.85,4.35,0.0,93.74
2020-06-22 21:00:00+00:00,0.0,0.0,0.0,26.79,21.9,4.44,0.0,93.7
2020-06-22 22:00:00+00:00,0.0,0.0,0.0,26.32,23.47,4.85,0.0,93.67
2020-06-22 23:00:00+00:00,0.0,0.0,0.0,25.84,24.87,5.01,0.0,93.68
2020-06-23 00:00:00+00:00,0.0,0.0,0.0,25.28,26.08,4.74,0.0,93.7
2020-06-23 01:00:00+00:00,0.0,0.0,0.0,24.68,27.24,4.36,0.0,93.73
2020-06-23 02:00:00+00:00,35.9,62.45,28.86,24.89,26.96,4.36,0.0,93.78
2020-06-23 03:00:00+00:00,230.82,442.53,96.19,27.26,23.44,5.52,0.0,93.83
2020-06-23 04:00:00+00:00,462.95,637.32,138.05,30.52,19.48,5.21,0.0,93.84
2020-06-23 05:00:00+00:00,684.53,749.61,157.35,34.6,15.48,7.25,0.0,93.84
2020-06-23 06:00:00+00:00,867.47,803.08,176.79,36.54,13.86,8.12,0.0,93.82
2020-06-23 07:00:00+00:00,998.58,836.71,187.83,38.07,12.55,8.83,0.0,93.77
2020-06-23 08:00:00+00:00,1019.2,674.64,287.73,39.23,11.29,9.42,0.0,93.7
2020-06-23 09:00:00+00:00,1010.95,629.85,279.2,39.96,10.41,9.68,0.0,93.63
2020-06-23 10:00:00+00:00,932.33,535.91,358.88,40.28,9.81,9.69,0.0,93.58
2020-06-23 11:00:00+00:00,761.45,441.46,332.61,40.23,9.35,9.61,0.0,93.53
2020-06-23 12:00:00+00:00,550.3,325.66,290.5,39.77,9.02,9.49,0.0,93.51
2020-06-23 13:00:00+00:00,327.85,182.46,221.07,38.91,8.93,9.15,0.0,93.5
2020-06-23 14:00:00+00:00,143.2,57.29,127.62,37.53,9.28,7.78,0.0,93.53
2020-06-23 15:00:00+00:00,17.65,0.0,21.63,34.23,10.94,4.96,0.0,93.57
2020-06-23 16:00:00+00:00,0.0,0.0,0.0,32.12,12.16,4.58,0.0,93.63
2020-06-23 17:00:00+00:00,0.0,0.0,0.0,30.95,12.84,4.5,0.0,93.69
2020-06-23 18:00:00+00:00,0.0,0.0,0.0,29.83,13.51,4.37,0.0,93.72
2020-06-23 19:00:00+00:00,0.0,0.0,0.0,28.78,14.24,4.32,0.0,93.71
2020-06-23 20:00:00+00:00,0.0,0.0,0.0,27.85,14.94,4.49,0.0,93.67
2020-06-23 21:00:00+00:00,0.0,0.0,0.0,26.96,15.53,4.79,0.0,93.64
2020-06-23 22:00:00+00:00,0.0,0.0,0.0,26.06,15.79,4.92,0.0,93.62
2020-06-23 23:00:00+00:00,0.0,0.0,0.0,25.24,15.74,4.96,0.0,93.63
2020-06-24 00:00:00+00:00,0.0,0.0,0.0,24.55,15.78,4.98,0.0,93.66
2020-06-24 01:00:00+00:00,0.0,0.0,0.0,24.08,16.24,4.97,0.0,93.7
2020-06-24 02:00:00+00:00,29.75,4.28,28.18,24.52,16.65,5.39,0.0,93.74
2020-06-24 03:00:00+00:00,200.02,207.33,128.08,26.95,15.52,6.66,0.0,93.78
2020-06-24 04:00:00+00:00,421.38,398.14,199.06,30.03,13.86,6.11,0.0,93.81
2020-06-24 05:00:00+00:00,649.55,530.58,259.77,34.54,11.87,6.58,0.0,93.82
2020-06-24 06:00:00+00:00,842.3,613.08,292.45,36.41,10.93,6.22,0.0,93.81
2020-06-24 07:00:00+00:00,978.47,673.1,286.43,37.64,10.08,5.75,0.0,93.77
2020-06-24 08:00:00+00:00,1088.55,1093.33,92.52,38.72,9.24,5.36,0.0,93.7
2020-06-24 09:00:00+00:00,1083.97,1040.07,95.82,39.46,8.58,5.27,0.0,93.63
2020-06-24 10:00:00+00:00,1004.67,927.12,139.19,39.78,8.1,5.25,0.0,93.56
2020-06-24 11:00:00+00:00,863.03,867.49,151.39,39.82,7.75,5.2,0.0,93.51
2020-06-24 12:00:00+00:00,667.42,762.2,150.36,39.67,7.48,5.19,0.0,93.48
2020-06-24 13:00:00+00:00,437.85,642.06,127.13,39.02,7.43,5.13,0.0,93.48
2020-06-24 14:00:00+00:00,209.8,429.48,91.92,37.4,7.83,4.07,0.0,93.51
2020-06-24 15:00:00+00:00,23.75,29.36,22.77,33.19,9.56,3.32,0.0,93.57
2020-06-24 16:00:00+00:00,0.0,0.0,0.0,31.36,10.25,3.61,0.0,93.63
2020-06-24 17:00:00+00:00,0.0,0.0,0.0,30.41,10.55,3.71,0.0,93.69
2020-06-24 18:00:00+00:00,0.0,0.0,0.0,29.57,10.93,3.76,0.0,93.71
2020-06-24 19:00:00+00:00,0.0,0.0,0.0,28.79,11.28,3.76,0.0,93.69
2020-06-24 20:00:00+00:00,0.0,0.0,0.0,28.07,11.63,3.79,0.0,93.64
2020-06-24 21:00:00+00:00,0.0,0.0,0.0,27.57,11.85,4.06,0.0,93.58
2020-06-24 22:00:00+00:00,0.0,0.0,0.0,27.25,12.15,4.67,0.0,93.53
2020-06-24 23:00:00+00:00,0.0,0.0,0.0,26.89,13.0,5.44,0.0,93.52
2020-06-25 00:00:00+00:00,0.0,0.0,0.0,26.22,14.75,5.79,0.0,93.53
2020-06-25 01:00:00+00:00,0.0,0.0,0.0,25.56,16.62,5.75,0.0,93.56
2020-06-25 02:00:00+00:00,31.15,17.29,28.62,25.65,17.09,6.1,0.0,93.61
2020-06-25 03:00:00+00:00,205.7,266.87,119.58,27.48,15.19,6.73,0.0,93.66
2020-06-25 04:00:00+00:00,423.12,440.39,189.23,30.57,12.3,6.13,0.0,93.68
2020-06-25 05:00:00+00:00,643.95,554.23,233.7,35.55,9.07,7.79,0.0,93.69
2020-06-25 06:00:00+00:00,830.03,630.75,273.74,38.29,7.7,7.82,0.0,93.69
2020-06-25 07:00:00+00:00,963.55,677.33,285.45,39.99,6.94,7.6,0.0,93.66
2020-06-25 08:00:00+00:00,993.45,599.44,314.06,41.23,6.52,7.37,0.0,93.6
2020-06-25 09:00:00+00:00,984.35,581.35,289.62,41.88,6.35,7.08,0.0,93.53
2020-06-25 10:00:00+00:00,910.38,519.35,353.05,41.97,6.42,6.76,0.0,93.47
2020-06-25 11:00:00+00:00,763.95,465.4,327.63,42.21,6.57,6.52,0.0,93.42
2020-06-25 12:00:00+00:00,568.33,374.35,275.33,41.96,6.99,6.3,0.0,93.39
2020-06-25 13:00:00+00:00,346.5,234.26,214.55,41.15,7.54,6.1,0.0,93.38
2020-06-25 14:00:00+00:00,149.23,67.41,127.42,39.45,8.32,4.91,0.0,93.41
2020-06-25 15:00:00+00:00,18.27,0.0,20.87,35.54,10.08,3.68,0.0,93.45
2020-06-25 16:00:00+00:00,0.0,0.0,0.0,33.77,10.76,4.0,0.0,93.5
2020-06-25 17:00:00+00:00,0.0,0.0,0.0,32.75,11.06,4.21,0.0,93.56
2020-06-25 18:00:00+00:00,0.0,0.0,0.0,31.96,11.38,4.32,0.0,93.58
2020-06-25 19:00:00+00:00,0.0,0.0,0.0,31.21,11.74,4.32,0.0,93.58
2020-06-25 20:00:00+00:00,0.0,0.0,0.0,30.39,12.16,4.26,0.0,93.54
2020-06-25 21:00:00+00:00,0.0,0.0,0.0,29.43,12.67,4.21,0.0,93.5
2020-06-25 22:00:00+00:00,0.0,0.0,0.0,28.63,12.92,4.23,0.0,93.48
2020-06-25 23:00:00+00:00,0.0,0.0,0.0,28.0,13.01,4.24,0.0,93.5
2020-06-26 00:00:00+00:00,0.0,0.0,0.0,27.4,13.15,4.16,0.0,93.54
2020-06-26 01:00:00+00:00,0.0,0.0,0.0,26.81,13.36,4.08,0.0,93.58
2020-06-26 02:00:00+00:00,23.95,0.0,22.3,26.95,13.13,4.17,0.0,93.63
2020-06-26 03:00:00+00:00,159.52,54.11,128.86,29.4,11.36,5.52,0.0,93.68
2020-06-26 04:00:00+00:00,344.48,155.59,239.56,32.22,9.71,5.29,0.0,93.71
2020-06-26 05:00:00+00:00,558.4,257.11,320.6,36.19,7.83,7.27,0.0,93.73
2020-06-26 06:00:00+00:00,749.55,339.64,402.14,38.52,6.99,6.64,0.0,93.71
2020-06-26 07:00:00+00:00,889.05,390.31,441.48,40.27,6.52,5.9,0.0,93.68
2020-06-26 08:00:00+00:00,1041.68,847.63,203.1,41.63,6.29,5.37,0.0,93.61
2020-06-26 09:00:00+00:00,1036.47,827.01,184.98,42.6,6.22,5.2,0.0,93.54
2020-06-26 10:00:00+00:00,959.97,746.68,228.99,43.21,6.26,5.3,0.0,93.48
2020-06-26 11:00:00+00:00,821.17,694.22,222.06,43.34,6.43,5.56,0.0,93.43
2020-06-26 12:00:00+00:00,629.2,610.38,197.4,43.01,6.73,5.91,0.0,93.4
2020-06-26 13:00:00+00:00,402.98,457.91,172.22,42.14,7.17,6.26,0.0,93.39
2020-06-26 14:00:00+00:00,181.95,252.61,106.42,40.48,7.89,5.55,0.0,93.41
2020-06-26 15:00:00+00:00,20.67,4.92,20.6,36.55,9.71,4.04,0.0,93.45
2020-06-26 16:00:00+00:00,0.0,0.0,0.0,34.53,10.61,4.25,0.0,93.5
2020-06-26 17:00:00+00:00,0.0,0.0,0.0,33.29,11.02,4.29,0.0,93.55
2020-06-26 18:00:00+00:00,0.0,0.0,0.0,32.09,11.27,4.2,0.0,93.58
2020-06-26 19:00:00+00:00,0.0,0.0,0.0,31.0,11.32,4.08,0.0,93.56
2020-06-26 20:00:00+00:00,0.0,0.0,0.0,30.04,11.21,4.05,0.0,93.52
2020-06-26 21:00:00+00:00,0.0,0.0,0.0,29.29,11.11,4.11,0.0,93.47
2020-06-26 22:00:00+00:00,0.0,0.0,0.0,28.74,11.16,4.19,0.0,93.44
2020-06-26 23:00:00+00:00,0.0,0.0,0.0,28.24,11.3,4.23,0.0,93.44
2020-06-27 00:00:00+00:00,0.0,0.0,0.0,27.76,11.42,4.22,0.0,93.47
2020-06-27 01:00:00+00:00,0.0,0.0,0.0,27.32,11.43,4.21,0.0,93.51
2020-06-27 02:00:00+00:00,28.27,12.45,28.36,27.71,10.78,4.29,0.0,93.56
2020-06-27 03:00:00+00:00,200.55,282.83,113.67,30.78,8.69,5.77,0.0,93.6
2020-06-27 04:00:00+00:00,427.88,514.4,159.3,33.57,7.29,5.31,0.0,93.62
2020-06-27 05:00:00+00:00,655.72,660.33,186.56,38.05,5.67,5.32,0.0,93.64
2020-06-27 06:00:00+00:00,845.35,749.22,195.21,41.26,5.1,5.56,0.0,93.62
2020-06-27 07:00:00+00:00,974.65,782.56,221.52,43.02,5.1,5.4,0.0,93.58
2020-06-27 08:00:00+00:00,1013.5,701.06,280.16,44.35,5.13,5.29,0.0,93.52
2020-06-27 09:00:00+00:00,1009.55,728.95,222.88,45.21,5.15,5.44,0.0,93.46
2020-06-27 10:00:00+00:00,938.0,656.66,276.08,45.56,5.21,5.89,0.0,93.41
2020-06-27 11:00:00+00:00,792.78,581.59,271.7,45.47,5.29,6.5,0.0,93.37
2020-06-27 12:00:00+00:00,587.9,434.37,266.89,44.89,5.46,7.21,0.0,93.34
2020-06-27 13:00:00+00:00,352.92,268.43,207.24,43.8,5.68,7.88,0.0,93.35
2020-06-27 14:00:00+00:00,146.23,81.9,118.11,41.88,6.04,7.52,0.0,93.39
2020-06-27 15:00:00+00:00,17.2,0.0,19.64,37.81,7.26,5.2,0.0,93.45
2020-06-27 16:00:00+00:00,0.0,0.0,0.0,35.31,8.12,4.73,0.0,93.51
2020-06-27 17:00:00+00:00,0.0,0.0,0.0,33.79,8.67,4.43,0.0,93.56
2020-06-27 18:00:00+00:00,0.0,0.0,0.0,32.46,9.23,4.18,0.0,93.6
2020-06-27 19:00:00+00:00,0.0,0.0,0.0,31.23,9.82,3.96,0.0,93.59
2020-06-27 20:00:00+00:00,0.0,0.0,0.0,30.11,10.4,3.72,0.0,93.55
2020-06-27 21:00:00+00:00,0.0,0.0,0.0,29.12,10.97,3.49,0.0,93.5
2020-06-27 22:00:00+00:00,0.0,0.0,0.0,28.33,11.4,3.29,0.0,93.46
2020-06-27 23:00:00+00:00,0.0,0.0,0.0,27.68,11.83,3.14,0.0,93.45
2020-06-28 00:00:00+00:00,0.0,0.0,0.0,27.16,12.2,3.02,0.0,93.47
2020-06-28 01:00:00+00:00,0.0,0.0,0.0,26.76,12.54,2.94,0.0,93.49
2020-06-28 02:00:00+00:00,24.17,0.89,25.22,27.05,12.37,2.79,0.0,93.53
2020-06-28 03:00:00+00:00,174.35,123.53,129.84,30.5,10.17,3.0,0.0,93.58
2020-06-28 04:00:00+00:00,391.23,334.24,211.13,33.25,8.74,2.93,0.0,93.63
2020-06-28 05:00:00+00:00,623.72,500.67,241.93,37.69,6.96,4.11,0.0,93.65
2020-06-28 06:00:00+00:00,828.15,626.55,260.7,40.44,6.04,4.67,0.0,93.64
2020-06-28 07:00:00+00:00,978.83,700.27,281.28,41.82,5.76,4.54,0.0,93.6
2020-06-28 08:00:00+00:00,1053.07,812.7,230.74,42.89,5.69,4.65,0.0,93.55
2020-06-28 09:00:00+00:00,1050.88,842.11,185.45,43.7,5.6,4.91,0.0,93.49
2020-06-28 10:00:00+00:00,979.38,783.08,215.54,44.22,5.47,5.24,0.0,93.43
2020-06-28 11:00:00+00:00,838.35,732.35,210.95,44.34,5.38,5.62,0.0,93.39
2020-06-28 12:00:00+00:00,645.53,663.44,182.28,44.02,5.44,5.97,0.0,93.35
2020-06-28 13:00:00+00:00,414.33,516.76,154.36,43.23,5.65,6.12,0.0,93.34
2020-06-28 14:00:00+00:00,185.4,273.87,107.02,41.43,6.22,4.63,0.0,93.35
2020-06-28 15:00:00+00:00,21.1,7.65,21.91,36.72,8.19,3.5,0.0,93.38
2020-06-28 16:00:00+00:00,0.0,0.0,0.0,34.61,9.39,3.62,0.0,93.41
2020-06-28 17:00:00+00:00,0.0,0.0,0.0,33.36,10.36,3.51,0.0,93.44
2020-06-28 18:00:00+00:00,0.0,0.0,0.0,32.26,11.39,3.31,0.0,93.45
2020-06-28 19:00:00+00:00,0.0,0.0,0.0,31.49,12.25,2.93,0.0,93.43
2020-06-28 20:00:00+00:00,0.0,0.0,0.0,31.31,12.66,2.38,0.0,93.37
2020-06-28 21:00:00+00:00,0.0,0.0,0.0,31.41,12.81,1.8,0.0,93.32
2020-06-28 22:00:00+00:00,0.0,0.0,0.0,31.01,13.33,1.7,0.0,93.28
2020-06-28 23:00:00+00:00,0.0,0.0,0.0,29.86,14.52,2.15,0.0,93.25
2020-06-29 00:00:00+00:00,0.0,0.0,0.0,28.53,15.98,2.69,0.0,93.25
2020-06-29 01:00:00+00:00,0.0,0.0,0.0,27.64,17.08,3.09,0.0,93.25
2020-06-29 02:00:00+00:00,28.3,9.16,27.25,27.85,17.11,3.27,0.0,93.27
2020-06-29 03:00:00+00:00,199.23,256.67,114.59,31.81,13.73,3.78,0.0,93.3
2020-06-29 04:00:00+00:00,421.17,460.19,176.98,34.68,11.72,4.9,0.0,93.32
2020-06-29 05:00:00+00:00,646.8,603.15,203.06,39.03,8.46,4.96,0.0,93.33
2020-06-29 06:00:00+00:00,826.86,626.29,260.68,42.2,6.44,5.12,0.0,93.32
2020-06-29 07:00:00+00:00,971.75,732.94,240.43,43.9,5.75,5.16,0.0,93.29
2020-06-29 08:00:00+00:00,1042.55,827.63,215.37,45.07,5.48,5.19,0.0,93.24
2020-06-29 09:00:00+00:00,1038.65,807.27,197.23,45.71,5.42,5.3,0.0,93.17
2020-06-29 10:00:00+00:00,968.42,744.41,233.64,45.98,5.49,5.42,0.0,93.11
2020-06-29 11:00:00+00:00,829.4,690.33,236.05,45.88,5.68,5.56,0.0,93.06
2020-06-29 12:00:00+00:00,633.38,596.04,207.77,45.42,6.01,5.72,0.0,93.03
2020-06-29 13:00:00+00:00,402.08,454.95,175.95,44.55,6.49,5.84,0.0,93.01
2020-06-29 14:00:00+00:00,179.15,245.18,104.41,42.64,7.36,4.5,0.0,93.03
2020-06-29 15:00:00+00:00,21.02,7.64,22.54,38.33,9.37,3.67,0.0,93.07
2020-06-29 16:00:00+00:00,0.0,0.0,0.0,36.43,10.37,3.98,0.0,93.13
2020-06-29 17:00:00+00:00,0.0,0.0,0.0,35.08,11.16,4.07,0.0,93.2
2020-06-29 18:00:00+00:00,0.0,0.0,0.0,33.89,11.89,3.95,0.0,93.24
2020-06-29 19:00:00+00:00,0.0,0.0,0.0,32.8,12.67,3.81,0.0,93.24
2020-06-29 20:00:00+00:00,0.0,0.0,0.0,31.81,13.56,3.76,0.0,93.21
2020-06-29 21:00:00+00:00,0.0,0.0,0.0,30.89,14.55,3.74,0.0,93.18
2020-06-29 22:00:00+00:00,0.0,0.0,0.0,30.0,15.69,3.65,0.0,93.16
2020-06-29 23:00:00+00:00,0.0,0.0,0.0,29.17,16.86,3.5,0.0,93.16
2020-06-30 00:00:00+00:00,0.0,0.0,0.0,28.46,17.88,3.31,0.0,93.17
2020-06-30 01:00:00+00:00,0.0,0.0,0.0,27.93,18.64,3.1,0.0,93.19
2020-06-30 02:00:00+00:00,30.4,32.74,29.45,28.2,18.47,2.81,0.0,93.22
2020-06-30 03:00:00+00:00,212.5,361.99,105.73,31.49,15.29,3.41,0.0,93.25
2020-06-30 04:00:00+00:00,438.25,556.62,158.97,34.03,13.29,3.21,0.0,93.28
2020-06-30 05:00:00+00:00,659.95,671.16,187.5,38.53,10.34,3.31,0.0,93.3
2020-06-30 06:00:00+00:00,848.7,783.94,188.81,41.84,8.64,3.55,0.0,93.3
2020-06-30 07:00:00+00:00,981.28,818.31,203.44,43.5,7.9,3.74,0.0,93.29
2020-06-30 08:00:00+00:00,1026.0,781.68,230.9,44.63,7.43,4.04,0.0,93.25
2020-06-30 09:00:00+00:00,1020.4,755.87,214.52,45.31,7.14,4.36,0.0,93.18
2020-06-30 10:00:00+00:00,949.08,688.11,257.43,45.64,6.97,4.69,0.0,93.1
2020-06-30 11:00:00+00:00,793.35,599.64,269.82,45.58,6.96,5.08,0.0,93.04
2020-06-30 12:00:00+00:00,589.95,484.91,238.16,45.11,7.14,5.45,0.0,92.99
2020-06-30 13:00:00+00:00,363.1,351.6,174.69,44.23,7.5,5.72,0.0,92.97
2020-06-30 14:00:00+00:00,157.45,149.96,112.28,42.56,8.2,4.79,0.0,92.98
2020-06-30 15:00:00+00:00,18.62,2.16,21.59,38.22,10.31,3.44,0.0,93.02
2020-06-30 16:00:00+00:00,0.0,0.0,0.0,36.14,11.5,3.66,0.0,93.07
2020-06-30 17:00:00+00:00,0.0,0.0,0.0,34.84,12.29,3.63,0.0,93.14
2020-06-30 18:00:00+00:00,0.0,0.0,0.0,33.59,13.12,3.48,0.0,93.19
2020-06-30 19:00:00+00:00,0.0,0.0,0.0,32.41,13.99,3.25,0.0,93.19
2020-06-30 20:00:00+00:00,0.0,0.0,0.0,31.45,14.77,2.92,0.0,93.17
2020-06-30 21:00:00+00:00,0.0,0.0,0.0,30.77,15.41,2.58,0.0,93.14
2020-06-30 22:00:00+00:00,0.0,0.0,0.0,30.39,15.81,2.3,0.0,93.12
2020-06-30 23:00:00+00:00,0.0,0.0,0.0,30.01,16.2,2.12,0.0,93.12
2020-07-01 00:00:00+00:00,0.0,0.0,0.0,29.53,16.72,2.07,0.0,93.13
2020-07-01 01:00:00+00:00,0.0,0.0,0.0,29.06,17.23,2.02,0.0,93.17
2020-07-01 02:00:00+00:00,25.5,2.8,27.04,29.17,17.2,1.8,0.0,93.21
2020-07-01 03:00:00+00:00,179.8,167.32,118.78,31.6,15.04,1.46,0.0,93.27
2020-07-01 04:00:00+00:00,391.02,359.92,195.16,33.72,13.38,0.69,0.0,93.3
2020-07-01 05:00:00+00:00,617.22,495.49,244.0,37.98,10.66,0.95,0.0,93.31
2020-07-01 06:00:00+00:00,808.95,593.17,272.02,41.54,8.87,1.39,0.0,93.3
2020-07-01 07:00:00+00:00,942.9,642.79,295.44,43.14,8.19,1.35,0.0,93.27
2020-07-01 08:00:00+00:00,1048.95,898.04,166.58,44.2,7.77,1.21,0.0,93.22
2020-07-01 09:00:00+00:00,1045.38,927.68,134.14,44.81,7.53,1.17,0.0,93.14
2020-07-01 10:00:00+00:00,974.65,852.43,163.61,45.18,7.4,1.37,0.0,93.08
2020-07-01 11:00:00+00:00,839.05,804.96,168.9,45.22,7.36,1.76,0.0,93.04
2020-07-01 12:00:00+00:00,652.25,740.58,146.2,44.89,7.45,2.2,0.0,93.01
2020-07-01 13:00:00+00:00,429.15,610.6,131.54,44.16,7.66,2.7,0.0,92.99
2020-07-01 14:00:00+00:00,201.3,400.58,88.64,42.72,8.15,2.6,0.0,93.01
2020-07-01 15:00:00+00:00,24.1,31.09,21.5,38.73,9.97,2.72,0.0,93.05
2020-07-01 16:00:00+00:00,0.0,0.0,0.0,36.69,10.92,3.36,0.0,93.11
2020-07-01 17:00:00+00:00,0.0,0.0,0.0,35.41,11.65,3.74,0.0,93.17
2020-07-01 18:00:00+00:00,0.0,0.0,0.0,34.13,12.51,3.92,0.0,93.21
2020-07-01 19:00:00+00:00,0.0,0.0,0.0,32.82,13.61,3.84,0.0,93.2
2020-07-01 20:00:00+00:00,0.0,0.0,0.0,31.58,14.85,3.59,0.0,93.16
2020-07-01 21:00:00+00:00,0.0,0.0,0.0,30.54,16.16,3.39,0.0,93.13
2020-07-01 22:00:00+00:00,0.0,0.0,0.0,29.71,17.44,3.31,0.0,93.11
2020-07-01 23:00:00+00:00,0.0,0.0,0.0,29.05,18.67,3.31,0.0,93.11
2020-07-02 00:00:00+00:00,0.0,0.0,0.0,28.48,19.88,3.37,0.0,93.13
2020-07-02 01:00:00+00:00,0.0,0.0,0.0,27.9,21.2,3.46,0.0,93.17
2020-07-02 02:00:00+00:00,28.1,19.2,29.87,28.17,21.51,3.69,0.0,93.23
2020-07-02 03:00:00+00:00,202.62,313.2,109.82,30.65,19.16,5.31,0.0,93.3
2020-07-02 04:00:00+00:00,425.23,529.57,160.61,33.28,16.96,4.83,0.0,93.34
2020-07-02 05:00:00+00:00,652.92,657.84,175.43,37.57,13.11,5.3,0.0,93.36
2020-07-02 06:00:00+00:00,841.62,750.56,195.02,40.3,10.81,5.17,0.0,93.36
2020-07-02 07:00:00+00:00,974.5,788.14,212.27,41.97,9.6,4.77,0.0,93.34
2020-07-02 08:00:00+00:00,1008.2,720.42,254.47,43.11,8.85,4.37,0.0,93.29
2020-07-02 09:00:00+00:00,1004.65,684.51,244.5,43.84,8.4,4.03,0.0,93.23
2020-07-02 10:00:00+00:00,930.05,607.79,313.9,44.16,8.18,3.83,0.0,93.17
2020-07-02 11:00:00+00:00,782.55,547.47,283.6,44.13,8.12,3.74,0.0,93.13
2020-07-02 12:00:00+00:00,588.33,447.67,250.13,43.74,8.23,3.84,0.0,93.1
2020-07-02 13:00:00+00:00,365.62,314.68,191.93,42.92,8.59,4.16,0.0,93.09
2020-07-02 14:00:00+00:00,164.18,148.8,112.78,41.47,9.31,4.04,0.0,93.11
2020-07-02 15:00:00+00:00,20.02,1.44,20.03,37.5,11.75,3.35,0.0,93.16
2020-07-02 16:00:00+00:00,0.0,0.0,0.0,35.79,13.34,4.01,0.0,93.21
2020-07-02 17:00:00+00:00,0.0,0.0,0.0,34.98,14.54,4.69,0.0,93.25
2020-07-02 18:00:00+00:00,0.0,0.0,0.0,34.14,15.87,5.3,0.0,93.28
2020-07-02 19:00:00+00:00,0.0,0.0,0.0,33.04,17.53,5.25,0.0,93.28
2020-07-02 20:00:00+00:00,0.0,0.0,0.0,31.79,19.5,4.59,0.0,93.27
2020-07-02 21:00:00+00:00,0.0,0.0,0.0,30.59,21.62,3.79,0.0,93.25
2020-07-02 22:00:00+00:00,0.0,0.0,0.0,29.67,23.68,3.31,0.0,93.24
2020-07-02 23:00:00+00:00,0.0,0.0,0.0,28.92,25.7,3.07,0.0,93.26
2020-07-03 00:00:00+00:00,0.0,0.0,0.0,28.29,27.83,2.92,0.0,93.29
2020-07-03 01:00:00+00:00,0.0,0.0,0.0,27.75,30.05,2.78,0.0,93.33
2020-07-03 02:00:00+00:00,21.95,0.3,22.9,27.95,31.1,2.53,0.0,93.4
2020-07-03 03:00:00+00:00,156.68,81.63,121.0,30.62,27.79,3.44,0.0,93.46
2020-07-03 04:00:00+00:00,353.12,239.09,208.88,33.55,23.99,3.63,0.0,93.5
2020-07-03 05:00:00+00:00,574.95,365.16,278.22,37.46,17.96,5.54,0.0,93.53
2020-07-03 06:00:00+00:00,771.03,468.88,320.8,39.55,15.14,6.38,0.0,93.53
2020-07-03 07:00:00+00:00,913.75,531.94,362.43,41.15,13.18,6.76,0.0,93.49
2020-07-03 08:00:00+00:00,1048.82,990.81,125.83,42.38,11.54,6.84,0.0,93.44
2020-07-03 09:00:00+00:00,1046.2,957.94,117.7,43.26,10.25,6.86,0.0,93.38
2020-07-03 10:00:00+00:00,977.33,882.95,144.34,43.76,9.4,6.88,0.0,93.32
2020-07-03 11:00:00+00:00,843.9,838.28,149.96,43.85,8.91,6.9,0.0,93.27
2020-07-03 12:00:00+00:00,655.47,754.82,142.09,43.48,8.71,7.0,0.0,93.25
2020-07-03 13:00:00+00:00,429.23,612.4,132.03,42.66,8.74,7.08,0.0,93.25
2020-07-03 14:00:00+00:00,198.7,392.62,88.83,41.17,9.13,6.27,0.0,93.28
2020-07-03 15:00:00+00:00,23.1,21.63,22.92,37.18,11.04,4.12,0.0,93.34
2020-07-03 16:00:00+00:00,0.0,0.0,0.0,35.04,12.21,4.16,0.0,93.41
2020-07-03 17:00:00+00:00,0.0,0.0,0.0,33.78,13.02,4.13,0.0,93.47
2020-07-03 18:00:00+00:00,0.0,0.0,0.0,32.59,13.95,4.07,0.0,93.5
2020-07-03 19:00:00+00:00,0.0,0.0,0.0,31.43,15.13,3.96,0.0,93.5
2020-07-03 20:00:00+00:00,0.0,0.0,0.0,30.26,16.68,3.72,0.0,93.46
2020-07-03 21:00:00+00:00,0.0,0.0,0.0,29.19,18.54,3.47,0.0,93.42
2020-07-03 22:00:00+00:00,0.0,0.0,0.0,28.37,20.25,3.25,0.0,93.38
2020-07-03 23:00:00+00:00,0.0,0.0,0.0,27.81,21.63,3.04,0.0,93.37
2020-07-04 00:00:00+00:00,0.0,0.0,0.0,27.5,22.48,2.87,0.0,93.38
2020-07-04 01:00:00+00:00,0.0,0.0,0.0,27.31,22.98,2.69,0.0,93.39
2020-07-04 02:00:00+00:00,22.1,1.02,23.85,27.77,22.54,2.39,0.0,93.43
2020-07-04 03:00:00+00:00,168.7,131.84,121.91,31.08,18.63,2.11,0.0,93.46
2020-07-04 04:00:00+00:00,382.25,320.18,208.22,33.73,15.97,1.43,0.0,93.49
2020-07-04 05:00:00+00:00,614.3,476.19,248.52,38.2,11.96,2.25,0.0,93.5
2020-07-04 06:00:00+00:00,811.97,585.51,280.32,41.08,9.81,3.56,0.0,93.47
2020-07-04 07:00:00+00:00,950.83,650.37,282.48,42.65,8.68,3.7,0.0,93.43
2020-07-04 08:00:00+00:00,1012.88,726.0,254.48,43.83,8.02,3.88,0.0,93.36
2020-07-04 09:00:00+00:00,1007.7,694.14,240.99,44.58,7.71,4.06,0.0,93.29
2020-07-04 10:00:00+00:00,934.4,620.99,292.12,44.9,7.61,4.2,0.0,93.23
2020-07-04 11:00:00+00:00,789.97,555.97,287.67,44.82,7.67,4.35,0.0,93.18
2020-07-04 12:00:00+00:00,597.17,472.99,242.62,44.34,7.89,4.49,0.0,93.15
2020-07-04 13:00:00+00:00,367.92,310.97,206.35,43.48,8.25,4.53,0.0,93.14
2020-07-04 14:00:00+00:00,157.2,120.4,119.19,41.86,8.98,3.58,0.0,93.15
2020-07-04 15:00:00+00:00,18.65,1.03,21.17,37.64,11.34,2.94,0.0,93.18
2020-07-04 16:00:00+00:00,0.0,0.0,0.0,35.69,12.73,3.18,0.0,93.22
2020-07-04 17:00:00+00:00,0.0,0.0,0.0,34.45,13.8,3.15,0.0,93.25
2020-07-04 18:00:00+00:00,0.0,0.0,0.0,33.34,14.82,2.99,0.0,93.25
2020-07-04 19:00:00+00:00,0.0,0.0,0.0,32.43,15.75,2.69,0.0,93.21
2020-07-04 20:00:00+00:00,0.0,0.0,0.0,31.77,16.43,2.37,0.0,93.15
2020-07-04 21:00:00+00:00,0.0,0.0,0.0,31.16,17.09,2.2,0.0,93.08
2020-07-04 22:00:00+00:00,0.0,0.0,0.0,30.66,17.68,2.11,0.0,93.02
2020-07-04 23:00:00+00:00,0.0,0.0,0.0,30.38,18.03,1.88,0.0,93.0
2020-07-05 00:00:00+00:00,0.0,0.0,0.0,30.2,18.29,1.59,0.0,93.01
2020-07-05 01:00:00+00:00,0.0,0.0,0.0,30.04,18.53,1.36,0.0,93.05
2020-07-05 02:00:00+00:00,20.45,0.6,23.09,30.05,18.56,1.29,0.0,93.09
2020-07-05 03:00:00+00:00,155.32,87.67,127.27,32.09,16.5,1.08,0.0,93.12
2020-07-05 04:00:00+00:00,356.4,258.7,212.08,34.44,14.36,0.59,0.0,93.15
2020-07-05 05:00:00+00:00,584.83,389.55,270.56,39.05,10.91,1.11,0.0,93.16
2020-07-05 06:00:00+00:00,786.25,513.65,307.2,41.66,9.29,0.98,0.0,93.13
2020-07-05 07:00:00+00:00,932.53,577.13,344.1,42.94,8.5,0.21,0.0,93.08
2020-07-05 08:00:00+00:00,1037.0,803.4,225.47,44.08,7.74,0.78,0.0,93.0
2020-07-05 09:00:00+00:00,1032.8,828.95,192.57,44.97,7.11,1.5,0.0,92.93
2020-07-05 10:00:00+00:00,961.03,738.74,247.28,45.43,6.76,2.1,0.0,92.87
2020-07-05 11:00:00+00:00,824.88,701.25,218.11,45.52,6.57,2.72,0.0,92.82
2020-07-05 12:00:00+00:00,634.28,618.98,201.57,45.2,6.57,3.29,0.0,92.78
2020-07-05 13:00:00+00:00,409.3,482.54,166.98,44.47,6.74,3.62,0.0,92.76
2020-07-05 14:00:00+00:00,187.2,277.9,104.64,42.88,7.34,2.86,0.0,92.78
2020-07-05 15:00:00+00:00,22.15,8.89,21.82,38.89,9.13,2.46,0.0,92.8
2020-07-05 16:00:00+00:00,0.0,0.0,0.0,36.91,10.24,2.8,0.0,92.85
2020-07-05 17:00:00+00:00,0.0,0.0,0.0,35.48,11.16,3.09,0.0,92.89
2020-07-05 18:00:00+00:00,0.0,0.0,0.0,34.21,11.98,3.28,0.0,92.93
2020-07-05 19:00:00+00:00,0.0,0.0,0.0,33.01,12.75,3.35,0.0,92.92
2020-07-05 20:00:00+00:00,0.0,0.0,0.0,31.88,13.52,3.29,0.0,92.89
2020-07-05 21:00:00+00:00,0.0,0.0,0.0,31.0,14.14,3.13,0.0,92.86
2020-07-05 22:00:00+00:00,0.0,0.0,0.0,30.4,14.56,2.89,0.0,92.84
2020-07-05 23:00:00+00:00,0.0,0.0,0.0,30.0,14.86,2.65,0.0,92.84
2020-07-06 00:00:00+00:00,0.0,0.0,0.0,29.72,15.07,2.39,0.0,92.86
2020-07-06 01:00:00+00:00,0.0,0.0,0.0,29.55,15.19,2.13,0.0,92.9
2020-07-06 02:00:00+00:00,24.3,9.55,23.82,29.78,15.0,1.86,0.0,92.94
2020-07-06 03:00:00+00:00,187.57,254.18,106.01,32.33,12.98,1.88,0.0,92.98
2020-07-06 04:00:00+00:00,409.85,472.81,170.74,34.79,11.31,2.16,0.0,93.02
2020-07-06 05:00:00+00:00,633.65,600.89,204.76,39.18,8.87,3.38,0.0,93.05
2020-07-06 06:00:00+00:00,828.03,679.76,231.87,42.29,7.48,3.79,0.0,93.05
2020-07-06 07:00:00+00:00,960.75,733.52,232.79,43.63,6.96,3.3,0.0,93.02
2020-07-06 08:00:00+00:00,1020.28,725.49,268.45,44.54,6.6,2.7,0.0,92.97
2020-07-06 09:00:00+00:00,1021.2,760.34,224.4,45.12,6.36,2.1,0.0,92.91
2020-07-06 10:00:00+00:00,952.85,701.65,250.48,45.39,6.21,1.54,0.0,92.85
2020-07-06 11:00:00+00:00,814.22,651.89,247.46,45.35,6.14,1.06,0.0,92.81
2020-07-06 12:00:00+00:00,623.65,578.99,207.92,45.01,6.2,0.89,0.0,92.77
2020-07-06 13:00:00+00:00,395.85,430.7,171.05,44.41,6.35,1.15,0.0,92.77
2020-07-06 14:00:00+00:00,173.4,208.64,107.77,43.07,6.89,1.08,0.0,92.78
2020-07-06 15:00:00+00:00,20.3,4.65,21.96,40.53,7.86,1.21,0.0,92.82
2020-07-06 16:00:00+00:00,0.0,0.0,0.0,38.9,8.47,1.55,0.0,92.87
2020-07-06 17:00:00+00:00,0.0,0.0,0.0,37.58,9.08,1.79,0.0,92.93
2020-07-06 18:00:00+00:00,0.0,0.0,0.0,36.22,9.79,2.02,0.0,92.98
2020-07-06 19:00:00+00:00,0.0,0.0,0.0,34.74,10.65,2.21,0.0,92.99
2020-07-06 20:00:00+00:00,0.0,0.0,0.0,33.25,11.57,2.36,0.0,92.98
2020-07-06 21:00:00+00:00,0.0,0.0,0.0,32.16,12.32,2.39,0.0,92.96
2020-07-06 22:00:00+00:00,0.0,0.0,0.0,31.37,12.89,2.42,0.0,92.94
2020-07-06 23:00:00+00:00,0.0,0.0,0.0,30.58,13.55,2.58,0.0,92.94
2020-07-07 00:00:00+00:00,0.0,0.0,0.0,29.77,14.23,2.83,0.0,92.95
2020-07-07 01:00:00+00:00,0.0,0.0,0.0,29.11,14.93,3.07,0.0,92.97
2020-07-07 02:00:00+00:00,23.33,4.68,23.5,29.29,14.93,3.11,0.0,93.01
2020-07-07 03:00:00+00:00,182.1,210.03,109.52,32.87,12.36,3.36,0.0,93.06
2020-07-07 04:00:00+00:00,397.33,385.33,195.3,35.36,10.84,3.21,0.0,93.1
2020-07-07 05:00:00+00:00,623.0,537.32,220.66,39.84,8.43,3.28,0.0,93.14
2020-07-07 06:00:00+00:00,815.7,621.99,260.13,42.75,7.12,3.11,0.0,93.14
2020-07-07 07:00:00+00:00,955.4,683.72,263.35,44.33,6.53,2.9,0.0,93.12
2020-07-07 08:00:00+00:00,1020.83,773.08,232.81,45.29,6.21,2.65,0.0,93.07
2020-07-07 09:00:00+00:00,1019.95,747.6,218.75,45.9,6.0,2.29,0.0,93.02
2020-07-07 10:00:00+00:00,948.97,684.82,259.07,46.23,5.87,1.85,0.0,92.96
2020-07-07 11:00:00+00:00,808.25,624.81,254.38,46.21,5.84,1.47,0.0,92.92
2020-07-07 12:00:00+00:00,616.72,552.62,216.16,45.87,5.93,1.24,0.0,92.89
2020-07-07 13:00:00+00:00,392.92,412.73,180.97,45.23,6.12,1.27,0.0,92.88
2020-07-07 14:00:00+00:00,178.23,228.86,108.11,43.8,6.77,1.08,0.0,92.91
2020-07-07 15:00:00+00:00,21.27,6.33,21.11,41.03,7.76,1.31,0.0,92.96
2020-07-07 16:00:00+00:00,0.0,0.0,0.0,39.05,8.52,1.89,0.0,93.02
2020-07-07 17:00:00+00:00,0.0,0.0,0.0,37.41,9.32,2.5,0.0,93.09
2020-07-07 18:00:00+00:00,0.0,0.0,0.0,35.71,10.31,3.1,0.0,93.14
2020-07-07 19:00:00+00:00,0.0,0.0,0.0,34.18,11.33,3.55,0.0,93.15
2020-07-07 20:00:00+00:00,0.0,0.0,0.0,33.02,12.27,3.75,0.0,93.13
2020-07-07 21:00:00+00:00,0.0,0.0,0.0,31.95,13.21,3.62,0.0,93.11
2020-07-07 22:00:00+00:00,0.0,0.0,0.0,30.97,14.17,3.39,0.0,93.11
2020-07-07 23:00:00+00:00,0.0,0.0,0.0,30.02,15.14,3.26,0.0,93.12
2020-07-08 00:00:00+00:00,0.0,0.0,0.0,29.21,15.94,3.24,0.0,93.16
2020-07-08 01:00:00+00:00,0.0,0.0,0.0,28.57,16.51,3.24,0.0,93.2
2020-07-08 02:00:00+00:00,22.9,5.61,23.42,28.77,16.1,3.05,0.0,93.24
2020-07-08 03:00:00+00:00,179.1,207.79,109.59,32.11,13.12,4.06,0.0,93.27
2020-07-08 04:00:00+00:00,396.9,413.45,184.94,34.69,11.3,4.06,0.0,93.29
2020-07-08 05:00:00+00:00,616.4,527.67,231.03,39.17,9.0,3.44,0.0,93.3
2020-07-08 06:00:00+00:00,802.8,581.28,276.63,42.73,7.58,2.66,0.0,93.28
2020-07-08 07:00:00+00:00,936.03,621.07,292.01,44.31,7.06,2.71,0.0,93.26
2020-07-08 08:00:00+00:00,1020.97,762.07,239.33,45.41,6.79,3.05,0.0,93.21
2020-07-08 09:00:00+00:00,1020.7,740.71,223.07,46.04,6.69,3.36,0.0,93.16
2020-07-08 10:00:00+00:00,936.38,653.57,291.18,46.26,6.65,3.7,0.0,93.12
2020-07-08 11:00:00+00:00,791.67,612.79,260.05,46.16,6.65,4.19,0.0,93.08
2020-07-08 12:00:00+00:00,599.62,542.14,214.34,45.68,6.74,4.7,0.0,93.06
2020-07-08 13:00:00+00:00,380.33,426.51,160.27,44.76,7.01,5.18,0.0,93.07
2020-07-08 14:00:00+00:00,171.07,241.03,103.79,43.1,7.59,4.78,0.0,93.1
2020-07-08 15:00:00+00:00,19.98,9.56,21.74,38.89,9.47,3.63,0.0,93.15
2020-07-08 16:00:00+00:00,0.0,0.0,0.0,37.03,10.43,4.12,0.0,93.22
2020-07-08 17:00:00+00:00,0.0,0.0,0.0,35.95,10.97,4.45,0.0,93.28
2020-07-08 18:00:00+00:00,0.0,0.0,0.0,34.86,11.52,4.46,0.0,93.32
2020-07-08 19:00:00+00:00,0.0,0.0,0.0,33.81,12.16,4.3,0.0,93.31
2020-07-08 20:00:00+00:00,0.0,0.0,0.0,32.92,12.86,4.16,0.0,93.28
2020-07-08 21:00:00+00:00,0.0,0.0,0.0,32.14,13.62,4.14,0.0,93.23
2020-07-08 22:00:00+00:00,0.0,0.0,0.0,31.42,14.47,4.2,0.0,93.2
2020-07-08 23:00:00+00:00,0.0,0.0,0.0,30.69,15.35,4.28,0.0,93.19
2020-07-09 00:00:00+00:00,0.0,0.0,0.0,29.99,15.95,4.44,0.0,93.21
2020-07-09 01:00:00+00:00,0.0,0.0,0.0,29.31,16.08,4.71,0.0,93.24
2020-07-09 02:00:00+00:00,25.45,32.18,23.44,29.27,15.06,5.48,0.0,93.3
2020-07-09 03:00:00+00:00,203.98,389.83,91.67,31.21,12.5,6.73,0.0,93.35
2020-07-09 04:00:00+00:00,432.8,601.58,136.27,34.4,10.07,6.19,0.0,93.4
2020-07-09 05:00:00+00:00,654.28,715.07,155.31,39.32,7.7,6.49,0.0,93.42
2020-07-09 06:00:00+00:00,832.78,714.42,226.3,42.03,6.89,5.98,0.0,93.42
2020-07-09 07:00:00+00:00,957.78,789.45,323.88,43.57,6.57,5.16,0.0,93.38
2020-07-09 08:00:00+00:00,1000.5,646.08,276.32,44.67,6.39,4.65,0.0,93.32
2020-07-09 09:00:00+00:00,995.9,610.2,314.22,45.33,6.37,4.47,0.0,93.25
2020-07-09 10:00:00+00:00,914.6,567.32,354.97,45.55,6.48,4.55,0.0,93.19
2020-07-09 11:00:00+00:00,769.12,467.23,327.14,45.33,6.66,4.69,0.0,93.15
2020-07-09 12:00:00+00:00,583.03,409.44,268.01,44.8,6.89,4.82,0.0,93.12
2020-07-09 13:00:00+00:00,362.95,279.55,214.87,43.93,7.15,4.91,0.0,93.11
2020-07-09 14:00:00+00:00,160.25,114.73,123.94,42.36,7.62,4.11,0.0,93.14
2020-07-09 15:00:00+00:00,19.83,0.79,21.32,37.98,9.45,3.15,0.0,93.18
2020-07-09 16:00:00+00:00,0.0,0.0,0.0,36.03,10.29,3.53,0.0,93.23
2020-07-09 17:00:00+00:00,0.0,0.0,0.0,34.95,10.74,3.75,0.0,93.28
2020-07-09 18:00:00+00:00,0.0,0.0,0.0,33.98,11.2,4.09,0.0,93.31
2020-07-09 19:00:00+00:00,0.0,0.0,0.0,33.08,11.69,4.57,0.0,93.3
2020-07-09 20:00:00+00:00,0.0,0.0,0.0,32.24,12.03,5.06,0.0,93.28
2020-07-09 21:00:00+00:00,0.0,0.0,0.0,31.45,12.26,5.26,0.0,93.25
2020-07-09 22:00:00+00:00,0.0,0.0,0.0,30.72,12.6,5.21,0.0,93.23
2020-07-09 23:00:00+00:00,0.0,0.0,0.0,30.13,13.42,5.16,0.0,93.22
2020-07-10 00:00:00+00:00,0.0,0.0,0.0,29.66,15.01,5.11,0.0,93.24
2020-07-10 01:00:00+00:00,0.0,0.0,0.0,29.26,17.05,5.06,0.0,93.26
2020-07-10 02:00:00+00:00,22.35,5.55,25.2,29.62,17.57,5.43,0.0,93.3
2020-07-10 03:00:00+00:00,180.48,221.82,116.39,32.32,15.1,6.9,0.0,93.35
2020-07-10 04:00:00+00:00,399.15,438.16,179.7,35.41,12.71,5.88,0.0,93.39
2020-07-10 05:00:00+00:00,631.55,568.72,225.14,39.68,10.21,7.37,0.0,93.42
2020-07-10 06:00:00+00:00,824.5,678.92,232.87,41.78,8.97,7.35,0.0,93.42
2020-07-10 07:00:00+00:00,960.97,713.42,265.12,43.2,8.25,7.09,0.0,93.38
2020-07-10 08:00:00+00:00,1037.68,714.2,300.1,44.25,7.88,7.11,0.0,93.31
2020-07-10 09:00:00+00:00,1018.38,681.93,348.44,44.84,7.71,7.28,0.0,93.23
2020-07-10 10:00:00+00:00,938.97,627.84,315.12,45.07,7.66,7.41,0.0,93.16
2020-07-10 11:00:00+00:00,826.88,677.64,246.95,44.97,7.68,7.53,0.0,93.11
2020-07-10 12:00:00+00:00,637.47,611.57,201.83,44.51,7.85,7.6,0.0,93.07
2020-07-10 13:00:00+00:00,412.2,472.57,173.08,43.65,8.17,7.57,0.0,93.06
2020-07-10 14:00:00+00:00,193.18,326.84,99.46,42.18,8.8,6.41,0.0,93.07
2020-07-10 15:00:00+00:00,22.33,9.32,22.91,38.44,10.79,4.01,0.0,93.12
2020-07-10 16:00:00+00:00,0.0,0.0,0.0,36.69,11.95,3.97,0.0,93.18
2020-07-10 17:00:00+00:00,0.0,0.0,0.0,35.77,12.65,3.97,0.0,93.24
2020-07-10 18:00:00+00:00,0.0,0.0,0.0,34.98,13.27,3.98,0.0,93.29
2020-07-10 19:00:00+00:00,0.0,0.0,0.0,34.17,13.91,3.95,0.0,93.28
2020-07-10 20:00:00+00:00,0.0,0.0,0.0,33.27,14.59,3.95,0.0,93.25
2020-07-10 21:00:00+00:00,0.0,0.0,0.0,32.44,15.22,4.1,0.0,93.21
2020-07-10 22:00:00+00:00,0.0,0.0,0.0,31.53,15.92,4.34,0.0,93.18
2020-07-10 23:00:00+00:00,0.0,0.0,0.0,30.83,16.53,4.55,0.0,93.17
2020-07-11 00:00:00+00:00,0.0,0.0,0.0,30.24,17.07,4.73,0.0,93.18
2020-07-11 01:00:00+00:00,0.0,0.0,0.0,29.66,17.72,4.89,0.0,93.2
2020-07-11 02:00:00+00:00,23.08,16.16,23.41,29.66,17.83,5.33,0.0,93.23
2020-07-11 03:00:00+00:00,191.4,306.57,106.06,31.64,16.09,6.53,0.0,93.26
2020-07-11 04:00:00+00:00,413.52,503.01,166.13,34.54,13.81,5.99,0.0,93.27
2020-07-11 05:00:00+00:00,637.03,619.95,199.25,39.47,11.16,6.56,0.0,93.26
2020-07-11 06:00:00+00:00,825.33,709.35,219.53,41.93,10.05,6.67,0.0,93.22
2020-07-11 07:00:00+00:00,961.55,762.75,229.45,43.44,9.28,6.43,0.0,93.17
2020-07-11 08:00:00+00:00,1009.15,724.53,224.77,44.56,8.65,6.23,0.0,93.1
2020-07-11 09:00:00+00:00,987.25,615.37,291.69,45.32,8.18,6.1,0.0,93.03
2020-07-11 10:00:00+00:00,873.25,527.99,378.94,45.58,7.84,6.27,0.0,92.98
2020-07-11 11:00:00+00:00,698.97,323.84,380.66,45.46,7.58,6.54,0.0,92.94
2020-07-11 12:00:00+00:00,449.42,165.78,291.77,44.96,7.56,6.69,0.0,92.92
2020-07-11 13:00:00+00:00,273.08,121.57,211.47,44.03,7.9,6.74,0.0,92.92
2020-07-11 14:00:00+00:00,129.18,34.67,111.17,42.44,8.78,5.6,0.0,92.94
2020-07-11 15:00:00+00:00,17.1,0.69,19.34,38.77,11.04,3.8,0.0,92.98
2020-07-11 16:00:00+00:00,0.0,0.0,0.0,37.05,12.35,3.96,0.0,93.02
2020-07-11 17:00:00+00:00,0.0,0.0,0.0,36.08,13.11,4.15,0.0,93.06
2020-07-11 18:00:00+00:00,0.0,0.0,0.0,34.99,14.0,4.1,0.0,93.09
2020-07-11 19:00:00+00:00,0.0,0.0,0.0,33.67,15.29,3.68,0.0,93.08
2020-07-11 20:00:00+00:00,0.0,0.0,0.0,32.56,16.63,3.33,0.0,93.05
2020-07-11 21:00:00+00:00,0.0,0.0,0.0,31.72,17.88,3.06,0.0,93.01
2020-07-11 22:00:00+00:00,0.0,0.0,0.0,31.21,18.79,2.65,0.0,92.97
2020-07-11 23:00:00+00:00,0.0,0.0,0.0,31.28,18.94,2.1,0.0,92.96
2020-07-12 00:00:00+00:00,0.0,0.0,0.0,31.05,19.25,1.93,0.0,92.95
2020-07-12 01:00:00+00:00,0.0,0.0,0.0,30.1,20.26,2.33,0.0,92.96
2020-07-12 02:00:00+00:00,16.95,0.57,19.57,29.67,20.52,2.75,0.0,92.99
2020-07-12 03:00:00+00:00,143.85,58.6,129.19,32.48,17.1,4.22,0.0,93.03
2020-07-12 04:00:00+00:00,331.0,186.75,215.26,35.03,14.57,4.82,0.0,93.06
2020-07-12 05:00:00+00:00,563.9,351.24,272.59,39.53,11.95,6.15,0.0,93.08
2020-07-12 06:00:00+00:00,781.5,539.0,289.43,41.84,10.68,6.67,0.0,93.08
2020-07-12 07:00:00+00:00,919.42,584.73,319.99,43.32,9.86,6.53,0.0,93.05
2020-07-12 08:00:00+00:00,1028.9,771.47,239.11,44.46,9.29,6.26,0.0,93.0
2020-07-12 09:00:00+00:00,1028.25,766.96,267.4,45.07,9.03,6.16,0.0,92.94
2020-07-12 10:00:00+00:00,957.05,731.3,249.3,45.26,8.91,6.3,0.0,92.88
2020-07-12 11:00:00+00:00,802.2,622.18,266.38,45.13,8.93,6.49,0.0,92.85
2020-07-12 12:00:00+00:00,590.15,506.83,219.92,44.55,9.18,6.66,0.0,92.82
2020-07-12 13:00:00+00:00,369.23,384.7,180.17,43.57,9.68,6.72,0.0,92.82
2020-07-12 14:00:00+00:00,167.0,189.81,112.23,42.0,10.67,5.75,0.0,92.84
2020-07-12 15:00:00+00:00,20.02,4.58,22.55,38.71,13.17,4.09,0.0,92.88
2020-07-12 16:00:00+00:00,0.0,0.0,0.0,37.37,14.68,4.76,0.0,92.94
2020-07-12 17:00:00+00:00,0.0,0.0,0.0,36.73,15.43,5.84,0.0,93.02
2020-07-12 18:00:00+00:00,0.0,0.0,0.0,35.89,15.99,6.52,0.0,93.08
2020-07-12 19:00:00+00:00,0.0,0.0,0.0,34.77,16.79,6.06,0.0,93.08
2020-07-12 20:00:00+00:00,0.0,0.0,0.0,33.57,17.95,5.03,0.0,93.05
2020-07-12 21:00:00+00:00,0.0,0.0,0.0,32.42,19.53,4.21,0.0,93.0
2020-07-12 22:00:00+00:00,0.0,0.0,0.0,31.47,21.21,3.78,0.0,92.96
2020-07-12 23:00:00+00:00,0.0,0.0,0.0,30.63,22.58,3.49,0.0,92.95
2020-07-13 00:00:00+00:00,0.0,0.0,0.0,29.95,23.27,3.27,0.0,92.96
2020-07-13 01:00:00+00:00,0.0,0.0,0.0,29.48,23.01,3.11,0.0,92.98
2020-07-13 02:00:00+00:00,19.15,1.25,21.72,29.63,21.43,3.02,0.0,93.01
2020-07-13 03:00:00+00:00,155.62,119.21,121.65,32.03,17.36,4.32,0.0,93.06
2020-07-13 04:00:00+00:00,348.45,284.99,198.57,34.77,13.83,4.12,0.0,93.08
2020-07-13 05:00:00+00:00,564.1,393.17,264.87,38.69,9.93,4.87,0.0,93.1
2020-07-13 06:00:00+00:00,783.25,533.89,294.69,40.72,9.18,4.11,0.0,93.09
2020-07-13 07:00:00+00:00,926.95,592.05,337.68,42.23,8.87,3.26,0.0,93.05
2020-07-13 08:00:00+00:00,967.8,578.9,308.37,43.34,8.6,2.62,0.0,93.0
2020-07-13 09:00:00+00:00,962.4,539.15,339.79,44.08,8.34,2.46,0.0,92.93
2020-07-13 10:00:00+00:00,899.0,529.78,352.35,44.46,8.15,2.57,0.0,92.89
2020-07-13 11:00:00+00:00,734.88,412.4,328.94,44.44,8.09,2.78,0.0,92.86
2020-07-13 12:00:00+00:00,510.48,276.46,283.13,44.08,8.15,3.25,0.0,92.83
2020-07-13 13:00:00+00:00,304.0,157.09,211.2,43.29,8.39,3.87,0.0,92.83
2020-07-13 14:00:00+00:00,138.73,49.76,126.24,41.94,8.97,3.88,0.0,92.86
2020-07-13 15:00:00+00:00,17.02,0.52,19.36,38.36,10.94,3.03,0.0,92.91
2020-07-13 16:00:00+00:00,0.0,0.0,0.0,36.38,12.42,3.39,0.0,92.98
2020-07-13 17:00:00+00:00,0.0,0.0,0.0,35.33,13.68,3.65,0.0,93.05
2020-07-13 18:00:00+00:00,0.0,0.0,0.0,34.54,15.28,4.23,0.0,93.11
2020-07-13 19:00:00+00:00,0.0,0.0,0.0,33.89,17.14,4.98,0.0,93.14
2020-07-13 20:00:00+00:00,0.0,0.0,0.0,33.01,19.07,5.04,0.0,93.14
2020-07-13 21:00:00+00:00,0.0,0.0,0.0,31.97,20.65,4.53,0.0,93.12
2020-07-13 22:00:00+00:00,0.0,0.0,0.0,31.05,21.85,4.0,0.0,93.1
2020-07-13 23:00:00+00:00,0.0,0.0,0.0,30.25,22.91,3.59,0.0,93.11
2020-07-14 00:00:00+00:00,0.0,0.0,0.0,29.58,23.82,3.32,0.0,93.14
2020-07-14 01:00:00+00:00,0.0,0.0,0.0,28.96,24.69,3.13,0.0,93.17
2020-07-14 02:00:00+00:00,15.05,0.0,16.91,29.04,24.56,2.85,0.0,93.22
2020-07-14 03:00:00+00:00,126.72,28.02,119.14,31.78,21.04,3.51,0.0,93.28
2020-07-14 04:00:00+00:00,292.83,126.98,207.7,34.33,18.08,3.57,0.0,93.34
2020-07-14 05:00:00+00:00,512.58,245.6,299.69,38.7,12.27,3.45,0.0,93.37
2020-07-14 06:00:00+00:00,728.8,375.53,342.27,41.27,9.59,3.16,0.0,93.38
2020-07-14 07:00:00+00:00,854.75,428.3,401.88,42.77,8.56,2.8,0.0,93.36
2020-07-14 08:00:00+00:00,970.92,471.56,389.58,43.77,8.06,2.37,0.0,93.3
2020-07-14 09:00:00+00:00,996.6,616.63,315.67,44.35,7.8,2.12,0.0,93.24
2020-07-14 10:00:00+00:00,943.65,660.0,306.35,44.61,7.64,1.96,0.0,93.18
2020-07-14 11:00:00+00:00,798.25,574.71,301.44,44.54,7.6,1.82,0.0,93.15
2020-07-14 12:00:00+00:00,612.42,508.6,242.22,44.12,7.69,1.75,0.0,93.13
2020-07-14 13:00:00+00:00,388.85,395.67,179.03,43.39,7.9,1.85,0.0,93.13
2020-07-14 14:00:00+00:00,177.7,247.39,104.18,41.96,8.46,1.77,0.0,93.16
2020-07-14 15:00:00+00:00,19.77,3.84,19.11,38.73,9.88,2.01,0.0,93.21
2020-07-14 16:00:00+00:00,0.0,0.0,0.0,37.02,10.65,2.36,0.0,93.26
2020-07-14 17:00:00+00:00,0.0,0.0,0.0,35.74,11.41,2.62,0.0,93.3
2020-07-14 18:00:00+00:00,0.0,0.0,0.0,34.5,12.46,2.88,0.0,93.33
2020-07-14 19:00:00+00:00,0.0,0.0,0.0,33.4,13.89,3.1,0.0,93.33
2020-07-14 20:00:00+00:00,0.0,0.0,0.0,32.4,15.91,3.19,0.0,93.31
2020-07-14 21:00:00+00:00,0.0,0.0,0.0,31.52,18.36,3.24,0.0,93.28
2020-07-14 22:00:00+00:00,0.0,0.0,0.0,30.83,20.73,3.29,0.0,93.26
2020-07-14 23:00:00+00:00,0.0,0.0,0.0,30.23,22.73,3.31,0.0,93.27
2020-07-15 00:00:00+00:00,0.0,0.0,0.0,29.71,24.07,3.28,0.0,93.29
2020-07-15 01:00:00+00:00,0.0,0.0,0.0,29.24,24.96,3.26,0.0,93.34
2020-07-15 02:00:00+00:00,19.55,4.15,19.75,29.55,24.39,3.29,0.0,93.4
2020-07-15 03:00:00+00:00,176.07,237.06,105.18,32.13,20.63,4.81,0.0,93.46
2020-07-15 04:00:00+00:00,389.73,411.08,174.89,34.85,17.17,4.81,0.0,93.51
2020-07-15 05:00:00+00:00,615.92,550.76,224.1,38.97,13.27,5.02,0.0,93.53
2020-07-15 06:00:00+00:00,804.55,646.43,250.49,41.67,11.1,4.89,0.0,93.52
2020-07-15 07:00:00+00:00,944.78,698.38,246.45,43.35,9.89,4.64,0.0,93.46
2020-07-15 08:00:00+00:00,986.78,638.64,272.12,44.46,9.09,4.4,0.0,93.38
2020-07-15 09:00:00+00:00,987.9,611.53,307.7,45.08,8.6,3.92,0.0,93.29
2020-07-15 10:00:00+00:00,886.92,508.36,364.31,45.33,8.34,3.32,0.0,93.23
2020-07-15 11:00:00+00:00,721.95,413.32,333.08,45.24,8.33,2.78,0.0,93.18
2020-07-15 12:00:00+00:00,494.52,273.28,270.63,44.83,8.48,2.3,0.0,93.15
2020-07-15 13:00:00+00:00,289.88,166.73,197.87,44.12,8.73,1.85,0.0,93.14
2020-07-15 14:00:00+00:00,127.07,45.36,115.29,42.86,9.27,1.09,0.0,93.16
2020-07-15 15:00:00+00:00,14.65,0.6,16.94,41.14,10.11,0.44,0.0,93.19
2020-07-15 16:00:00+00:00,0.0,0.0,0.0,40.05,10.7,0.55,0.0,93.23
2020-07-15 17:00:00+00:00,0.0,0.0,0.0,38.89,11.43,1.05,0.0,93.26
2020-07-15 18:00:00+00:00,0.0,0.0,0.0,37.32,12.56,1.62,0.0,93.27
2020-07-15 19:00:00+00:00,0.0,0.0,0.0,35.64,13.89,2.11,0.0,93.23
2020-07-15 20:00:00+00:00,0.0,0.0,0.0,34.31,15.05,2.34,0.0,93.17
2020-07-15 21:00:00+00:00,0.0,0.0,0.0,33.25,16.01,2.38,0.0,93.11
2020-07-15 22:00:00+00:00,0.0,0.0,0.0,32.29,16.95,2.35,0.0,93.07
2020-07-15 23:00:00+00:00,0.0,0.0,0.0,31.33,17.96,2.3,0.0,93.05
2020-07-16 00:00:00+00:00,0.0,0.0,0.0,30.49,18.95,2.29,0.0,93.07
2020-07-16 01:00:00+00:00,0.0,0.0,0.0,29.89,19.87,2.26,0.0,93.11
2020-07-16 02:00:00+00:00,16.88,0.48,20.15,29.96,20.29,2.24,0.0,93.17
2020-07-16 03:00:00+00:00,144.62,72.64,118.74,32.38,18.49,3.14,0.0,93.24
2020-07-16 04:00:00+00:00,330.5,208.11,207.52,35.06,16.72,4.2,0.0,93.29
2020-07-16 05:00:00+00:00,548.12,346.01,271.5,37.91,14.56,5.52,0.0,93.33
2020-07-16 06:00:00+00:00,752.9,464.78,324.7,40.11,12.9,6.07,0.0,93.32
2020-07-16 07:00:00+00:00,915.38,567.41,314.45,41.75,11.67,5.9,0.0,93.28
2020-07-16 08:00:00+00:00,979.85,611.88,269.75,42.94,10.77,5.31,0.0,93.21
2020-07-16 09:00:00+00:00,979.55,611.42,269.79,43.71,10.07,4.68,0.0,93.14
2020-07-16 10:00:00+00:00,909.97,548.58,323.15,44.08,9.65,4.46,0.0,93.07
2020-07-16 11:00:00+00:00,767.2,483.79,313.12,44.06,9.42,4.61,0.0,93.03
2020-07-16 12:00:00+00:00,571.38,394.62,263.05,43.67,9.4,4.98,0.0,92.99
2020-07-16 13:00:00+00:00,344.45,244.57,211.1,42.84,9.53,5.37,0.0,92.97
2020-07-16 14:00:00+00:00,143.35,74.0,111.36,41.41,10.02,4.88,0.0,92.99
2020-07-16 15:00:00+00:00,16.48,0.39,18.11,37.87,11.95,3.59,0.0,93.03
2020-07-16 16:00:00+00:00,0.0,0.0,0.0,36.34,12.98,4.18,0.0,93.1
2020-07-16 17:00:00+00:00,0.0,0.0,0.0,35.48,13.61,4.76,0.0,93.16
2020-07-16 18:00:00+00:00,0.0,0.0,0.0,34.53,14.41,4.85,0.0,93.21
2020-07-16 19:00:00+00:00,0.0,0.0,0.0,33.55,15.3,4.46,0.0,93.22
2020-07-16 20:00:00+00:00,0.0,0.0,0.0,32.69,16.21,4.23,0.0,93.21
2020-07-16 21:00:00+00:00,0.0,0.0,0.0,31.86,17.14,4.03,0.0,93.2
2020-07-16 22:00:00+00:00,0.0,0.0,0.0,31.14,17.96,3.67,0.0,93.2
2020-07-16 23:00:00+00:00,0.0,0.0,0.0,30.48,18.48,3.27,0.0,93.22
2020-07-17 00:00:00+00:00,0.0,0.0,0.0,29.92,18.7,3.07,0.0,93.24
2020-07-17 01:00:00+00:00,0.0,0.0,0.0,29.44,18.54,3.01,0.0,93.28
2020-07-17 02:00:00+00:00,14.95,0.0,17.97,29.39,17.73,2.98,0.0,93.31
2020-07-17 03:00:00+00:00,125.2,24.21,110.72,31.89,14.55,4.27,0.0,93.34
2020-07-17 04:00:00+00:00,298.92,131.49,196.04,34.4,11.99,4.27,0.0,93.36
2020-07-17 05:00:00+00:00,520.53,237.82,316.0,38.86,8.96,4.93,0.0,93.35
2020-07-17 06:00:00+00:00,717.05,327.66,395.89,40.99,8.1,4.6,0.0,93.32
2020-07-17 07:00:00+00:00,861.15,396.64,390.73,42.26,7.62,4.2,0.0,93.27
2020-07-17 08:00:00+00:00,1046.0,917.43,140.61,43.24,7.2,4.14,0.0,93.2
2020-07-17 09:00:00+00:00,1044.88,923.34,136.51,43.91,6.87,4.4,0.0,93.13
2020-07-17 10:00:00+00:00,975.35,860.15,158.31,44.25,6.65,5.0,0.0,93.08
2020-07-17 11:00:00+00:00,840.9,819.28,159.62,44.21,6.53,5.86,0.0,93.03
2020-07-17 12:00:00+00:00,652.7,745.84,146.77,43.82,6.53,6.63,0.0,93.0
2020-07-17 13:00:00+00:00,428.3,625.43,125.26,43.0,6.72,6.98,0.0,92.98
2020-07-17 14:00:00+00:00,198.07,423.31,81.74,41.46,7.35,5.79,0.0,92.99
2020-07-17 15:00:00+00:00,21.4,32.29,19.64,37.55,9.31,3.86,0.0,93.04
2020-07-17 16:00:00+00:00,0.0,0.0,0.0,36.03,10.55,4.23,0.0,93.1
2020-07-17 17:00:00+00:00,0.0,0.0,0.0,35.22,11.41,4.77,0.0,93.17
2020-07-17 18:00:00+00:00,0.0,0.0,0.0,34.22,12.29,5.03,0.0,93.24
2020-07-17 19:00:00+00:00,0.0,0.0,0.0,33.13,13.06,5.0,0.0,93.25
2020-07-17 20:00:00+00:00,0.0,0.0,0.0,32.1,13.71,5.0,0.0,93.24
2020-07-17 21:00:00+00:00,0.0,0.0,0.0,31.43,13.98,5.18,0.0,93.2
2020-07-17 22:00:00+00:00,0.0,0.0,0.0,30.96,14.02,5.46,0.0,93.16
2020-07-17 23:00:00+00:00,0.0,0.0,0.0,30.46,13.98,5.6,0.0,93.15
2020-07-18 00:00:00+00:00,0.0,0.0,0.0,29.81,13.94,5.41,0.0,93.17
2020-07-18 01:00:00+00:00,0.0,0.0,0.0,29.21,13.78,5.08,0.0,93.21
2020-07-18 02:00:00+00:00,18.27,6.63,18.98,29.27,13.23,4.99,0.0,93.26
2020-07-18 03:00:00+00:00,174.6,249.22,100.87,32.11,11.07,6.47,0.0,93.31
2020-07-18 04:00:00+00:00,398.8,471.46,160.16,35.59,9.06,6.63,0.0,93.34
2020-07-18 05:00:00+00:00,628.03,614.26,200.18,39.57,6.54,8.8,0.0,93.33
2020-07-18 06:00:00+00:00,820.12,701.7,220.45,41.32,5.86,9.94,0.0,93.31
2020-07-18 07:00:00+00:00,959.92,750.1,232.24,42.39,5.73,10.0,0.0,93.26
2020-07-18 08:00:00+00:00,989.0,655.05,275.64,43.06,5.55,9.53,0.0,93.21
2020-07-18 09:00:00+00:00,985.6,625.27,303.29,43.52,5.33,9.04,0.0,93.14
2020-07-18 10:00:00+00:00,908.17,605.67,320.05,43.75,5.2,8.62,0.0,93.09
2020-07-18 11:00:00+00:00,769.97,500.01,325.15,43.67,5.27,8.17,0.0,93.05
2020-07-18 12:00:00+00:00,543.28,331.81,284.45,43.17,5.58,7.64,0.0,93.03
2020-07-18 13:00:00+00:00,339.88,216.78,226.35,42.24,6.1,6.98,0.0,93.02
2020-07-18 14:00:00+00:00,151.43,101.99,117.56,40.39,7.01,4.85,0.0,93.04
2020-07-18 15:00:00+00:00,17.8,1.19,20.44,36.85,8.79,3.25,0.0,93.08
2020-07-18 16:00:00+00:00,0.0,0.0,0.0,35.32,9.93,3.28,0.0,93.13
2020-07-18 17:00:00+00:00,0.0,0.0,0.0,34.37,10.89,3.26,0.0,93.19
2020-07-18 18:00:00+00:00,0.0,0.0,0.0,33.52,11.82,3.19,0.0,93.23
2020-07-18 19:00:00+00:00,0.0,0.0,0.0,32.73,12.69,3.05,0.0,93.23
2020-07-18 20:00:00+00:00,0.0,0.0,0.0,32.0,13.5,2.91,0.0,93.2
2020-07-18 21:00:00+00:00,0.0,0.0,0.0,31.39,14.23,2.63,0.0,93.16
2020-07-18 22:00:00+00:00,0.0,0.0,0.0,31.05,14.8,2.23,0.0,93.13
2020-07-18 23:00:00+00:00,0.0,0.0,0.0,31.01,15.17,1.84,0.0,93.13
2020-07-19 00:00:00+00:00,0.0,0.0,0.0,31.05,15.43,1.55,0.0,93.14
2020-07-19 01:00:00+00:00,0.0,0.0,0.0,30.95,15.86,1.3,0.0,93.17
2020-07-19 02:00:00+00:00,14.02,0.45,16.76,30.75,16.35,1.16,0.0,93.22
2020-07-19 03:00:00+00:00,129.35,77.47,104.38,32.15,15.45,1.43,0.0,93.27
2020-07-19 04:00:00+00:00,306.25,208.2,199.06,34.58,13.98,1.95,0.0,93.31
2020-07-19 05:00:00+00:00,483.15,277.73,258.85,38.97,11.7,2.83,0.0,93.32
2020-07-19 06:00:00+00:00,582.92,236.78,341.06,41.04,10.58,3.53,0.0,93.31
2020-07-19 07:00:00+00:00,770.12,297.38,417.51,42.44,9.64,3.89,0.0,93.28
2020-07-19 08:00:00+00:00,936.75,502.56,351.44,43.5,9.02,4.33,0.0,93.23
2020-07-19 09:00:00+00:00,964.45,631.21,283.13,44.21,8.88,5.12,0.0,93.18
2020-07-19 10:00:00+00:00,912.78,579.81,330.14,44.49,9.33,6.25,0.0,93.15
2020-07-19 11:00:00+00:00,767.33,513.48,296.66,43.83,10.49,7.43,0.0,93.14
2020-07-19 12:00:00+00:00,551.15,402.14,246.56,42.97,12.0,7.97,0.0,93.14
2020-07-19 13:00:00+00:00,345.38,281.96,204.48,42.15,13.55,7.5,0.0,93.16
2020-07-19 14:00:00+00:00,150.07,115.06,115.13,40.89,15.37,6.57,0.0,93.2
2020-07-19 15:00:00+00:00,16.5,1.19,19.01,38.7,17.93,4.48,0.0,93.26
2020-07-19 16:00:00+00:00,0.0,0.0,0.0,37.14,19.95,3.42,0.0,93.31
2020-07-19 17:00:00+00:00,0.0,0.0,0.0,35.78,21.73,2.42,0.0,93.36
2020-07-19 18:00:00+00:00,0.0,0.0,0.0,34.66,23.09,2.02,0.0,93.38
2020-07-19 19:00:00+00:00,0.0,0.0,0.0,33.87,23.9,1.93,0.0,93.37
2020-07-19 20:00:00+00:00,0.0,0.0,0.0,33.18,24.54,2.08,0.0,93.34
2020-07-19 21:00:00+00:00,0.0,0.0,0.0,32.47,25.19,2.34,0.0,93.29
2020-07-19 22:00:00+00:00,0.0,0.0,0.0,32.01,25.53,2.57,0.0,93.25
2020-07-19 23:00:00+00:00,0.0,0.0,0.0,31.6,25.9,2.79,0.0,93.23
2020-07-20 00:00:00+00:00,0.0,0.0,0.0,31.22,26.31,2.95,0.0,93.23
2020-07-20 01:00:00+00:00,0.0,0.0,0.0,30.83,26.87,2.97,0.0,93.26
2020-07-20 02:00:00+00:00,15.65,0.4,17.93,30.97,26.74,2.68,0.0,93.32
2020-07-20 03:00:00+00:00,144.57,94.43,115.18,33.61,23.17,3.41,0.0,93.38
2020-07-20 04:00:00+00:00,342.52,276.66,192.34,36.36,20.47,2.96,0.0,93.41
2020-07-20 05:00:00+00:00,562.62,414.35,259.17,40.13,17.26,4.22,0.0,93.4
2020-07-20 06:00:00+00:00,756.97,507.42,301.89,42.36,14.86,5.14,0.0,93.38
2020-07-20 07:00:00+00:00,896.0,584.12,323.18,44.05,12.87,5.7,0.0,93.34
2020-07-20 08:00:00+00:00,941.12,514.75,348.18,45.35,11.28,6.07,0.0,93.27
2020-07-20 09:00:00+00:00,945.17,527.91,308.94,46.18,10.19,6.44,0.0,93.19
2020-07-20 10:00:00+00:00,871.62,446.57,386.32,46.52,9.6,6.92,0.0,93.11
2020-07-20 11:00:00+00:00,725.92,376.59,355.41,46.45,9.33,7.56,0.0,93.06
2020-07-20 12:00:00+00:00,526.15,270.71,291.01,45.95,9.29,8.24,0.0,93.03
2020-07-20 13:00:00+00:00,308.4,136.69,229.93,44.95,9.47,8.69,0.0,93.02
2020-07-20 14:00:00+00:00,128.12,28.32,110.61,43.41,9.93,7.91,0.0,93.04
2020-07-20 15:00:00+00:00,14.9,0.0,18.93,40.55,11.28,5.47,0.0,93.09
2020-07-20 16:00:00+00:00,0.0,0.0,0.0,38.52,12.34,4.62,0.0,93.14
2020-07-20 17:00:00+00:00,0.0,0.0,0.0,37.41,12.88,4.6,0.0,93.2
2020-07-20 18:00:00+00:00,0.0,0.0,0.0,36.55,13.26,4.66,0.0,93.24
2020-07-20 19:00:00+00:00,0.0,0.0,0.0,35.92,13.4,4.87,0.0,93.23
2020-07-20 20:00:00+00:00,0.0,0.0,0.0,35.37,13.16,5.25,0.0,93.21
2020-07-20 21:00:00+00:00,0.0,0.0,0.0,34.81,12.61,5.7,0.0,93.18
2020-07-20 22:00:00+00:00,0.0,0.0,0.0,34.2,11.93,5.96,0.0,93.15
2020-07-20 23:00:00+00:00,0.0,0.0,0.0,33.61,11.5,5.92,0.0,93.15
2020-07-21 00:00:00+00:00,0.0,0.0,0.0,32.84,11.62,5.52,0.0,93.17
2020-07-21 01:00:00+00:00,0.0,0.0,0.0,32.19,11.96,5.12,0.0,93.21
2020-07-21 02:00:00+00:00,13.02,0.0,15.88,32.26,11.98,5.22,0.0,93.25
2020-07-21 03:00:00+00:00,131.8,54.21,116.57,33.74,11.15,6.03,0.0,93.29
2020-07-21 04:00:00+00:00,318.3,225.34,212.32,35.81,10.1,6.25,0.0,93.32
2020-07-21 05:00:00+00:00,546.08,373.27,272.9,38.85,9.16,8.95,0.0,93.33
2020-07-21 06:00:00+00:00,783.38,528.23,314.5,41.05,8.7,9.23,0.0,93.29
2020-07-21 07:00:00+00:00,941.55,637.95,309.1,43.02,7.84,9.14,0.0,93.22
2020-07-21 08:00:00+00:00,1004.33,680.64,247.13,44.42,6.96,9.44,0.0,93.13
2020-07-21 09:00:00+00:00,1005.65,668.01,254.84,45.22,6.37,10.05,0.0,93.04
2020-07-21 10:00:00+00:00,912.9,584.89,322.63,45.4,6.0,10.53,0.0,92.97
2020-07-21 11:00:00+00:00,778.12,541.1,314.35,45.13,5.79,10.55,0.0,92.92
2020-07-21 12:00:00+00:00,569.15,405.79,272.79,44.51,5.7,10.29,0.0,92.9
2020-07-21 13:00:00+00:00,337.75,196.79,237.16,43.49,5.83,9.89,0.0,92.9
2020-07-21 14:00:00+00:00,140.8,47.23,128.99,41.87,6.25,8.47,0.0,92.94
2020-07-21 15:00:00+00:00,15.95,0.0,18.77,38.84,7.35,5.96,0.0,92.99
2020-07-21 16:00:00+00:00,0.0,0.0,0.0,36.76,8.26,5.17,0.0,93.04
2020-07-21 17:00:00+00:00,0.0,0.0,0.0,35.42,8.94,4.83,0.0,93.09
2020-07-21 18:00:00+00:00,0.0,0.0,0.0,34.31,9.51,4.63,0.0,93.1
2020-07-21 19:00:00+00:00,0.0,0.0,0.0,33.39,9.98,4.55,0.0,93.08
2020-07-21 20:00:00+00:00,0.0,0.0,0.0,32.57,10.48,4.48,0.0,93.05
2020-07-21 21:00:00+00:00,0.0,0.0,0.0,31.68,11.01,4.3,0.0,93.0
2020-07-21 22:00:00+00:00,0.0,0.0,0.0,30.88,11.59,4.2,0.0,92.96
2020-07-21 23:00:00+00:00,0.0,0.0,0.0,30.41,12.07,4.47,0.0,92.95
2020-07-22 00:00:00+00:00,0.0,0.0,0.0,30.3,12.5,5.14,0.0,92.96
2020-07-22 01:00:00+00:00,0.0,0.0,0.0,30.38,13.06,5.63,0.0,92.99
2020-07-22 02:00:00+00:00,13.35,0.0,16.45,30.51,13.78,5.26,0.0,93.01
2020-07-22 03:00:00+00:00,137.32,80.05,113.06,32.43,12.97,6.07,0.0,93.04
2020-07-22 04:00:00+00:00,343.65,276.64,198.8,34.68,11.77,5.47,0.0,93.06
2020-07-22 05:00:00+00:00,586.35,468.36,242.46,38.04,9.59,4.6,0.0,93.07
2020-07-22 06:00:00+00:00,764.24,521.7,289.84,41.28,7.63,3.61,0.0,93.06
2020-07-22 07:00:00+00:00,952.08,682.27,269.31,42.87,6.96,3.43,0.0,93.02
2020-07-22 08:00:00+00:00,980.35,576.76,290.18,43.96,6.66,3.58,0.0,92.96
2020-07-22 09:00:00+00:00,978.2,572.15,291.25,44.66,6.62,3.9,0.0,92.89
2020-07-22 10:00:00+00:00,900.97,492.05,355.72,45.01,6.79,4.3,0.0,92.83
2020-07-22 11:00:00+00:00,751.58,437.43,343.0,44.98,7.26,4.69,0.0,92.78
2020-07-22 12:00:00+00:00,551.0,348.56,268.0,44.5,8.11,5.04,0.0,92.76
2020-07-22 13:00:00+00:00,327.27,205.9,214.14,43.58,9.35,5.37,0.0,92.76
2020-07-22 14:00:00+00:00,135.25,58.36,112.19,42.01,11.26,4.92,0.0,92.79
2020-07-22 15:00:00+00:00,14.95,0.0,18.57,38.88,14.96,3.7,0.0,92.85
2020-07-22 16:00:00+00:00,0.0,0.0,0.0,37.62,17.94,4.13,0.0,92.92
2020-07-22 17:00:00+00:00,0.0,0.0,0.0,36.86,20.44,4.36,0.0,92.99
2020-07-22 18:00:00+00:00,0.0,0.0,0.0,35.99,22.72,4.29,0.0,93.03
2020-07-22 19:00:00+00:00,0.0,0.0,0.0,35.0,24.81,4.19,0.0,93.03
2020-07-22 20:00:00+00:00,0.0,0.0,0.0,34.13,26.67,4.36,0.0,93.02
2020-07-22 21:00:00+00:00,0.0,0.0,0.0,33.39,28.88,4.44,0.01,93.0
2020-07-22 22:00:00+00:00,0.0,0.0,0.0,32.55,32.11,3.99,0.01,93.01
2020-07-22 23:00:00+00:00,0.0,0.0,0.0,31.97,35.55,3.57,0.01,93.03
2020-07-23 00:00:00+00:00,0.0,0.0,0.0,31.38,39.4,3.28,0.0,93.07
2020-07-23 01:00:00+00:00,0.0,0.0,0.0,30.84,43.24,3.2,0.0,93.12
2020-07-23 02:00:00+00:00,14.18,0.42,14.83,30.67,46.19,3.94,0.0,93.18
2020-07-23 03:00:00+00:00,136.82,75.61,105.99,31.74,45.63,5.46,0.0,93.24
2020-07-23 04:00:00+00:00,327.75,227.47,197.9,33.91,39.71,6.38,0.0,93.27
2020-07-23 05:00:00+00:00,538.83,348.24,266.58,36.65,31.03,6.75,0.0,93.28
2020-07-23 06:00:00+00:00,731.15,433.29,318.94,39.3,24.63,6.53,0.0,93.26
2020-07-23 07:00:00+00:00,867.8,484.07,363.61,41.25,21.04,5.74,0.0,93.23
2020-07-23 08:00:00+00:00,911.58,488.31,326.4,42.54,18.98,4.78,0.0,93.17
2020-07-23 09:00:00+00:00,875.05,440.62,340.24,43.33,17.71,4.08,0.0,93.1
2020-07-23 10:00:00+00:00,592.15,262.86,312.28,43.7,16.92,3.78,0.0,93.04
2020-07-23 11:00:00+00:00,503.77,203.03,277.78,43.66,16.52,3.78,0.0,93.0
2020-07-23 12:00:00+00:00,324.35,81.15,220.26,43.13,16.74,4.06,0.02,92.99
2020-07-23 13:00:00+00:00,191.05,53.35,152.45,42.21,17.57,4.49,0.01,93.0
2020-07-23 14:00:00+00:00,91.2,19.75,83.81,41.02,19.05,4.82,0.01,93.04
2020-07-23 15:00:00+00:00,11.0,0.0,13.44,39.45,21.24,4.48,0.0,93.1
2020-07-23 16:00:00+00:00,0.0,0.0,0.0,38.39,22.92,5.49,0.0,93.17
2020-07-23 17:00:00+00:00,0.0,0.0,0.0,37.41,24.56,6.01,0.0,93.24
2020-07-23 18:00:00+00:00,0.0,0.0,0.0,36.36,26.43,5.77,0.0,93.29
2020-07-23 19:00:00+00:00,0.0,0.0,0.0,35.27,28.38,4.91,0.0,93.3
2020-07-23 20:00:00+00:00,0.0,0.0,0.0,34.22,30.07,3.92,0.0,93.28
2020-07-23 21:00:00+00:00,0.0,0.0,0.0,33.25,31.44,2.96,0.0,93.25
2020-07-23 22:00:00+00:00,0.0,0.0,0.0,32.5,32.28,2.6,0.0,93.23
2020-07-23 23:00:00+00:00,0.0,0.0,0.0,31.84,32.94,2.4,0.0,93.24
2020-07-24 00:00:00+00:00,0.0,0.0,0.0,31.31,33.54,2.37,0.0,93.28
2020-07-24 01:00:00+00:00,0.0,0.0,0.0,30.88,34.05,2.41,0.0,93.32
2020-07-24 02:00:00+00:00,13.9,0.0,17.16,30.92,33.8,2.56,0.0,93.37
2020-07-24 03:00:00+00:00,136.02,51.72,118.98,32.59,30.76,3.74,0.0,93.42
2020-07-24 04:00:00+00:00,321.6,204.92,215.27,35.03,27.67,4.21,0.0,93.45
2020-07-24 05:00:00+00:00,546.38,396.46,259.85,37.75,22.6,3.42,0.0,93.47
2020-07-24 06:00:00+00:00,751.7,486.71,307.4,39.82,18.49,2.54,0.0,93.45
2020-07-24 07:00:00+00:00,898.2,561.79,332.69,41.49,15.48,2.7,0.0,93.41
2020-07-24 08:00:00+00:00,978.9,657.84,289.15,42.82,13.25,3.23,0.0,93.35
2020-07-24 09:00:00+00:00,981.25,638.3,293.61,43.6,11.83,3.63,0.0,93.3
2020-07-24 10:00:00+00:00,912.38,587.76,317.68,43.92,11.09,3.92,0.0,93.24
2020-07-24 11:00:00+00:00,772.1,527.37,289.95,43.85,10.88,4.1,0.0,93.19
2020-07-24 12:00:00+00:00,577.55,432.23,249.53,43.44,11.07,4.24,0.0,93.15
2020-07-24 13:00:00+00:00,352.77,284.71,195.12,42.65,11.73,4.39,0.0,93.14
2020-07-24 14:00:00+00:00,149.62,113.03,106.91,41.38,12.95,4.26,0.0,93.15
2020-07-24 15:00:00+00:00,15.02,0.44,15.06,38.2,16.06,3.01,0.0,93.19
2020-07-24 16:00:00+00:00,0.0,0.0,0.0,36.89,17.93,3.58,0.0,93.25
2020-07-24 17:00:00+00:00,0.0,0.0,0.0,36.1,18.95,4.14,0.0,93.32
2020-07-24 18:00:00+00:00,0.0,0.0,0.0,35.1,19.93,4.3,0.0,93.36
2020-07-24 19:00:00+00:00,0.0,0.0,0.0,34.06,21.06,3.93,0.0,93.37
2020-07-24 20:00:00+00:00,0.0,0.0,0.0,33.16,22.55,3.47,0.0,93.34
2020-07-24 21:00:00+00:00,0.0,0.0,0.0,32.37,24.69,3.21,0.0,93.3
2020-07-24 22:00:00+00:00,0.0,0.0,0.0,31.64,27.61,3.13,0.0,93.28
2020-07-24 23:00:00+00:00,0.0,0.0,0.0,31.02,30.97,3.14,0.0,93.29
2020-07-25 00:00:00+00:00,0.0,0.0,0.0,30.48,34.5,3.15,0.0,93.33
2020-07-25 01:00:00+00:00,0.0,0.0,0.0,30.04,37.77,3.01,0.0,93.38
2020-07-25 02:00:00+00:00,13.45,0.0,16.25,30.08,39.45,2.89,0.0,93.44
2020-07-25 03:00:00+00:00,131.32,43.65,111.91,31.84,36.62,3.83,0.0,93.51
2020-07-25 04:00:00+00:00,319.92,189.83,202.19,34.88,30.29,4.11,0.0,93.55
2020-07-25 05:00:00+00:00,543.22,321.97,292.14,37.46,24.9,3.81,0.0,93.57
2020-07-25 06:00:00+00:00,745.15,436.32,336.88,39.33,21.7,4.06,0.0,93.56
2020-07-25 07:00:00+00:00,880.25,464.68,393.26,40.84,19.11,4.65,0.0,93.53
2020-07-25 08:00:00+00:00,913.4,485.66,339.56,42.03,17.12,5.18,0.0,93.47
2020-07-25 09:00:00+00:00,920.12,460.36,382.64,42.82,16.1,5.43,0.0,93.39
2020-07-25 10:00:00+00:00,874.83,456.61,374.61,43.2,15.75,5.45,0.0,93.32
2020-07-25 11:00:00+00:00,727.12,377.14,364.91,43.21,15.57,5.46,0.0,93.28
2020-07-25 12:00:00+00:00,528.88,277.31,307.25,42.81,15.51,5.55,0.0,93.25
2020-07-25 13:00:00+00:00,307.77,153.53,202.58,42.0,15.64,5.67,0.0,93.25
2020-07-25 14:00:00+00:00,124.9,30.98,109.22,40.71,16.4,5.61,0.0,93.27
2020-07-25 15:00:00+00:00,12.93,0.0,14.9,38.14,18.92,3.9,0.0,93.33
2020-07-25 16:00:00+00:00,0.0,0.0,0.0,36.69,21.21,4.18,0.0,93.39
2020-07-25 17:00:00+00:00,0.0,0.0,0.0,36.01,23.35,4.76,0.0,93.45
2020-07-25 18:00:00+00:00,0.0,0.0,0.0,35.15,25.64,4.96,0.0,93.48
2020-07-25 19:00:00+00:00,0.0,0.0,0.0,34.33,27.3,5.0,0.0,93.49
2020-07-25 20:00:00+00:00,0.0,0.0,0.0,33.5,29.02,4.85,0.0,93.47
2020-07-25 21:00:00+00:00,0.0,0.0,0.0,32.71,31.38,4.64,0.0,93.46
2020-07-25 22:00:00+00:00,0.0,0.0,0.0,32.06,34.22,4.58,0.0,93.44
2020-07-25 23:00:00+00:00,0.0,0.0,0.0,31.48,37.01,4.57,0.0,93.46
2020-07-26 00:00:00+00:00,0.0,0.0,0.0,30.96,39.29,4.34,0.0,93.51
2020-07-26 01:00:00+00:00,0.0,0.0,0.0,30.44,40.97,3.93,0.0,93.55
2020-07-26 02:00:00+00:00,12.77,0.0,13.36,30.32,41.31,3.89,0.0,93.6
2020-07-26 03:00:00+00:00,133.9,55.32,105.57,31.92,37.54,4.76,0.0,93.65
2020-07-26 04:00:00+00:00,334.27,232.12,198.93,34.85,30.95,5.07,0.0,93.68
2020-07-26 05:00:00+00:00,562.0,397.95,252.08,37.25,26.83,4.79,0.0,93.7
2020-07-26 06:00:00+00:00,762.83,519.26,292.29,38.87,24.3,4.67,0.0,93.69
2020-07-26 07:00:00+00:00,908.08,594.81,304.36,40.11,22.01,4.96,0.0,93.66
2020-07-26 08:00:00+00:00,1019.47,939.27,113.27,40.99,20.33,5.37,0.0,93.61
2020-07-26 09:00:00+00:00,1018.75,937.62,113.46,41.59,19.07,5.59,0.0,93.56
2020-07-26 10:00:00+00:00,947.9,841.84,155.47,42.08,17.82,5.6,0.0,93.51
2020-07-26 11:00:00+00:00,814.45,778.76,167.67,42.27,16.83,5.56,0.0,93.47
2020-07-26 12:00:00+00:00,624.65,699.47,148.73,42.01,16.41,5.53,0.0,93.45
2020-07-26 13:00:00+00:00,394.58,524.2,142.98,41.31,16.46,5.56,0.0,93.45
2020-07-26 14:00:00+00:00,167.38,249.1,100.41,40.17,16.99,5.36,0.0,93.47
2020-07-26 15:00:00+00:00,15.38,4.32,19.02,37.47,19.31,3.37,0.0,93.51
2020-07-26 16:00:00+00:00,0.0,0.0,0.0,35.9,20.75,3.34,0.0,93.57
2020-07-26 17:00:00+00:00,0.0,0.0,0.0,34.98,21.58,3.33,0.0,93.62
2020-07-26 18:00:00+00:00,0.0,0.0,0.0,34.13,22.6,3.18,0.0,93.65
2020-07-26 19:00:00+00:00,0.0,0.0,0.0,33.25,23.91,3.0,0.0,93.64
2020-07-26 20:00:00+00:00,0.0,0.0,0.0,32.49,25.28,2.94,0.0,93.62
2020-07-26 21:00:00+00:00,0.0,0.0,0.0,31.98,26.49,3.16,0.0,93.61
2020-07-26 22:00:00+00:00,0.0,0.0,0.0,31.45,27.81,3.51,0.0,93.61
2020-07-26 23:00:00+00:00,0.0,0.0,0.0,30.84,29.6,3.33,0.0,93.61
2020-07-27 00:00:00+00:00,0.0,0.0,0.0,30.29,31.51,2.59,0.0,93.61
2020-07-27 01:00:00+00:00,0.0,0.0,0.0,29.98,33.06,2.09,0.0,93.62
2020-07-27 02:00:00+00:00,12.85,0.0,16.73,30.3,32.98,1.71,0.0,93.63
2020-07-27 03:00:00+00:00,127.5,24.75,117.25,32.61,29.03,2.04,0.0,93.67
2020-07-27 04:00:00+00:00,284.75,74.71,235.41,35.65,24.5,2.17,0.0,93.73
2020-07-27 05:00:00+00:00,464.15,118.38,319.25,38.9,19.83,3.36,0.0,93.76
2020-07-27 06:00:00+00:00,722.42,394.6,340.67,40.73,17.48,4.12,0.0,93.74
2020-07-27 07:00:00+00:00,897.33,535.88,348.08,42.15,15.92,4.66,0.0,93.69
2020-07-27 08:00:00+00:00,935.3,473.77,319.92,43.22,14.8,5.02,0.0,93.62
2020-07-27 09:00:00+00:00,947.72,496.86,328.99,43.93,14.07,5.09,0.0,93.54
2020-07-27 10:00:00+00:00,859.83,435.58,383.97,44.23,13.67,5.05,0.0,93.48
2020-07-27 11:00:00+00:00,713.55,337.85,362.26,44.07,13.58,5.06,0.0,93.43
2020-07-27 12:00:00+00:00,447.88,124.14,307.79,43.57,13.72,5.03,0.0,93.4
2020-07-27 13:00:00+00:00,263.67,48.43,228.3,42.75,14.07,4.93,0.0,93.4
2020-07-27 14:00:00+00:00,111.35,9.03,101.78,41.47,14.87,4.1,0.0,93.41
2020-07-27 15:00:00+00:00,11.9,0.0,14.06,38.47,17.43,2.6,0.0,93.44
2020-07-27 16:00:00+00:00,0.0,0.0,0.0,37.02,18.81,2.47,0.0,93.46
2020-07-27 17:00:00+00:00,0.0,0.0,0.0,36.31,19.44,2.2,0.0,93.49
2020-07-27 18:00:00+00:00,0.0,0.0,0.0,35.76,19.83,1.99,0.0,93.5
2020-07-27 19:00:00+00:00,0.0,0.0,0.0,35.39,20.05,1.68,0.0,93.48
2020-07-27 20:00:00+00:00,0.0,0.0,0.0,35.12,20.21,1.35,0.0,93.44
2020-07-27 21:00:00+00:00,0.0,0.0,0.0,34.91,20.39,1.02,0.0,93.39
2020-07-27 22:00:00+00:00,0.0,0.0,0.0,34.6,20.76,0.77,0.0,93.35
2020-07-27 23:00:00+00:00,0.0,0.0,0.0,34.01,21.48,0.82,0.0,93.34
2020-07-28 00:00:00+00:00,0.0,0.0,0.0,33.16,22.64,1.17,0.0,93.35
2020-07-28 01:00:00+00:00,0.0,0.0,0.0,32.23,23.98,1.6,0.0,93.37
2020-07-28 02:00:00+00:00,12.18,0.0,13.56,31.56,25.08,2.03,0.0,93.4
2020-07-28 03:00:00+00:00,133.1,71.48,101.73,34.04,21.94,2.75,0.0,93.44
2020-07-28 04:00:00+00:00,328.3,222.01,198.04,36.94,18.68,3.0,0.0,93.45
2020-07-28 05:00:00+00:00,552.88,368.94,259.79,40.7,15.7,1.03,0.0,93.46
2020-07-28 06:00:00+00:00,752.95,462.52,330.69,42.64,14.72,2.68,0.0,93.44
2020-07-28 07:00:00+00:00,889.5,512.13,361.25,44.05,13.54,4.08,0.0,93.4
2020-07-28 08:00:00+00:00,1009.72,792.26,205.33,45.03,12.54,5.09,0.0,93.33
2020-07-28 09:00:00+00:00,991.33,718.77,250.11,45.55,11.98,5.63,0.0,93.27
2020-07-28 10:00:00+00:00,912.2,607.41,312.08,45.67,11.87,5.8,0.0,93.22
2020-07-28 11:00:00+00:00,762.55,552.29,276.2,45.48,12.04,5.8,0.0,93.18
2020-07-28 12:00:00+00:00,561.88,434.29,252.57,44.94,12.4,5.7,0.0,93.16
2020-07-28 13:00:00+00:00,350.33,307.87,192.18,44.02,13.04,5.56,0.0,93.16
2020-07-28 14:00:00+00:00,149.95,135.74,110.57,42.68,14.09,4.96,0.0,93.19
2020-07-28 15:00:00+00:00,14.18,0.98,15.55,39.84,16.6,3.19,0.0,93.24
2020-07-28 16:00:00+00:00,0.0,0.0,0.0,38.26,18.37,3.5,0.0,93.3
2020-07-28 17:00:00+00:00,0.0,0.0,0.0,37.05,19.89,3.81,0.0,93.37
2020-07-28 18:00:00+00:00,0.0,0.0,0.0,35.86,21.55,3.96,0.0,93.42
2020-07-28 19:00:00+00:00,0.0,0.0,0.0,34.76,23.3,3.88,0.0,93.43
2020-07-28 20:00:00+00:00,0.0,0.0,0.0,33.84,25.11,3.71,0.0,93.41
2020-07-28 21:00:00+00:00,0.0,0.0,0.0,33.12,26.83,3.62,0.0,93.39
2020-07-28 22:00:00+00:00,0.0,0.0,0.0,32.53,28.4,3.51,0.0,93.36
2020-07-28 23:00:00+00:00,0.0,0.0,0.0,32.03,29.64,3.43,0.0,93.36
2020-07-29 00:00:00+00:00,0.0,0.0,0.0,31.56,30.7,3.34,0.0,93.38
2020-07-29 01:00:00+00:00,0.0,0.0,0.0,31.1,31.72,3.27,0.0,93.4
2020-07-29 02:00:00+00:00,12.18,0.64,15.44,31.1,31.9,3.18,0.0,93.44
2020-07-29 03:00:00+00:00,140.43,101.09,109.32,33.38,28.21,4.34,0.0,93.5
2020-07-29 04:00:00+00:00,337.4,307.28,191.32,36.37,23.99,4.07,0.0,93.53
2020-07-29 05:00:00+00:00,555.05,433.32,235.87,39.55,19.58,3.8,0.0,93.56
2020-07-29 06:00:00+00:00,761.03,562.61,274.31,41.35,17.18,2.73,0.0,93.56
2020-07-29 07:00:00+00:00,928.17,693.91,243.51,42.81,15.31,2.09,0.0,93.52
2020-07-29 08:00:00+00:00,964.38,608.47,263.38,44.01,13.97,2.15,0.0,93.45
2020-07-29 09:00:00+00:00,959.0,583.37,273.85,44.84,13.11,2.56,0.0,93.37
2020-07-29 10:00:00+00:00,885.65,500.31,347.78,45.28,12.47,2.86,0.0,93.32
2020-07-29 11:00:00+00:00,739.22,432.57,325.67,45.32,12.06,3.06,0.0,93.28
2020-07-29 12:00:00+00:00,543.03,340.85,271.97,44.94,11.89,3.19,0.0,93.26
2020-07-29 13:00:00+00:00,324.27,211.96,201.57,44.18,12.01,3.25,0.0,93.25
2020-07-29 14:00:00+00:00,141.93,116.22,103.29,42.88,12.59,2.85,0.0,93.26
2020-07-29 15:00:00+00:00,12.38,0.0,14.16,39.46,15.11,2.33,0.0,93.3
2020-07-29 16:00:00+00:00,0.0,0.0,0.0,37.94,16.57,2.58,0.0,93.35
2020-07-29 17:00:00+00:00,0.0,0.0,0.0,36.9,17.8,2.67,0.0,93.39
2020-07-29 18:00:00+00:00,0.0,0.0,0.0,35.95,19.11,2.67,0.0,93.42
2020-07-29 19:00:00+00:00,0.0,0.0,0.0,35.08,20.44,2.65,0.0,93.41
2020-07-29 20:00:00+00:00,0.0,0.0,0.0,34.23,21.86,2.65,0.0,93.38
2020-07-29 21:00:00+00:00,0.0,0.0,0.0,33.46,23.18,2.79,0.0,93.34
2020-07-29 22:00:00+00:00,0.0,0.0,0.0,32.83,24.27,2.93,0.0,93.3
2020-07-29 23:00:00+00:00,0.0,0.0,0.0,32.28,25.22,3.03,0.0,93.29
2020-07-30 00:00:00+00:00,0.0,0.0,0.0,31.79,26.05,3.09,0.0,93.3
2020-07-30 01:00:00+00:00,0.0,0.0,0.0,31.3,26.86,3.08,0.0,93.33
2020-07-30 02:00:00+00:00,11.75,0.0,12.83,31.23,27.02,2.93,0.0,93.37
2020-07-30 03:00:00+00:00,135.95,93.05,101.26,34.1,23.08,3.7,0.0,93.43
2020-07-30 04:00:00+00:00,334.98,256.7,192.08,36.69,20.07,3.33,0.0,93.47
2020-07-30 05:00:00+00:00,558.35,393.62,262.37,41.57,14.37,2.52,0.0,93.48
2020-07-30 06:00:00+00:00,753.95,482.45,314.67,43.52,12.51,3.29,0.0,93.46
2020-07-30 07:00:00+00:00,899.22,538.38,339.12,44.64,11.56,3.51,0.0,93.41
2020-07-30 08:00:00+00:00,976.4,633.32,281.99,45.58,10.78,3.58,0.0,93.34
2020-07-30 09:00:00+00:00,972.75,632.17,302.57,46.28,10.14,3.8,0.0,93.27
2020-07-30 10:00:00+00:00,898.88,613.55,327.71,46.64,9.67,4.07,0.0,93.2
2020-07-30 11:00:00+00:00,738.65,454.66,318.75,46.64,9.38,4.26,0.0,93.15
2020-07-30 12:00:00+00:00,473.8,196.73,289.3,46.23,9.34,4.38,0.0,93.11
2020-07-30 13:00:00+00:00,301.08,172.54,209.99,45.38,9.54,4.47,0.0,93.09
2020-07-30 14:00:00+00:00,134.6,70.17,108.4,43.67,10.31,3.56,0.0,93.11
2020-07-30 15:00:00+00:00,12.68,0.0,16.0,39.7,12.71,2.95,0.0,93.14
2020-07-30 16:00:00+00:00,0.0,0.0,0.0,38.08,13.85,3.07,0.0,93.18
2020-07-30 17:00:00+00:00,0.0,0.0,0.0,37.0,14.64,2.95,0.0,93.23
2020-07-30 18:00:00+00:00,0.0,0.0,0.0,36.14,15.33,2.67,0.0,93.25
2020-07-30 19:00:00+00:00,0.0,0.0,0.0,35.76,15.67,2.23,0.0,93.24
2020-07-30 20:00:00+00:00,0.0,0.0,0.0,35.78,15.67,1.66,0.0,93.2
2020-07-30 21:00:00+00:00,0.0,0.0,0.0,35.89,15.65,1.06,0.0,93.15
2020-07-30 22:00:00+00:00,0.0,0.0,0.0,35.68,15.98,0.47,0.0,93.12
2020-07-30 23:00:00+00:00,0.0,0.0,0.0,35.27,16.47,0.41,0.0,93.12
2020-07-31 00:00:00+00:00,0.0,0.0,0.0,34.55,17.28,0.93,0.0,93.13
2020-07-31 01:00:00+00:00,0.0,0.0,0.0,33.44,18.53,1.46,0.0,93.16
2020-07-31 02:00:00+00:00,11.95,0.42,14.85,32.26,20.02,2.07,0.0,93.19
2020-07-31 03:00:00+00:00,139.1,111.89,107.25,34.17,18.22,3.13,0.0,93.24
2020-07-31 04:00:00+00:00,346.88,303.23,201.4,36.83,16.03,4.52,0.0,93.28
2020-07-31 05:00:00+00:00,571.7,496.6,242.3,40.99,13.22,5.47,0.0,93.28
2020-07-31 06:00:00+00:00,768.8,607.74,278.83,43.76,11.65,6.27,0.0,93.25
2020-07-31 07:00:00+00:00,909.47,629.13,326.3,45.42,10.79,6.73,0.0,93.19
2020-07-31 08:00:00+00:00,980.9,645.66,284.17,46.6,10.18,7.04,0.0,93.11
2020-07-31 09:00:00+00:00,980.47,614.45,307.91,47.25,9.7,7.25,0.0,93.03
2020-07-31 10:00:00+00:00,885.62,526.45,345.6,47.47,9.32,7.32,0.0,92.97
2020-07-31 11:00:00+00:00,636.88,258.74,359.9,47.3,9.25,7.33,0.0,92.93
2020-07-31 12:00:00+00:00,435.67,201.11,254.9,46.66,9.62,7.27,0.0,92.92
2020-07-31 13:00:00+00:00,264.92,106.44,200.1,45.68,10.3,7.1,0.0,92.92
2020-07-31 14:00:00+00:00,115.72,28.57,103.72,44.03,11.64,5.79,0.0,92.96
2020-07-31 15:00:00+00:00,11.3,0.0,13.86,40.46,14.93,3.95,0.0,93.0
2020-07-31 16:00:00+00:00,0.0,0.0,0.0,38.89,17.22,3.99,0.0,93.06
2020-07-31 17:00:00+00:00,0.0,0.0,0.0,37.85,18.82,3.97,0.0,93.12
2020-07-31 18:00:00+00:00,0.0,0.0,0.0,36.85,19.87,3.76,0.0,93.15
2020-07-31 19:00:00+00:00,0.0,0.0,0.0,35.82,20.6,3.42,0.0,93.14
2020-07-31 20:00:00+00:00,0.0,0.0,0.0,34.83,21.16,3.05,0.0,93.1
2020-07-31 21:00:00+00:00,0.0,0.0,0.0,34.09,21.48,2.75,0.0,93.07
2020-07-31 22:00:00+00:00,0.0,0.0,0.0,33.57,21.65,2.46,0.0,93.04
2020-07-31 23:00:00+00:00,0.0,0.0,0.0,33.41,21.5,2.16,0.0,93.03
2020-08-01 00:00:00+00:00,0.0,0.0,0.0,33.43,21.31,1.91,0.0,93.05
2020-08-01 01:00:00+00:00,0.0,0.0,0.0,33.33,21.29,1.75,0.0,93.08
2020-08-01 02:00:00+00:00,11.15,0.0,14.21,33.19,21.38,1.74,0.0,93.1
2020-08-01 03:00:00+00:00,125.05,56.47,100.37,34.95,19.34,1.71,0.0,93.15
2020-08-01 04:00:00+00:00,314.52,206.6,205.22,37.37,16.94,2.1,0.0,93.2
2020-08-01 05:00:00+00:00,545.8,350.19,275.24,42.0,12.35,1.31,0.0,93.22
2020-08-01 06:00:00+00:00,746.3,452.19,324.0,44.83,9.86,3.45,0.0,93.21
2020-08-01 07:00:00+00:00,896.95,525.17,352.18,46.04,8.95,3.94,0.0,93.17
2020-08-01 08:00:00+00:00,974.15,605.48,284.94,46.82,8.31,4.09,0.0,93.1
2020-08-01 09:00:00+00:00,946.45,517.67,336.26,47.2,7.9,4.15,0.0,93.02
2020-08-01 10:00:00+00:00,864.97,454.33,376.73,47.13,7.77,4.28,0.0,92.97
2020-08-01 11:00:00+00:00,728.35,402.67,339.57,46.61,7.93,4.5,0.0,92.94
2020-08-01 12:00:00+00:00,526.33,306.49,281.39,45.98,8.24,4.7,0.0,92.92
2020-08-01 13:00:00+00:00,304.08,170.76,213.93,45.19,8.68,4.92,0.0,92.92
2020-08-01 14:00:00+00:00,122.6,41.67,109.39,43.45,9.62,3.85,0.0,92.95
2020-08-01 15:00:00+00:00,10.73,0.0,13.65,40.06,11.56,3.34,0.0,92.99
2020-08-01 16:00:00+00:00,0.0,0.0,0.0,38.85,12.37,3.63,0.0,93.05
2020-08-01 17:00:00+00:00,0.0,0.0,0.0,38.13,12.88,3.83,0.0,93.1
2020-08-01 18:00:00+00:00,0.0,0.0,0.0,37.27,13.62,4.04,0.0,93.13
2020-08-01 19:00:00+00:00,0.0,0.0,0.0,36.26,14.84,4.26,0.0,93.12
2020-08-01 20:00:00+00:00,0.0,0.0,0.0,35.4,16.55,4.38,0.0,93.09
2020-08-01 21:00:00+00:00,0.0,0.0,0.0,34.7,18.38,4.25,0.0,93.06
2020-08-01 22:00:00+00:00,0.0,0.0,0.0,33.93,19.97,3.7,0.0,93.05
2020-08-01 23:00:00+00:00,0.0,0.0,0.0,33.08,21.39,3.11,0.0,93.08
2020-08-02 00:00:00+00:00,0.0,0.0,0.0,32.53,22.37,2.87,0.0,93.12
2020-08-02 01:00:00+00:00,0.0,0.0,0.0,32.04,23.23,2.92,0.0,93.17
2020-08-02 02:00:00+00:00,8.62,0.0,10.52,31.94,23.53,2.93,0.0,93.21
2020-08-02 03:00:00+00:00,91.4,6.37,78.92,34.55,20.47,3.77,0.0,93.26
2020-08-02 04:00:00+00:00,222.85,28.52,185.67,37.14,17.83,3.34,0.0,93.29
2020-08-02 05:00:00+00:00,375.48,82.13,262.79,41.96,12.66,2.89,0.0,93.33
2020-08-02 06:00:00+00:00,541.47,205.89,337.58,44.04,10.84,2.39,0.0,93.33
2020-08-02 07:00:00+00:00,795.85,352.95,397.45,45.08,10.14,2.11,0.0,93.29
2020-08-02 08:00:00+00:00,940.15,548.52,323.42,45.79,9.74,2.14,0.0,93.23
2020-08-02 09:00:00+00:00,862.47,486.9,360.78,46.12,9.59,2.19,0.0,93.17
2020-08-02 10:00:00+00:00,864.42,389.4,440.83,46.14,9.66,2.24,0.0,93.11
2020-08-02 11:00:00+00:00,614.42,279.39,344.08,45.86,9.9,2.34,0.0,93.07
2020-08-02 12:00:00+00:00,372.83,131.41,255.88,45.37,10.25,2.22,0.0,93.05
2020-08-02 13:00:00+00:00,228.12,78.83,178.79,44.67,10.72,1.89,0.0,93.05
2020-08-02 14:00:00+00:00,97.57,27.59,86.77,43.37,11.56,1.49,0.0,93.08
2020-08-02 15:00:00+00:00,9.5,0.0,11.65,40.79,13.3,2.15,0.0,93.12
2020-08-02 16:00:00+00:00,0.0,0.0,0.0,38.93,14.7,2.77,0.0,93.17
2020-08-02 17:00:00+00:00,0.0,0.0,0.0,37.74,15.54,2.83,0.0,93.23
2020-08-02 18:00:00+00:00,0.0,0.0,0.0,37.03,15.97,2.57,0.0,93.27
2020-08-02 19:00:00+00:00,0.0,0.0,0.0,36.16,16.6,2.21,0.0,93.27
2020-08-02 20:00:00+00:00,0.0,0.0,0.0,35.15,17.47,2.07,0.0,93.26
2020-08-02 21:00:00+00:00,0.0,0.0,0.0,34.07,18.32,2.34,0.0,93.24
2020-08-02 22:00:00+00:00,0.0,0.0,0.0,33.12,18.97,2.73,0.0,93.22
2020-08-02 23:00:00+00:00,0.0,0.0,0.0,32.4,19.47,3.09,0.0,93.21
2020-08-03 00:00:00+00:00,0.0,0.0,0.0,31.65,20.95,3.4,0.0,93.21
2020-08-03 01:00:00+00:00,0.0,0.0,0.0,30.93,24.35,3.77,0.0,93.23
2020-08-03 02:00:00+00:00,11.7,0.98,12.61,30.72,29.62,4.31,0.0,93.26
2020-08-03 03:00:00+00:00,149.48,189.44,91.14,32.81,31.53,6.34,0.0,93.3
2020-08-03 04:00:00+00:00,365.6,389.29,169.08,35.63,29.48,6.27,0.0,93.34
2020-08-03 05:00:00+00:00,592.95,522.74,223.91,40.98,15.95,7.73,0.0,93.36
2020-08-03 06:00:00+00:00,788.05,596.4,262.2,43.54,10.25,8.12,0.0,93.36
2020-08-03 07:00:00+00:00,928.53,627.89,292.36,44.73,9.1,8.12,0.0,93.32
2020-08-03 08:00:00+00:00,970.8,580.78,283.6,45.5,8.62,8.29,0.0,93.27
2020-08-03 09:00:00+00:00,966.53,566.15,288.99,45.85,8.42,8.41,0.0,93.21
2020-08-03 10:00:00+00:00,885.42,483.9,360.69,45.9,8.3,8.3,0.0,93.15
2020-08-03 11:00:00+00:00,733.2,393.81,356.76,45.7,8.37,8.09,0.0,93.09
2020-08-03 12:00:00+00:00,531.03,298.65,290.7,45.18,8.62,7.89,0.0,93.04
2020-08-03 13:00:00+00:00,311.73,176.57,201.92,44.24,8.93,7.66,0.0,93.02
2020-08-03 14:00:00+00:00,131.82,81.62,97.21,42.58,9.46,6.26,0.0,93.04
2020-08-03 15:00:00+00:00,10.23,0.0,10.94,38.77,11.13,4.14,0.0,93.08
2020-08-03 16:00:00+00:00,0.0,0.0,0.0,36.95,11.72,4.01,0.0,93.14
2020-08-03 17:00:00+00:00,0.0,0.0,0.0,35.63,12.12,3.81,0.0,93.18
2020-08-03 18:00:00+00:00,0.0,0.0,0.0,34.43,12.74,3.56,0.0,93.18
2020-08-03 19:00:00+00:00,0.0,0.0,0.0,33.35,13.53,3.28,0.0,93.16
2020-08-03 20:00:00+00:00,0.0,0.0,0.0,32.3,14.59,2.98,0.0,93.13
2020-08-03 21:00:00+00:00,0.0,0.0,0.0,31.48,15.57,2.65,0.0,93.09
2020-08-03 22:00:00+00:00,0.0,0.0,0.0,30.91,16.31,2.4,0.0,93.06
2020-08-03 23:00:00+00:00,0.0,0.0,0.0,30.42,16.8,2.39,0.0,93.06
2020-08-04 00:00:00+00:00,0.0,0.0,0.0,29.76,17.35,2.73,0.0,93.08
2020-08-04 01:00:00+00:00,0.0,0.0,0.0,29.32,17.87,3.11,0.0,93.12
2020-08-04 02:00:00+00:00,10.05,0.0,11.52,29.3,18.27,3.38,0.0,93.16
2020-08-04 03:00:00+00:00,126.47,54.53,102.33,31.39,16.63,5.06,0.0,93.2
2020-08-04 04:00:00+00:00,324.62,210.67,200.63,33.82,14.63,4.78,0.0,93.23
2020-08-04 05:00:00+00:00,561.95,379.67,277.95,38.87,10.64,6.14,0.0,93.24
2020-08-04 06:00:00+00:00,771.3,509.09,308.2,41.6,9.42,6.79,0.0,93.22
2020-08-04 07:00:00+00:00,922.97,602.48,306.32,42.91,8.62,6.96,0.0,93.18
2020-08-04 08:00:00+00:00,1053.3,998.64,103.67,43.85,7.78,7.34,0.0,93.11
2020-08-04 09:00:00+00:00,1051.93,997.71,103.31,44.44,7.22,7.45,0.0,93.04
2020-08-04 10:00:00+00:00,981.62,918.75,127.13,44.7,6.94,7.3,0.0,92.99
2020-08-04 11:00:00+00:00,841.45,871.4,132.66,44.62,6.84,7.14,0.0,92.94
2020-08-04 12:00:00+00:00,646.4,814.16,115.64,44.16,6.91,7.11,0.0,92.91
2020-08-04 13:00:00+00:00,415.6,696.55,95.26,43.23,7.15,7.06,0.0,92.9
2020-08-04 14:00:00+00:00,180.18,483.12,66.45,41.33,7.86,5.37,0.0,92.93
2020-08-04 15:00:00+00:00,13.4,31.51,13.34,37.18,9.89,3.73,0.0,92.97
2020-08-04 16:00:00+00:00,0.0,0.0,0.0,35.68,10.82,3.69,0.0,93.02
2020-08-04 17:00:00+00:00,0.0,0.0,0.0,34.65,11.52,3.57,0.0,93.07
2020-08-04 18:00:00+00:00,0.0,0.0,0.0,33.5,12.34,3.51,0.0,93.1
2020-08-04 19:00:00+00:00,0.0,0.0,0.0,32.28,13.31,3.54,0.0,93.09
2020-08-04 20:00:00+00:00,0.0,0.0,0.0,31.23,14.15,3.64,0.0,93.05
2020-08-04 21:00:00+00:00,0.0,0.0,0.0,30.38,14.81,3.78,0.0,93.01
2020-08-04 22:00:00+00:00,0.0,0.0,0.0,29.68,15.24,3.88,0.0,92.99
2020-08-04 23:00:00+00:00,0.0,0.0,0.0,29.02,15.49,3.86,0.0,92.99
2020-08-05 00:00:00+00:00,0.0,0.0,0.0,28.4,15.68,3.76,0.0,93.01
2020-08-05 01:00:00+00:00,0.0,0.0,0.0,27.84,15.89,3.7,0.0,93.06
2020-08-05 02:00:00+00:00,12.23,8.29,12.8,27.74,15.87,3.76,0.0,93.11
2020-08-05 03:00:00+00:00,168.85,354.58,80.5,30.53,13.59,5.61,0.0,93.18
2020-08-05 04:00:00+00:00,403.23,582.03,127.67,33.35,11.85,5.77,0.0,93.22
2020-08-05 05:00:00+00:00,635.95,714.78,159.24,38.02,10.0,6.87,0.0,93.25
2020-08-05 06:00:00+00:00,830.7,794.11,176.6,40.1,9.32,6.66,0.0,93.25
2020-08-05 07:00:00+00:00,971.38,843.74,180.63,41.46,8.78,6.39,0.0,93.22
2020-08-05 08:00:00+00:00,1001.15,724.81,245.78,42.46,8.36,6.33,0.0,93.16
2020-08-05 09:00:00+00:00,1005.4,750.79,211.42,43.14,8.03,6.49,0.0,93.1
2020-08-05 10:00:00+00:00,927.0,668.81,262.51,43.5,7.88,6.73,0.0,93.06
2020-08-05 11:00:00+00:00,782.53,587.27,266.77,43.5,7.83,6.96,0.0,93.02
2020-08-05 12:00:00+00:00,576.17,462.39,241.83,43.08,7.81,7.22,0.0,92.99
2020-08-05 13:00:00+00:00,340.55,312.78,187.79,42.2,7.93,7.43,0.0,92.99
2020-08-05 14:00:00+00:00,132.57,117.67,99.46,40.52,8.59,6.5,0.0,93.01
2020-08-05 15:00:00+00:00,9.75,0.57,11.91,36.63,10.78,4.28,0.0,93.05
2020-08-05 16:00:00+00:00,0.0,0.0,0.0,34.91,12.31,4.14,0.0,93.11
2020-08-05 17:00:00+00:00,0.0,0.0,0.0,33.85,13.77,4.13,0.0,93.17
2020-08-05 18:00:00+00:00,0.0,0.0,0.0,32.97,15.07,4.36,0.0,93.2
2020-08-05 19:00:00+00:00,0.0,0.0,0.0,32.15,15.87,4.73,0.0,93.21
2020-08-05 20:00:00+00:00,0.0,0.0,0.0,31.26,16.1,4.83,0.0,93.2
2020-08-05 21:00:00+00:00,0.0,0.0,0.0,30.36,15.75,4.58,0.0,93.18
2020-08-05 22:00:00+00:00,0.0,0.0,0.0,29.67,15.27,4.42,0.0,93.17
2020-08-05 23:00:00+00:00,0.0,0.0,0.0,29.14,15.38,4.46,0.0,93.16
2020-08-06 00:00:00+00:00,0.0,0.0,0.0,28.68,16.14,4.57,0.0,93.18
2020-08-06 01:00:00+00:00,0.0,0.0,0.0,28.27,17.35,4.77,0.0,93.22
2020-08-06 02:00:00+00:00,10.82,1.03,11.79,28.1,18.63,5.06,0.0,93.27
2020-08-06 03:00:00+00:00,150.45,215.71,88.06,30.29,17.43,6.7,0.0,93.35
2020-08-06 04:00:00+00:00,374.95,444.73,155.7,32.96,15.76,6.36,0.0,93.39
2020-08-06 05:00:00+00:00,607.6,591.51,202.43,37.53,12.78,7.17,0.0,93.42
2020-08-06 06:00:00+00:00,805.15,676.43,227.5,39.43,11.6,7.14,0.0,93.41
2020-08-06 07:00:00+00:00,949.78,717.42,246.27,40.68,10.83,7.25,0.0,93.38
2020-08-06 08:00:00+00:00,1036.7,863.96,180.0,41.61,10.21,7.72,0.0,93.31
2020-08-06 09:00:00+00:00,1027.22,789.21,233.48,42.19,9.44,8.39,0.0,93.25
2020-08-06 10:00:00+00:00,944.65,678.52,276.06,42.37,8.35,8.96,0.0,93.2
2020-08-06 11:00:00+00:00,789.28,540.37,303.56,42.1,7.48,9.26,0.0,93.17
2020-08-06 12:00:00+00:00,555.92,368.51,286.5,41.41,7.15,9.24,0.0,93.17
2020-08-06 13:00:00+00:00,317.95,210.67,203.22,40.28,7.32,8.93,0.0,93.18
2020-08-06 14:00:00+00:00,122.43,60.59,96.84,38.53,7.8,7.62,0.0,93.22
2020-08-06 15:00:00+00:00,9.02,0.0,12.72,35.03,9.13,5.14,0.0,93.28
2020-08-06 16:00:00+00:00,0.0,0.0,0.0,33.37,9.88,4.94,0.0,93.35
2020-08-06 17:00:00+00:00,0.0,0.0,0.0,32.38,10.6,4.66,0.0,93.4
2020-08-06 18:00:00+00:00,0.0,0.0,0.0,31.44,11.54,4.3,0.0,93.42
2020-08-06 19:00:00+00:00,0.0,0.0,0.0,30.51,12.78,4.07,0.0,93.39
2020-08-06 20:00:00+00:00,0.0,0.0,0.0,29.82,13.96,4.0,0.0,93.35
2020-08-06 21:00:00+00:00,0.0,0.0,0.0,29.25,15.05,4.05,0.0,93.3
2020-08-06 22:00:00+00:00,0.0,0.0,0.0,28.73,15.99,4.31,0.0,93.27
2020-08-06 23:00:00+00:00,0.0,0.0,0.0,28.23,16.89,4.75,0.0,93.25
2020-08-07 00:00:00+00:00,0.0,0.0,0.0,27.87,17.68,5.26,0.0,93.26
2020-08-07 01:00:00+00:00,0.0,0.0,0.0,27.67,18.38,5.67,0.0,93.28
2020-08-07 02:00:00+00:00,10.45,0.54,13.13,27.68,19.02,6.07,0.0,93.32
2020-08-07 03:00:00+00:00,142.57,148.06,99.75,29.44,18.05,7.18,0.0,93.35
2020-08-07 04:00:00+00:00,351.8,348.65,179.18,32.54,16.04,6.88,0.0,93.37
2020-08-07 05:00:00+00:00,581.65,474.65,242.7,37.38,15.48,7.88,0.0,93.38
2020-08-07 06:00:00+00:00,777.97,776.61,285.42,39.42,15.01,7.74,0.0,93.35
2020-08-07 07:00:00+00:00,906.62,540.38,379.9,40.86,14.41,7.4,0.0,93.3
2020-08-07 08:00:00+00:00,942.35,452.86,428.36,42.02,13.96,7.1,0.0,93.23
2020-08-07 09:00:00+00:00,950.3,617.67,373.31,42.68,13.88,6.74,0.0,93.16
2020-08-07 10:00:00+00:00,842.47,383.18,423.74,42.77,13.96,6.5,0.0,93.08
2020-08-07 11:00:00+00:00,713.83,345.19,436.31,42.62,14.15,6.41,0.0,93.03
2020-08-07 12:00:00+00:00,490.75,153.57,356.5,42.18,14.56,6.48,0.0,93.0
2020-08-07 13:00:00+00:00,286.75,56.8,237.9,41.36,15.3,6.48,0.0,93.0
2020-08-07 14:00:00+00:00,112.72,11.25,96.31,40.01,16.5,5.39,0.0,93.03
2020-08-07 15:00:00+00:00,9.02,0.0,11.51,37.63,18.83,3.51,0.0,93.07
2020-08-07 16:00:00+00:00,0.0,0.0,0.0,36.5,19.91,3.26,0.0,93.12
2020-08-07 17:00:00+00:00,0.0,0.0,0.0,35.57,20.56,3.14,0.0,93.17
2020-08-07 18:00:00+00:00,0.0,0.0,0.0,34.53,20.99,3.2,0.0,93.19
2020-08-07 19:00:00+00:00,0.0,0.0,0.0,33.31,21.3,3.48,0.0,93.16
2020-08-07 20:00:00+00:00,0.0,0.0,0.0,32.14,21.32,3.88,0.0,93.12
2020-08-07 21:00:00+00:00,0.0,0.0,0.0,31.24,21.22,4.18,0.0,93.07
2020-08-07 22:00:00+00:00,0.0,0.0,0.0,30.72,21.14,4.35,0.0,93.03
2020-08-07 23:00:00+00:00,0.0,0.0,0.0,30.29,21.25,4.37,0.0,93.02
2020-08-08 00:00:00+00:00,0.0,0.0,0.0,29.74,21.55,4.33,0.0,93.03
2020-08-08 01:00:00+00:00,0.0,0.0,0.0,29.14,21.87,4.32,0.0,93.06
2020-08-08 02:00:00+00:00,9.65,0.0,13.23,28.96,21.63,4.61,0.0,93.09
2020-08-08 03:00:00+00:00,132.98,105.72,101.0,31.14,18.77,6.44,0.0,93.14
2020-08-08 04:00:00+00:00,339.62,315.81,188.41,33.92,15.91,6.53,0.0,93.19
2020-08-08 05:00:00+00:00,586.03,474.62,249.11,38.69,12.43,7.14,0.0,93.21
2020-08-08 06:00:00+00:00,780.12,550.59,285.23,40.64,11.41,6.98,0.0,93.2
2020-08-08 07:00:00+00:00,940.25,647.67,305.33,41.82,10.97,6.9,0.0,93.16
2020-08-08 08:00:00+00:00,995.85,625.3,328.52,42.73,10.73,6.93,0.0,93.09
2020-08-08 09:00:00+00:00,993.3,650.76,305.2,43.24,10.68,6.88,0.0,93.02
2020-08-08 10:00:00+00:00,915.67,610.0,319.05,43.15,10.84,6.66,0.0,92.95
2020-08-08 11:00:00+00:00,776.97,533.87,298.68,42.79,11.08,6.37,0.0,92.92
2020-08-08 12:00:00+00:00,570.35,426.27,260.42,42.46,11.22,6.07,0.0,92.91
2020-08-08 13:00:00+00:00,330.45,251.68,196.96,41.71,11.56,5.78,0.0,92.92
2020-08-08 14:00:00+00:00,124.93,64.94,102.27,39.97,12.4,4.36,0.0,92.97
2020-08-08 15:00:00+00:00,8.75,0.0,11.89,36.66,14.28,3.65,0.0,93.02
2020-08-08 16:00:00+00:00,0.0,0.0,0.0,35.47,14.36,4.26,0.0,93.08
2020-08-08 17:00:00+00:00,0.0,0.0,0.0,34.48,14.17,4.51,0.0,93.15
2020-08-08 18:00:00+00:00,0.0,0.0,0.0,33.51,14.38,4.4,0.0,93.16
2020-08-08 19:00:00+00:00,0.0,0.0,0.0,32.66,14.96,4.03,0.0,93.12
2020-08-08 20:00:00+00:00,0.0,0.0,0.0,31.95,15.78,3.72,0.0,93.08
2020-08-08 21:00:00+00:00,0.0,0.0,0.0,31.37,16.69,3.56,0.0,93.05
2020-08-08 22:00:00+00:00,0.0,0.0,0.0,30.85,17.49,3.58,0.0,93.03
2020-08-08 23:00:00+00:00,0.0,0.0,0.0,30.29,18.13,3.72,0.0,93.04
2020-08-09 00:00:00+00:00,0.0,0.0,0.0,29.79,18.34,3.81,0.0,93.07
2020-08-09 01:00:00+00:00,0.0,0.0,0.0,29.39,17.98,3.8,0.0,93.11
2020-08-09 02:00:00+00:00,8.68,0.0,12.41,29.63,16.81,3.81,0.0,93.16
2020-08-09 03:00:00+00:00,111.9,6.47,101.07,31.78,14.28,5.04,0.0,93.22
2020-08-09 04:00:00+00:00,270.8,32.61,231.26,34.04,12.36,5.25,0.0,93.28
2020-08-09 05:00:00+00:00,495.65,159.55,359.17,37.99,10.58,6.03,0.0,93.31
2020-08-09 06:00:00+00:00,678.7,274.59,434.48,40.81,11.25,7.25,0.0,93.31
2020-08-09 07:00:00+00:00,794.85,265.66,548.97,41.78,11.62,7.49,0.0,93.28
2020-08-09 08:00:00+00:00,927.35,357.77,559.65,42.29,11.73,7.69,0.0,93.24
2020-08-09 09:00:00+00:00,830.12,195.76,489.37,42.19,11.97,7.57,0.0,93.2
2020-08-09 10:00:00+00:00,826.08,367.9,448.34,41.9,12.04,7.2,0.0,93.17
2020-08-09 11:00:00+00:00,679.8,241.75,409.05,41.33,12.03,6.63,0.0,93.15
2020-08-09 12:00:00+00:00,493.4,245.95,294.49,40.78,11.88,5.91,0.0,93.14
2020-08-09 13:00:00+00:00,296.23,165.63,208.21,40.14,11.83,4.99,0.0,93.15
2020-08-09 14:00:00+00:00,119.18,58.31,103.45,38.39,12.65,2.61,0.0,93.16
2020-08-09 15:00:00+00:00,8.75,0.0,12.69,36.3,13.98,2.16,0.0,93.18
2020-08-09 16:00:00+00:00,0.0,0.0,0.0,35.59,14.33,2.15,0.0,93.21
2020-08-09 17:00:00+00:00,0.0,0.0,0.0,34.55,14.83,2.53,0.0,93.25
2020-08-09 18:00:00+00:00,0.0,0.0,0.0,33.3,15.27,3.19,0.0,93.3
2020-08-09 19:00:00+00:00,0.0,0.0,0.0,32.42,15.04,3.64,0.0,93.31
2020-08-09 20:00:00+00:00,0.0,0.0,0.0,31.59,14.51,4.11,0.0,93.29
2020-08-09 21:00:00+00:00,0.0,0.0,0.0,30.66,14.0,4.45,0.0,93.26
2020-08-09 22:00:00+00:00,0.0,0.0,0.0,30.03,13.53,4.61,0.0,93.24
2020-08-09 23:00:00+00:00,0.0,0.0,0.0,29.38,13.51,4.8,0.0,93.26
2020-08-10 00:00:00+00:00,0.0,0.0,0.0,28.8,13.82,4.88,0.0,93.31
2020-08-10 01:00:00+00:00,0.0,0.0,0.0,28.61,14.21,4.94,0.0,93.36
2020-08-10 02:00:00+00:00,9.77,0.95,13.22,28.79,14.9,5.08,0.0,93.41
2020-08-10 03:00:00+00:00,140.73,167.12,100.74,31.2,14.04,6.6,0.0,93.47
2020-08-10 04:00:00+00:00,356.6,378.57,171.4,33.94,12.8,6.36,0.0,93.5
2020-08-10 05:00:00+00:00,587.22,537.79,219.63,38.07,11.24,7.82,0.0,93.53
2020-08-10 06:00:00+00:00,788.92,644.14,241.2,39.95,10.54,8.25,0.0,93.53
2020-08-10 07:00:00+00:00,941.9,723.87,248.6,40.96,10.22,8.07,0.0,93.5
2020-08-10 08:00:00+00:00,980.9,626.97,307.31,41.71,9.93,8.02,0.0,93.46
2020-08-10 09:00:00+00:00,975.92,599.33,327.77,42.19,9.62,8.02,0.0,93.4
2020-08-10 10:00:00+00:00,898.9,584.46,323.0,42.41,9.33,8.12,0.0,93.37
2020-08-10 11:00:00+00:00,754.2,506.77,310.92,42.27,9.09,8.2,0.0,93.34
2020-08-10 12:00:00+00:00,548.9,422.86,247.94,41.77,8.85,8.22,0.0,93.33
2020-08-10 13:00:00+00:00,318.45,269.77,179.37,40.84,8.61,8.28,0.0,93.34
2020-08-10 14:00:00+00:00,118.0,94.47,98.81,39.19,8.49,7.41,0.0,93.38
2020-08-10 15:00:00+00:00,7.38,0.0,10.53,35.82,9.14,5.21,0.0,93.44
2020-08-10 16:00:00+00:00,0.0,0.0,0.0,33.99,9.22,4.99,0.0,93.52
2020-08-10 17:00:00+00:00,0.0,0.0,0.0,32.57,9.59,4.41,0.0,93.59
2020-08-10 18:00:00+00:00,0.0,0.0,0.0,31.5,10.49,3.92,0.0,93.61
2020-08-10 19:00:00+00:00,0.0,0.0,0.0,30.79,12.2,4.06,0.0,93.58
2020-08-10 20:00:00+00:00,0.0,0.0,0.0,30.18,15.0,4.52,0.0,93.55
2020-08-10 21:00:00+00:00,0.0,0.0,0.0,29.39,17.62,4.71,0.0,93.51
2020-08-10 22:00:00+00:00,0.0,0.0,0.0,28.56,18.71,4.65,0.0,93.49
2020-08-10 23:00:00+00:00,0.0,0.0,0.0,27.93,18.58,4.66,0.0,93.49
2020-08-11 00:00:00+00:00,0.0,0.0,0.0,27.39,18.28,4.57,0.0,93.51
2020-08-11 01:00:00+00:00,0.0,0.0,0.0,26.97,18.32,4.38,0.0,93.54
2020-08-11 02:00:00+00:00,8.98,0.43,11.49,26.76,18.55,4.43,0.0,93.57
2020-08-11 03:00:00+00:00,138.25,142.09,97.78,28.89,16.43,5.86,0.0,93.61
2020-08-11 04:00:00+00:00,353.65,369.69,169.94,31.77,14.13,5.48,0.0,93.67
2020-08-11 05:00:00+00:00,585.6,525.37,210.47,35.29,12.4,8.39,0.0,93.7
2020-08-11 06:00:00+00:00,786.0,594.37,277.16,37.06,11.08,8.57,0.0,93.68
2020-08-11 07:00:00+00:00,931.78,659.65,281.2,38.45,9.83,8.77,0.0,93.63
2020-08-11 08:00:00+00:00,1029.05,861.63,209.16,39.51,8.86,8.96,0.0,93.57
2020-08-11 09:00:00+00:00,1030.05,808.15,216.75,40.16,8.28,9.05,0.0,93.51
2020-08-11 10:00:00+00:00,954.85,786.71,215.1,40.38,8.0,8.99,0.0,93.46
2020-08-11 11:00:00+00:00,812.4,709.78,221.38,40.05,8.07,8.75,0.0,93.43
2020-08-11 12:00:00+00:00,605.2,594.45,204.55,39.25,8.43,8.33,0.0,93.43
2020-08-11 13:00:00+00:00,366.48,418.55,174.05,38.21,8.98,7.75,0.0,93.44
2020-08-11 14:00:00+00:00,141.73,165.95,102.76,36.81,9.79,6.21,0.0,93.46
2020-08-11 15:00:00+00:00,8.45,0.76,11.63,33.84,11.62,3.83,0.0,93.49
2020-08-11 16:00:00+00:00,0.0,0.0,0.0,32.18,12.82,3.58,0.0,93.52
2020-08-11 17:00:00+00:00,0.0,0.0,0.0,31.19,13.56,3.61,0.0,93.54
2020-08-11 18:00:00+00:00,0.0,0.0,0.0,30.35,14.29,3.86,0.0,93.52
2020-08-11 19:00:00+00:00,0.0,0.0,0.0,29.39,15.17,3.97,0.0,93.49
2020-08-11 20:00:00+00:00,0.0,0.0,0.0,28.57,16.06,3.84,0.0,93.47
2020-08-11 21:00:00+00:00,0.0,0.0,0.0,28.13,16.79,3.74,0.0,93.45
2020-08-11 22:00:00+00:00,0.0,0.0,0.0,27.65,17.78,3.88,0.0,93.42
2020-08-11 23:00:00+00:00,0.0,0.0,0.0,27.06,19.24,3.92,0.0,93.42
2020-08-12 00:00:00+00:00,0.0,0.0,0.0,26.46,21.02,3.82,0.0,93.46
2020-08-12 01:00:00+00:00,0.0,0.0,0.0,25.94,22.8,3.72,0.0,93.5
2020-08-12 02:00:00+00:00,9.93,5.21,11.76,25.77,24.17,3.59,0.0,93.57
2020-08-12 03:00:00+00:00,161.38,341.77,78.85,28.47,21.57,4.81,0.0,93.63
2020-08-12 04:00:00+00:00,395.58,582.46,130.34,31.2,19.07,4.16,0.0,93.68
2020-08-12 05:00:00+00:00,628.15,731.28,148.98,35.47,15.05,4.52,0.0,93.72
2020-08-12 06:00:00+00:00,822.35,787.16,177.35,37.46,13.38,3.51,0.0,93.71
2020-08-12 07:00:00+00:00,964.1,836.37,176.48,38.78,12.21,2.75,0.0,93.65
2020-08-12 08:00:00+00:00,999.58,709.28,239.0,39.92,11.09,2.9,0.0,93.57
2020-08-12 09:00:00+00:00,996.88,704.32,240.71,40.8,10.11,3.53,0.0,93.49
2020-08-12 10:00:00+00:00,920.05,649.7,275.61,41.23,9.48,4.08,0.0,93.42
2020-08-12 11:00:00+00:00,775.67,590.35,261.22,41.23,9.06,4.42,0.0,93.38
2020-08-12 12:00:00+00:00,574.92,498.78,228.65,40.82,8.79,4.68,0.0,93.36
2020-08-12 13:00:00+00:00,343.27,347.84,180.69,39.86,8.78,4.8,0.0,93.36
2020-08-12 14:00:00+00:00,130.35,144.5,92.71,38.03,9.22,3.56,0.0,93.39
2020-08-12 15:00:00+00:00,7.38,0.0,8.98,34.31,10.87,3.03,0.0,93.43
2020-08-12 16:00:00+00:00,0.0,0.0,0.0,32.76,11.5,3.21,0.0,93.49
2020-08-12 17:00:00+00:00,0.0,0.0,0.0,31.53,12.11,3.25,0.0,93.54
2020-08-12 18:00:00+00:00,0.0,0.0,0.0,30.49,12.78,3.21,0.0,93.56
2020-08-12 19:00:00+00:00,0.0,0.0,0.0,29.61,13.41,3.08,0.0,93.56
2020-08-12 20:00:00+00:00,0.0,0.0,0.0,28.85,14.04,2.95,0.0,93.52
2020-08-12 21:00:00+00:00,0.0,0.0,0.0,28.24,14.62,2.85,0.0,93.47
2020-08-12 22:00:00+00:00,0.0,0.0,0.0,27.67,15.26,2.84,0.0,93.42
2020-08-12 23:00:00+00:00,0.0,0.0,0.0,27.06,15.98,2.95,0.0,93.38
2020-08-13 00:00:00+00:00,0.0,0.0,0.0,26.45,16.74,3.08,0.0,93.38
2020-08-13 01:00:00+00:00,0.0,0.0,0.0,25.9,17.52,3.22,0.0,93.4
2020-08-13 02:00:00+00:00,8.75,0.45,11.2,25.66,18.05,3.31,0.0,93.47
2020-08-13 03:00:00+00:00,140.9,175.44,93.87,28.96,15.19,4.11,0.0,93.53
2020-08-13 04:00:00+00:00,362.52,403.93,165.38,31.86,13.25,4.43,0.0,93.57
2020-08-13 05:00:00+00:00,596.83,552.95,213.94,36.22,11.19,4.81,0.0,93.57
2020-08-13 06:00:00+00:00,797.0,649.06,241.22,38.55,10.19,4.44,0.0,93.55
2020-08-13 07:00:00+00:00,929.5,678.6,277.95,40.03,9.73,4.51,0.0,93.5
2020-08-13 08:00:00+00:00,1043.3,931.39,133.15,41.2,9.53,5.08,0.0,93.43
2020-08-13 09:00:00+00:00,1038.38,929.34,131.66,41.86,9.44,5.74,0.0,93.36
2020-08-13 10:00:00+00:00,964.2,896.72,136.68,42.21,9.33,6.42,0.0,93.28
2020-08-13 11:00:00+00:00,823.58,849.26,136.45,42.15,9.34,7.07,0.0,93.23
2020-08-13 12:00:00+00:00,614.58,722.55,157.18,41.65,9.56,7.5,0.0,93.2
2020-08-13 13:00:00+00:00,366.45,539.41,133.03,40.7,10.11,7.55,0.0,93.19
2020-08-13 14:00:00+00:00,135.43,272.89,76.97,39.1,11.1,6.3,0.0,93.2
2020-08-13 15:00:00+00:00,6.65,4.12,9.18,35.96,13.29,4.17,0.0,93.23
2020-08-13 16:00:00+00:00,0.0,0.0,0.0,34.74,14.34,4.22,0.0,93.29
2020-08-13 17:00:00+00:00,0.0,0.0,0.0,33.74,15.25,4.21,0.0,93.35
2020-08-13 18:00:00+00:00,0.0,0.0,0.0,32.66,16.24,3.98,0.0,93.38
2020-08-13 19:00:00+00:00,0.0,0.0,0.0,31.66,17.11,3.69,0.0,93.36
2020-08-13 20:00:00+00:00,0.0,0.0,0.0,30.77,17.82,3.6,0.0,93.32
2020-08-13 21:00:00+00:00,0.0,0.0,0.0,30.06,18.17,3.71,0.0,93.26
2020-08-13 22:00:00+00:00,0.0,0.0,0.0,29.52,18.23,3.82,0.0,93.22
2020-08-13 23:00:00+00:00,0.0,0.0,0.0,29.03,18.19,3.86,0.0,93.2
2020-08-14 00:00:00+00:00,0.0,0.0,0.0,28.55,18.28,3.85,0.0,93.2
2020-08-14 01:00:00+00:00,0.0,0.0,0.0,28.09,18.63,3.82,0.0,93.24
2020-08-14 02:00:00+00:00,8.9,1.78,11.59,27.93,18.93,3.96,0.0,93.28
2020-08-14 03:00:00+00:00,146.57,237.79,90.65,29.86,17.33,5.47,0.0,93.32
2020-08-14 04:00:00+00:00,371.73,481.14,150.42,32.36,15.59,5.01,0.0,93.35
2020-08-14 05:00:00+00:00,602.47,637.84,170.8,36.53,13.19,7.04,0.0,93.36
2020-08-14 06:00:00+00:00,799.42,704.49,212.69,38.65,12.15,7.94,0.0,93.34
2020-08-14 07:00:00+00:00,915.31,645.61,284.75,40.09,11.58,7.96,0.0,93.29
2020-08-14 08:00:00+00:00,988.12,681.06,270.24,41.34,11.13,8.02,0.0,93.2
2020-08-14 09:00:00+00:00,988.3,699.97,267.61,42.3,10.75,8.03,0.0,93.11
2020-08-14 10:00:00+00:00,913.12,647.78,287.19,42.77,10.55,7.99,0.0,93.04
2020-08-14 11:00:00+00:00,768.97,602.9,253.12,42.77,10.51,7.99,0.0,92.97
2020-08-14 12:00:00+00:00,571.5,517.99,217.12,42.34,10.64,7.91,0.0,92.93
2020-08-14 13:00:00+00:00,337.9,361.06,171.09,41.43,10.97,7.69,0.0,92.93
2020-08-14 14:00:00+00:00,124.03,133.25,92.59,39.71,11.82,6.3,0.0,92.95
2020-08-14 15:00:00+00:00,6.6,0.0,10.62,35.99,14.44,4.32,0.0,92.99
2020-08-14 16:00:00+00:00,0.0,0.0,0.0,34.58,15.69,4.62,0.0,93.04
2020-08-14 17:00:00+00:00,0.0,0.0,0.0,33.6,16.7,4.86,0.0,93.1
2020-08-14 18:00:00+00:00,0.0,0.0,0.0,32.62,17.68,4.87,0.0,93.12
2020-08-14 19:00:00+00:00,0.0,0.0,0.0,31.67,18.46,4.76,0.0,93.12
2020-08-14 20:00:00+00:00,0.0,0.0,0.0,30.79,18.93,4.76,0.0,93.1
2020-08-14 21:00:00+00:00,0.0,0.0,0.0,30.02,19.01,4.83,0.0,93.07
2020-08-14 22:00:00+00:00,0.0,0.0,0.0,29.35,18.92,4.83,0.0,93.04
2020-08-14 23:00:00+00:00,0.0,0.0,0.0,28.7,19.07,4.73,0.0,93.03
2020-08-15 00:00:00+00:00,0.0,0.0,0.0,28.11,19.59,4.55,0.0,93.04
2020-08-15 01:00:00+00:00,0.0,0.0,0.0,27.6,20.31,4.38,0.0,93.08
2020-08-15 02:00:00+00:00,8.25,0.56,11.93,27.42,20.86,4.34,0.0,93.14
2020-08-15 03:00:00+00:00,135.23,178.99,92.98,29.9,18.53,6.03,0.0,93.19
2020-08-15 04:00:00+00:00,349.85,416.28,164.96,32.85,16.07,5.98,0.0,93.24
2020-08-15 05:00:00+00:00,583.95,594.91,189.85,37.36,13.95,7.4,0.0,93.26
2020-08-15 06:00:00+00:00,792.33,689.11,212.15,39.46,13.49,7.57,0.0,93.25
2020-08-15 07:00:00+00:00,935.38,743.74,220.76,40.89,13.32,7.48,0.0,93.21
2020-08-15 08:00:00+00:00,1003.1,782.58,197.64,41.97,13.15,7.39,0.0,93.15
2020-08-15 09:00:00+00:00,996.78,778.69,196.56,42.68,12.94,7.33,0.0,93.09
2020-08-15 10:00:00+00:00,919.3,725.24,223.7,43.04,12.71,7.4,0.0,93.04
2020-08-15 11:00:00+00:00,775.22,672.05,214.03,42.98,12.61,7.5,0.0,93.0
2020-08-15 12:00:00+00:00,576.5,579.84,191.6,42.53,12.66,7.51,0.0,92.98
2020-08-15 13:00:00+00:00,345.1,427.21,150.34,41.58,12.92,7.4,0.0,92.99
2020-08-15 14:00:00+00:00,130.88,224.64,80.18,39.9,13.71,6.28,0.0,93.03
2020-08-15 15:00:00+00:00,6.28,0.48,9.41,36.53,16.02,4.3,0.0,93.08
2020-08-15 16:00:00+00:00,0.0,0.0,0.0,35.07,16.9,4.47,0.0,93.15
2020-08-15 17:00:00+00:00,0.0,0.0,0.0,33.89,17.57,4.38,0.0,93.21
2020-08-15 18:00:00+00:00,0.0,0.0,0.0,32.73,18.34,3.99,0.0,93.24
2020-08-15 19:00:00+00:00,0.0,0.0,0.0,31.64,19.12,3.55,0.0,93.24
2020-08-15 20:00:00+00:00,0.0,0.0,0.0,30.67,19.83,3.22,0.0,93.21
2020-08-15 21:00:00+00:00,0.0,0.0,0.0,29.79,20.45,3.03,0.0,93.17
2020-08-15 22:00:00+00:00,0.0,0.0,0.0,29.03,21.07,2.99,0.0,93.14
2020-08-15 23:00:00+00:00,0.0,0.0,0.0,28.39,21.59,3.05,0.0,93.14
2020-08-16 00:00:00+00:00,0.0,0.0,0.0,27.78,22.14,3.14,0.0,93.15
2020-08-16 01:00:00+00:00,0.0,0.0,0.0,27.24,22.61,3.22,0.0,93.18
2020-08-16 02:00:00+00:00,7.75,0.47,9.58,26.96,22.75,3.23,0.0,93.23
2020-08-16 03:00:00+00:00,131.2,162.44,88.55,29.73,19.12,4.25,0.0,93.27
2020-08-16 04:00:00+00:00,346.4,377.11,168.64,32.39,16.23,4.2,0.0,93.31
2020-08-16 05:00:00+00:00,578.1,527.84,214.43,36.9,12.33,4.85,0.0,93.33
2020-08-16 06:00:00+00:00,779.68,598.98,269.13,39.44,10.9,4.49,0.0,93.34
2020-08-16 07:00:00+00:00,918.97,673.6,267.16,41.2,10.22,3.9,0.0,93.32
2020-08-16 08:00:00+00:00,982.5,653.71,320.13,42.54,9.82,3.62,0.0,93.28
2020-08-16 09:00:00+00:00,981.33,683.3,281.77,43.45,9.63,3.8,0.0,93.23
2020-08-16 10:00:00+00:00,909.0,667.61,248.82,43.94,9.53,4.26,0.0,93.17
2020-08-16 11:00:00+00:00,762.53,606.44,247.2,43.86,9.67,4.78,0.0,93.13
2020-08-16 12:00:00+00:00,562.15,521.13,213.01,43.1,10.12,5.21,0.0,93.12
2020-08-16 13:00:00+00:00,333.62,386.91,157.12,42.12,10.69,5.48,0.0,93.13
2020-08-16 14:00:00+00:00,119.75,153.83,83.86,40.38,11.82,4.19,0.0,93.17
2020-08-16 15:00:00+00:00,5.7,0.56,8.81,37.13,14.37,3.45,0.0,93.22
2020-08-16 16:00:00+00:00,0.0,0.0,0.0,35.45,16.11,3.66,0.0,93.28
2020-08-16 17:00:00+00:00,0.0,0.0,0.0,34.3,17.45,3.73,0.0,93.35
2020-08-16 18:00:00+00:00,0.0,0.0,0.0,33.31,18.56,3.73,0.0,93.38
2020-08-16 19:00:00+00:00,0.0,0.0,0.0,32.39,19.45,3.72,0.0,93.36
2020-08-16 20:00:00+00:00,0.0,0.0,0.0,31.55,20.04,3.77,0.0,93.32
2020-08-16 21:00:00+00:00,0.0,0.0,0.0,30.79,20.18,3.87,0.0,93.29
2020-08-16 22:00:00+00:00,0.0,0.0,0.0,30.05,19.86,3.94,0.0,93.26
2020-08-16 23:00:00+00:00,0.0,0.0,0.0,29.33,19.13,3.93,0.0,93.24
2020-08-17 00:00:00+00:00,0.0,0.0,0.0,28.64,18.24,3.81,0.0,93.25
2020-08-17 01:00:00+00:00,0.0,0.0,0.0,27.99,17.56,3.65,0.0,93.28
2020-08-17 02:00:00+00:00,7.75,0.0,10.76,27.61,17.08,3.48,0.0,93.32
2020-08-17 03:00:00+00:00,124.9,98.06,102.95,30.18,14.48,4.69,0.0,93.36
2020-08-17 04:00:00+00:00,323.7,224.86,216.75,32.96,12.46,4.77,0.0,93.38
2020-08-17 05:00:00+00:00,536.95,332.9,287.25,37.54,10.35,5.76,0.0,93.4
2020-08-17 06:00:00+00:00,766.3,525.84,319.47,40.4,9.9,6.43,0.0,93.38
2020-08-17 07:00:00+00:00,919.0,696.68,320.61,42.05,10.07,6.51,0.0,93.34
2020-08-17 08:00:00+00:00,980.58,661.07,289.42,43.01,10.84,6.79,0.0,93.27
2020-08-17 09:00:00+00:00,959.75,731.97,354.8,43.04,12.12,7.29,0.0,93.2
2020-08-17 10:00:00+00:00,864.33,528.51,337.43,43.17,12.73,7.79,0.0,93.14
2020-08-17 11:00:00+00:00,712.35,450.82,313.1,43.08,13.07,8.07,0.0,93.1
2020-08-17 12:00:00+00:00,526.65,415.77,224.36,42.51,13.57,8.23,0.0,93.08
2020-08-17 13:00:00+00:00,306.88,276.71,177.36,41.44,14.24,8.27,0.0,93.09
2020-08-17 14:00:00+00:00,108.55,92.99,85.04,39.85,15.2,7.29,0.0,93.12
2020-08-17 15:00:00+00:00,5.0,0.0,7.54,36.89,17.24,4.63,0.0,93.17
2020-08-17 16:00:00+00:00,0.0,0.0,0.0,35.33,17.68,4.26,0.0,93.24
2020-08-17 17:00:00+00:00,0.0,0.0,0.0,34.22,16.91,4.46,0.0,93.31
2020-08-17 18:00:00+00:00,0.0,0.0,0.0,33.06,15.34,4.75,0.0,93.37
2020-08-17 19:00:00+00:00,0.0,0.0,0.0,31.73,13.71,4.59,0.0,93.38
2020-08-17 20:00:00+00:00,0.0,0.0,0.0,30.43,12.9,4.14,0.0,93.36
2020-08-17 21:00:00+00:00,0.0,0.0,0.0,29.4,12.92,3.83,0.0,93.32
2020-08-17 22:00:00+00:00,0.0,0.0,0.0,28.6,13.37,3.59,0.0,93.28
2020-08-17 23:00:00+00:00,0.0,0.0,0.0,27.84,14.05,3.46,0.0,93.26
2020-08-18 00:00:00+00:00,0.0,0.0,0.0,27.16,14.87,3.4,0.0,93.26
2020-08-18 01:00:00+00:00,0.0,0.0,0.0,26.62,15.7,3.34,0.0,93.28
2020-08-18 02:00:00+00:00,6.68,0.0,8.28,26.46,16.24,3.26,0.0,93.31
2020-08-18 03:00:00+00:00,117.6,93.37,89.84,29.27,14.05,3.77,0.0,93.35
2020-08-18 04:00:00+00:00,319.48,275.46,182.97,31.65,12.39,4.08,0.0,93.39
2020-08-18 05:00:00+00:00,551.97,438.24,242.36,35.11,10.24,5.06,0.0,93.42
2020-08-18 06:00:00+00:00,755.67,548.17,274.23,37.52,9.16,6.64,0.0,93.42
2020-08-18 07:00:00+00:00,902.9,618.07,285.2,38.8,8.8,7.03,0.0,93.38
2020-08-18 08:00:00+00:00,1033.95,923.17,134.02,39.95,8.68,7.49,0.0,93.32
2020-08-18 09:00:00+00:00,1028.97,919.89,137.68,40.85,8.54,8.01,0.0,93.25
2020-08-18 10:00:00+00:00,952.75,875.68,145.01,41.25,8.28,8.28,0.0,93.19
2020-08-18 11:00:00+00:00,805.33,814.2,153.26,41.16,7.95,8.21,0.0,93.15
2020-08-18 12:00:00+00:00,601.88,719.06,144.51,40.86,7.73,7.96,0.0,93.12
2020-08-18 13:00:00+00:00,363.38,571.11,118.08,40.16,7.84,7.5,0.0,93.11
2020-08-18 14:00:00+00:00,131.38,278.03,73.07,38.21,8.64,5.23,0.0,93.12
2020-08-18 15:00:00+00:00,5.03,0.59,7.44,34.21,10.73,3.87,0.0,93.16
2020-08-18 16:00:00+00:00,0.0,0.0,0.0,32.46,11.75,3.9,0.0,93.22
2020-08-18 17:00:00+00:00,0.0,0.0,0.0,31.28,12.28,3.86,0.0,93.29
2020-08-18 18:00:00+00:00,0.0,0.0,0.0,30.17,12.53,3.79,0.0,93.33
2020-08-18 19:00:00+00:00,0.0,0.0,0.0,29.07,12.54,3.74,0.0,93.34
2020-08-18 20:00:00+00:00,0.0,0.0,0.0,28.04,12.48,3.72,0.0,93.32
2020-08-18 21:00:00+00:00,0.0,0.0,0.0,27.11,12.55,3.72,0.0,93.29
2020-08-18 22:00:00+00:00,0.0,0.0,0.0,26.29,12.86,3.7,0.0,93.26
2020-08-18 23:00:00+00:00,0.0,0.0,0.0,25.6,13.35,3.67,0.0,93.24
2020-08-19 00:00:00+00:00,0.0,0.0,0.0,24.99,13.89,3.61,0.0,93.24
2020-08-19 01:00:00+00:00,0.0,0.0,0.0,24.44,14.5,3.5,0.0,93.26
2020-08-19 02:00:00+00:00,7.45,0.58,9.53,24.23,14.88,3.36,0.0,93.29
2020-08-19 03:00:00+00:00,143.15,233.64,88.2,27.4,12.63,3.52,0.0,93.33
2020-08-19 04:00:00+00:00,375.88,493.46,148.08,30.54,10.81,3.88,0.0,93.37
2020-08-19 05:00:00+00:00,613.85,652.62,181.94,34.68,9.02,3.4,0.0,93.4
2020-08-19 06:00:00+00:00,813.67,745.88,193.61,38.33,7.64,4.15,0.0,93.41
2020-08-19 07:00:00+00:00,956.83,798.61,201.13,39.85,7.0,3.96,0.0,93.39
2020-08-19 08:00:00+00:00,995.78,725.47,236.25,40.99,6.49,4.08,0.0,93.35
2020-08-19 09:00:00+00:00,990.17,721.12,236.29,41.79,5.99,4.43,0.0,93.29
2020-08-19 10:00:00+00:00,910.25,673.67,248.05,42.19,5.59,4.93,0.0,93.22
2020-08-19 11:00:00+00:00,760.55,606.97,243.99,42.21,5.35,5.4,0.0,93.16
2020-08-19 12:00:00+00:00,552.97,506.48,207.31,41.79,5.32,5.75,0.0,93.13
2020-08-19 13:00:00+00:00,317.1,345.76,158.16,40.81,5.56,5.86,0.0,93.13
2020-08-19 14:00:00+00:00,106.25,116.36,79.5,38.29,6.46,4.07,0.0,93.16
2020-08-19 15:00:00+00:00,4.12,0.0,6.2,34.35,8.21,3.55,0.0,93.21
2020-08-19 16:00:00+00:00,0.0,0.0,0.0,33.36,8.86,3.58,0.0,93.28
2020-08-19 17:00:00+00:00,0.0,0.0,0.0,32.19,9.68,3.53,0.0,93.34
2020-08-19 18:00:00+00:00,0.0,0.0,0.0,30.79,10.69,3.46,0.0,93.35
2020-08-19 19:00:00+00:00,0.0,0.0,0.0,29.68,11.57,3.31,0.0,93.34
2020-08-19 20:00:00+00:00,0.0,0.0,0.0,29.15,11.99,3.15,0.0,93.3
2020-08-19 21:00:00+00:00,0.0,0.0,0.0,28.66,12.37,3.08,0.0,93.26
2020-08-19 22:00:00+00:00,0.0,0.0,0.0,28.01,12.77,3.13,0.0,93.24
2020-08-19 23:00:00+00:00,0.0,0.0,0.0,26.99,13.34,3.29,0.0,93.23
2020-08-20 00:00:00+00:00,0.0,0.0,0.0,26.24,13.68,3.43,0.0,93.25
2020-08-20 01:00:00+00:00,0.0,0.0,0.0,25.63,13.97,3.53,0.0,93.29
2020-08-20 02:00:00+00:00,6.97,1.09,8.43,25.31,14.1,3.52,0.0,93.34
2020-08-20 03:00:00+00:00,134.62,222.65,81.68,28.44,11.78,3.73,0.0,93.4
2020-08-20 04:00:00+00:00,357.02,454.26,150.45,31.65,9.96,4.22,0.0,93.47
2020-08-20 05:00:00+00:00,591.22,612.02,182.21,35.96,8.24,4.41,0.0,93.5
2020-08-20 06:00:00+00:00,791.25,705.12,201.65,39.18,7.3,5.37,0.0,93.5
2020-08-20 07:00:00+00:00,932.6,758.7,210.52,40.79,7.13,5.48,0.0,93.47
2020-08-20 08:00:00+00:00,1030.5,930.1,132.26,42.07,7.06,5.77,0.0,93.41
2020-08-20 09:00:00+00:00,1027.4,929.75,131.99,42.91,6.9,6.08,0.0,93.34
2020-08-20 10:00:00+00:00,949.95,885.77,138.27,43.2,6.86,6.43,0.0,93.28
2020-08-20 11:00:00+00:00,799.03,815.69,154.38,42.93,7.06,6.73,0.0,93.24
2020-08-20 12:00:00+00:00,591.0,687.92,153.04,42.14,7.45,6.88,0.0,93.23
2020-08-20 13:00:00+00:00,351.62,559.63,119.26,40.94,8.01,6.64,0.0,93.25
2020-08-20 14:00:00+00:00,124.32,291.83,66.04,38.73,9.02,4.63,0.0,93.28
2020-08-20 15:00:00+00:00,4.22,3.59,6.41,35.73,10.63,3.78,0.0,93.33
2020-08-20 16:00:00+00:00,0.0,0.0,0.0,34.47,11.4,3.74,0.0,93.4
2020-08-20 17:00:00+00:00,0.0,0.0,0.0,33.34,12.18,3.53,0.0,93.45
2020-08-20 18:00:00+00:00,0.0,0.0,0.0,32.31,13.03,3.31,0.0,93.48
2020-08-20 19:00:00+00:00,0.0,0.0,0.0,31.48,13.85,3.11,0.0,93.46
2020-08-20 20:00:00+00:00,0.0,0.0,0.0,30.78,14.64,2.92,0.0,93.43
2020-08-20 21:00:00+00:00,0.0,0.0,0.0,30.12,15.37,2.76,0.0,93.39
2020-08-20 22:00:00+00:00,0.0,0.0,0.0,29.49,16.08,2.65,0.0,93.35
2020-08-20 23:00:00+00:00,0.0,0.0,0.0,28.94,16.7,2.61,0.0,93.32
2020-08-21 00:00:00+00:00,0.0,0.0,0.0,28.41,17.34,2.58,0.0,93.33
2020-08-21 01:00:00+00:00,0.0,0.0,0.0,27.92,17.89,2.52,0.0,93.35
2020-08-21 02:00:00+00:00,7.25,5.77,9.18,27.69,18.1,2.38,0.0,93.4
2020-08-21 03:00:00+00:00,147.77,337.53,70.09,29.99,15.85,2.19,0.0,93.44
2020-08-21 04:00:00+00:00,381.8,581.29,122.47,33.15,13.25,2.7,0.0,93.49
2020-08-21 05:00:00+00:00,616.92,722.2,148.13,37.22,10.66,2.82,0.0,93.51
2020-08-21 06:00:00+00:00,814.92,812.79,155.84,40.49,9.45,4.75,0.0,93.51
2020-08-21 07:00:00+00:00,956.5,862.7,156.83,42.06,8.93,5.3,0.0,93.46
2020-08-21 08:00:00+00:00,995.65,778.73,203.78,43.25,8.46,5.72,0.0,93.4
2020-08-21 09:00:00+00:00,987.15,779.92,215.43,44.02,8.12,6.14,0.0,93.32
2020-08-21 10:00:00+00:00,910.17,727.29,227.74,44.3,7.96,6.53,0.0,93.25
2020-08-21 11:00:00+00:00,767.3,683.08,204.22,44.07,8.04,6.78,0.0,93.21
2020-08-21 12:00:00+00:00,565.65,597.5,177.51,43.38,8.35,6.81,0.0,93.19
2020-08-21 13:00:00+00:00,332.0,441.78,142.64,42.33,8.85,6.57,0.0,93.19
2020-08-21 14:00:00+00:00,115.93,220.75,75.25,39.99,10.06,4.47,0.0,93.21
2020-08-21 15:00:00+00:00,3.78,0.84,5.5,36.0,12.49,3.63,0.0,93.25
2020-08-21 16:00:00+00:00,0.0,0.0,0.0,34.7,13.43,3.69,0.0,93.3
2020-08-21 17:00:00+00:00,0.0,0.0,0.0,33.76,14.1,3.68,0.0,93.37
2020-08-21 18:00:00+00:00,0.0,0.0,0.0,32.97,14.65,3.56,0.0,93.4
2020-08-21 19:00:00+00:00,0.0,0.0,0.0,32.13,15.24,3.36,0.0,93.38
2020-08-21 20:00:00+00:00,0.0,0.0,0.0,31.28,15.88,3.17,0.0,93.35
2020-08-21 21:00:00+00:00,0.0,0.0,0.0,30.5,16.5,2.99,0.0,93.31
2020-08-21 22:00:00+00:00,0.0,0.0,0.0,29.89,17.01,2.79,0.0,93.27
2020-08-21 23:00:00+00:00,0.0,0.0,0.0,29.32,17.46,2.68,0.0,93.26
2020-08-22 00:00:00+00:00,0.0,0.0,0.0,28.74,17.98,2.76,0.0,93.26
2020-08-22 01:00:00+00:00,0.0,0.0,0.0,28.24,18.44,2.98,0.0,93.29
2020-08-22 02:00:00+00:00,6.7,0.97,10.41,27.81,18.79,3.21,0.0,93.32
2020-08-22 03:00:00+00:00,124.93,138.76,98.05,30.67,15.84,3.71,0.0,93.35
2020-08-22 04:00:00+00:00,319.15,207.39,217.56,33.78,13.21,4.55,0.0,93.39
2020-08-22 05:00:00+00:00,540.08,315.37,355.34,38.11,10.35,4.44,0.0,93.41
2020-08-22 06:00:00+00:00,732.0,373.56,439.84,41.53,8.79,4.4,0.0,93.39
2020-08-22 07:00:00+00:00,903.53,1111.1,325.11,43.19,8.19,3.95,0.0,93.34
2020-08-22 08:00:00+00:00,950.97,557.51,370.62,44.34,7.75,3.59,0.0,93.27
2020-08-22 09:00:00+00:00,959.83,998.9,304.77,44.97,7.53,3.39,0.0,93.19
2020-08-22 10:00:00+00:00,878.85,568.44,316.34,45.31,7.43,3.29,0.0,93.12
2020-08-22 11:00:00+00:00,737.03,534.04,276.23,45.22,7.47,3.08,0.0,93.06
2020-08-22 12:00:00+00:00,547.28,512.57,208.8,44.76,7.7,2.91,0.0,93.03
2020-08-22 13:00:00+00:00,315.62,358.5,153.62,43.93,8.05,2.8,0.0,93.03
2020-08-22 14:00:00+00:00,108.12,152.83,70.46,41.22,9.31,2.1,0.0,93.04
2020-08-22 15:00:00+00:00,3.33,0.0,4.91,37.55,11.32,2.93,0.0,93.08
2020-08-22 16:00:00+00:00,0.0,0.0,0.0,36.22,12.13,3.54,0.0,93.12
2020-08-22 17:00:00+00:00,0.0,0.0,0.0,35.18,12.87,4.02,0.0,93.18
2020-08-22 18:00:00+00:00,0.0,0.0,0.0,34.17,13.7,4.44,0.0,93.2
2020-08-22 19:00:00+00:00,0.0,0.0,0.0,33.13,14.58,4.68,0.0,93.18
2020-08-22 20:00:00+00:00,0.0,0.0,0.0,32.09,15.54,4.73,0.0,93.15
2020-08-22 21:00:00+00:00,0.0,0.0,0.0,31.22,16.49,4.85,0.0,93.12
2020-08-22 22:00:00+00:00,0.0,0.0,0.0,30.46,17.42,5.03,0.0,93.09
2020-08-22 23:00:00+00:00,0.0,0.0,0.0,29.83,18.27,5.13,0.0,93.09
2020-08-23 00:00:00+00:00,0.0,0.0,0.0,29.23,18.99,5.11,0.0,93.1
2020-08-23 01:00:00+00:00,0.0,0.0,0.0,28.64,19.69,4.92,0.0,93.13
2020-08-23 02:00:00+00:00,6.5,0.0,9.81,28.19,20.14,4.74,0.0,93.17
2020-08-23 03:00:00+00:00,131.5,171.81,92.84,29.93,18.08,6.02,0.0,93.22
2020-08-23 04:00:00+00:00,354.23,403.07,170.16,32.62,15.32,5.81,0.0,93.26
2020-08-23 05:00:00+00:00,589.67,559.66,210.26,37.25,11.74,6.14,0.0,93.28
2020-08-23 06:00:00+00:00,775.09,607.02,252.18,40.97,9.35,6.78,0.0,93.27
2020-08-23 07:00:00+00:00,930.42,710.82,236.95,43.1,8.06,6.58,0.0,93.22
2020-08-23 08:00:00+00:00,994.08,711.32,246.15,44.56,7.26,6.14,0.0,93.15
2020-08-23 09:00:00+00:00,987.08,714.69,240.83,45.57,6.77,5.49,0.0,93.08
2020-08-23 10:00:00+00:00,908.7,656.83,268.27,46.1,6.61,4.69,0.0,93.0
2020-08-23 11:00:00+00:00,743.88,546.41,278.89,46.12,6.72,3.81,0.0,92.94
2020-08-23 12:00:00+00:00,492.33,372.33,235.19,45.69,6.98,3.01,0.0,92.91
2020-08-23 13:00:00+00:00,282.88,247.83,168.73,44.86,7.4,2.58,0.0,92.9
2020-08-23 14:00:00+00:00,104.32,91.89,84.5,42.33,8.56,1.59,0.0,92.92
2020-08-23 15:00:00+00:00,0.0,0.0,0.0,40.02,9.7,1.46,0.0,92.95
2020-08-23 16:00:00+00:00,0.0,0.0,0.0,38.59,10.45,1.59,0.0,93.01
2020-08-23 17:00:00+00:00,0.0,0.0,0.0,36.9,11.39,2.38,0.0,93.08
2020-08-23 18:00:00+00:00,0.0,0.0,0.0,35.83,12.01,3.69,0.0,93.13
2020-08-23 19:00:00+00:00,0.0,0.0,0.0,34.84,12.66,5.34,0.0,93.15
2020-08-23 20:00:00+00:00,0.0,0.0,0.0,33.74,13.6,5.75,0.0,93.12
2020-08-23 21:00:00+00:00,0.0,0.0,0.0,32.54,14.69,4.65,0.0,93.09
2020-08-23 22:00:00+00:00,0.0,0.0,0.0,31.43,15.77,3.44,0.0,93.07
2020-08-23 23:00:00+00:00,0.0,0.0,0.0,30.62,16.64,2.76,0.0,93.05
2020-08-24 00:00:00+00:00,0.0,0.0,0.0,29.94,17.41,2.36,0.0,93.05
2020-08-24 01:00:00+00:00,0.0,0.0,0.0,29.58,17.81,2.04,0.0,93.06
2020-08-24 02:00:00+00:00,6.47,0.51,9.75,29.48,17.96,1.69,0.0,93.09
2020-08-24 03:00:00+00:00,134.15,205.91,86.79,31.52,15.99,1.45,0.0,93.13
2020-08-24 04:00:00+00:00,362.75,462.76,148.31,33.92,14.09,1.88,0.0,93.18
2020-08-24 05:00:00+00:00,600.47,622.68,188.77,37.49,11.49,2.06,0.0,93.21
2020-08-24 06:00:00+00:00,797.35,716.52,205.44,42.48,8.56,2.6,0.0,93.21
2020-08-24 07:00:00+00:00,934.35,745.36,241.81,44.47,7.78,3.04,0.0,93.18
2020-08-24 08:00:00+00:00,986.88,667.57,306.53,45.44,7.42,3.17,0.0,93.13
2020-08-24 09:00:00+00:00,974.47,647.59,327.17,45.98,7.25,3.29,0.0,93.08
2020-08-24 10:00:00+00:00,868.85,801.35,337.07,46.19,7.2,3.6,0.0,93.04
2020-08-24 11:00:00+00:00,716.75,480.75,311.31,46.02,7.27,4.01,0.0,93.0
2020-08-24 12:00:00+00:00,495.45,383.09,234.65,45.41,7.52,4.47,0.0,93.0
2020-08-24 13:00:00+00:00,281.65,255.23,169.13,44.35,8.02,4.86,0.0,93.01
2020-08-24 14:00:00+00:00,99.35,78.21,82.39,41.75,9.44,3.75,0.0,93.06
2020-08-24 15:00:00+00:00,0.0,0.0,0.0,38.07,12.35,4.02,0.0,93.13
2020-08-24 16:00:00+00:00,0.0,0.0,0.0,36.93,14.65,5.2,0.0,93.22
2020-08-24 17:00:00+00:00,0.0,0.0,0.0,35.84,17.29,6.12,0.0,93.32
2020-08-24 18:00:00+00:00,0.0,0.0,0.0,34.57,19.74,6.24,0.0,93.38
2020-08-24 19:00:00+00:00,0.0,0.0,0.0,33.34,21.64,5.87,0.0,93.41
2020-08-24 20:00:00+00:00,0.0,0.0,0.0,32.17,23.18,5.31,0.0,93.4
2020-08-24 21:00:00+00:00,0.0,0.0,0.0,31.11,24.44,4.64,0.0,93.37
2020-08-24 22:00:00+00:00,0.0,0.0,0.0,30.18,25.42,3.98,0.0,93.36
2020-08-24 23:00:00+00:00,0.0,0.0,0.0,29.34,26.35,3.4,0.0,93.37
2020-08-25 00:00:00+00:00,0.0,0.0,0.0,28.64,27.15,3.05,0.0,93.39
2020-08-25 01:00:00+00:00,0.0,0.0,0.0,28.1,27.79,2.94,0.0,93.43
2020-08-25 02:00:00+00:00,6.0,0.0,9.09,27.78,28.08,3.0,0.0,93.47
2020-08-25 03:00:00+00:00,127.57,175.15,88.55,29.41,25.35,4.36,0.0,93.51
2020-08-25 04:00:00+00:00,340.55,368.06,172.02,31.88,21.64,4.05,0.0,93.56
2020-08-25 05:00:00+00:00,575.75,534.21,212.7,36.22,16.33,4.35,0.0,93.59
2020-08-25 06:00:00+00:00,775.78,640.58,232.45,38.71,14.53,3.85,0.0,93.6
2020-08-25 07:00:00+00:00,916.1,707.63,229.26,40.41,13.38,3.26,0.0,93.57
2020-08-25 08:00:00+00:00,972.81,687.55,267.1,41.74,12.46,2.66,0.0,93.51
2020-08-25 09:00:00+00:00,970.58,696.15,271.82,42.54,11.94,2.01,0.0,93.44
2020-08-25 10:00:00+00:00,885.92,650.44,269.02,43.08,11.53,1.5,0.0,93.38
2020-08-25 11:00:00+00:00,751.58,629.49,232.75,43.17,11.42,1.25,0.0,93.32
2020-08-25 12:00:00+00:00,549.22,545.63,198.96,42.85,11.54,1.31,0.0,93.28
2020-08-25 13:00:00+00:00,316.27,393.04,144.63,42.14,11.88,1.61,0.0,93.26
2020-08-25 14:00:00+00:00,107.3,144.5,76.0,40.25,13.03,1.83,0.0,93.26
2020-08-25 15:00:00+00:00,0.0,0.0,0.0,37.0,15.22,2.93,0.0,93.29
2020-08-25 16:00:00+00:00,0.0,0.0,0.0,36.26,15.42,3.79,0.0,93.36
2020-08-25 17:00:00+00:00,0.0,0.0,0.0,35.39,15.75,4.61,0.0,93.45
2020-08-25 18:00:00+00:00,0.0,0.0,0.0,34.13,16.78,4.68,0.0,93.51
2020-08-25 19:00:00+00:00,0.0,0.0,0.0,32.98,17.93,4.42,0.0,93.53
2020-08-25 20:00:00+00:00,0.0,0.0,0.0,31.91,19.08,3.97,0.0,93.53
2020-08-25 21:00:00+00:00,0.0,0.0,0.0,30.9,20.07,3.47,0.0,93.51
2020-08-25 22:00:00+00:00,0.0,0.0,0.0,29.85,20.99,3.06,0.0,93.49
2020-08-25 23:00:00+00:00,0.0,0.0,0.0,29.13,21.43,2.81,0.0,93.48
2020-08-26 00:00:00+00:00,0.0,0.0,0.0,28.46,21.78,2.66,0.0,93.5
2020-08-26 01:00:00+00:00,0.0,0.0,0.0,27.8,22.12,2.58,0.0,93.53
2020-08-26 02:00:00+00:00,5.62,0.0,8.47,27.26,22.39,2.56,0.0,93.56
2020-08-26 03:00:00+00:00,117.6,86.3,98.84,28.89,20.22,3.58,0.0,93.61
2020-08-26 04:00:00+00:00,322.7,257.26,194.94,31.0,18.09,3.55,0.0,93.65
2020-08-26 05:00:00+00:00,554.67,398.74,266.93,35.17,14.66,4.13,0.0,93.67
2020-08-26 06:00:00+00:00,755.97,496.02,308.1,38.06,12.99,4.36,0.0,93.67
2020-08-26 07:00:00+00:00,899.92,539.93,345.08,39.83,12.26,4.1,0.0,93.62
2020-08-26 08:00:00+00:00,966.12,565.66,369.18,41.15,11.8,3.61,0.0,93.55
2020-08-26 09:00:00+00:00,953.0,538.3,375.67,42.01,11.54,3.17,0.0,93.47
2020-08-26 10:00:00+00:00,864.28,487.04,376.25,42.44,11.5,2.88,0.0,93.39
2020-08-26 11:00:00+00:00,701.58,401.48,315.36,42.49,11.66,2.71,0.0,93.33
2020-08-26 12:00:00+00:00,501.35,332.38,269.88,42.14,11.98,2.81,0.0,93.3
2020-08-26 13:00:00+00:00,267.0,172.25,180.87,41.37,12.47,3.35,0.0,93.29
2020-08-26 14:00:00+00:00,85.55,26.86,83.61,39.46,13.62,3.37,0.0,93.3
2020-08-26 15:00:00+00:00,0.0,0.0,0.0,36.6,15.23,3.88,0.0,93.34
2020-08-26 16:00:00+00:00,0.0,0.0,0.0,35.61,15.06,4.81,0.0,93.41
2020-08-26 17:00:00+00:00,0.0,0.0,0.0,34.45,15.39,4.98,0.0,93.48
2020-08-26 18:00:00+00:00,0.0,0.0,0.0,33.17,16.54,4.71,0.0,93.53
2020-08-26 19:00:00+00:00,0.0,0.0,0.0,31.95,18.15,4.35,0.0,93.53
2020-08-26 20:00:00+00:00,0.0,0.0,0.0,30.84,19.77,3.93,0.0,93.51
2020-08-26 21:00:00+00:00,0.0,0.0,0.0,29.83,21.22,3.43,0.0,93.47
2020-08-26 22:00:00+00:00,0.0,0.0,0.0,29.0,22.33,3.1,0.0,93.44
2020-08-26 23:00:00+00:00,0.0,0.0,0.0,28.27,23.17,2.91,0.0,93.43
2020-08-27 00:00:00+00:00,0.0,0.0,0.0,27.63,23.78,2.79,0.0,93.46
2020-08-27 01:00:00+00:00,0.0,0.0,0.0,27.05,24.28,2.72,0.0,93.5
2020-08-27 02:00:00+00:00,5.25,0.0,7.88,26.65,24.53,2.63,0.0,93.55
2020-08-27 03:00:00+00:00,112.9,73.08,91.83,28.65,21.61,3.12,0.0,93.61
2020-08-27 04:00:00+00:00,301.85,199.21,193.49,30.9,18.83,3.57,0.0,93.66
2020-08-27 05:00:00+00:00,533.2,342.6,281.4,35.31,13.79,4.53,0.0,93.67
2020-08-27 06:00:00+00:00,740.1,462.46,319.24,38.0,11.72,4.74,0.0,93.65
2020-08-27 07:00:00+00:00,885.97,531.97,324.27,39.61,10.83,4.36,0.0,93.6
2020-08-27 08:00:00+00:00,1012.53,817.25,196.47,40.75,10.22,3.75,0.0,93.51
2020-08-27 09:00:00+00:00,1005.0,818.4,193.05,41.45,9.86,2.91,0.0,93.43
2020-08-27 10:00:00+00:00,923.9,757.26,218.28,41.76,9.73,2.07,0.0,93.36
2020-08-27 11:00:00+00:00,774.78,699.79,212.35,41.7,9.75,1.42,0.0,93.31
2020-08-27 12:00:00+00:00,565.22,607.59,180.88,41.28,9.97,1.02,0.0,93.29
2020-08-27 13:00:00+00:00,322.95,423.51,148.69,40.52,10.36,0.83,0.0,93.28
2020-08-27 14:00:00+00:00,104.1,151.57,75.96,38.65,11.45,0.81,0.0,93.29
2020-08-27 15:00:00+00:00,0.0,0.0,0.0,36.11,13.12,1.57,0.0,93.32
2020-08-27 16:00:00+00:00,0.0,0.0,0.0,34.34,14.42,2.35,0.0,93.36
2020-08-27 17:00:00+00:00,0.0,0.0,0.0,33.04,15.46,2.92,0.0,93.43
2020-08-27 18:00:00+00:00,0.0,0.0,0.0,31.95,16.35,3.31,0.0,93.47
2020-08-27 19:00:00+00:00,0.0,0.0,0.0,30.86,17.39,3.58,0.0,93.47
2020-08-27 20:00:00+00:00,0.0,0.0,0.0,29.78,18.43,3.76,0.0,93.46
2020-08-27 21:00:00+00:00,0.0,0.0,0.0,28.73,19.46,3.68,0.0,93.42
2020-08-27 22:00:00+00:00,0.0,0.0,0.0,27.76,20.3,3.41,0.0,93.39
2020-08-27 23:00:00+00:00,0.0,0.0,0.0,26.91,21.0,3.09,0.0,93.38
2020-08-28 00:00:00+00:00,0.0,0.0,0.0,26.12,21.78,2.8,0.0,93.39
2020-08-28 01:00:00+00:00,0.0,0.0,0.0,25.46,22.62,2.63,0.0,93.43
2020-08-28 02:00:00+00:00,5.43,0.0,8.22,25.0,23.49,2.41,0.0,93.49
2020-08-28 03:00:00+00:00,125.4,149.96,91.93,27.04,21.21,2.38,0.0,93.54
2020-08-28 04:00:00+00:00,348.77,390.26,170.6,29.3,18.98,2.28,0.0,93.6
2020-08-28 05:00:00+00:00,587.1,559.85,211.0,34.11,13.73,3.4,0.0,93.63
2020-08-28 06:00:00+00:00,789.15,666.14,228.83,37.16,11.09,3.87,0.0,93.63
2020-08-28 07:00:00+00:00,934.65,734.68,227.37,38.83,10.06,3.61,0.0,93.58
2020-08-28 08:00:00+00:00,984.97,715.23,240.85,40.05,9.33,3.42,0.0,93.52
2020-08-28 09:00:00+00:00,977.75,717.76,236.64,40.87,8.81,3.64,0.0,93.44
2020-08-28 10:00:00+00:00,894.95,663.07,262.03,41.34,8.48,4.16,0.0,93.37
2020-08-28 11:00:00+00:00,742.8,604.93,247.45,41.38,8.34,4.77,0.0,93.32
2020-08-28 12:00:00+00:00,535.15,514.44,201.49,40.95,8.46,5.43,0.0,93.29
2020-08-28 13:00:00+00:00,298.12,333.9,157.65,39.98,8.82,5.98,0.0,93.29
2020-08-28 14:00:00+00:00,94.97,118.9,72.29,37.76,9.94,4.83,0.0,93.32
2020-08-28 15:00:00+00:00,0.0,0.0,0.0,34.14,12.3,4.11,0.0,93.37
2020-08-28 16:00:00+00:00,0.0,0.0,0.0,32.89,13.44,4.41,0.0,93.44
2020-08-28 17:00:00+00:00,0.0,0.0,0.0,31.79,14.47,4.43,0.0,93.52
2020-08-28 18:00:00+00:00,0.0,0.0,0.0,30.67,15.33,4.2,0.0,93.57
2020-08-28 19:00:00+00:00,0.0,0.0,0.0,29.6,15.83,3.94,0.0,93.57
2020-08-28 20:00:00+00:00,0.0,0.0,0.0,28.64,15.94,3.7,0.0,93.56
2020-08-28 21:00:00+00:00,0.0,0.0,0.0,27.76,15.89,3.47,0.0,93.54
2020-08-28 22:00:00+00:00,0.0,0.0,0.0,26.98,15.91,3.32,0.0,93.51
2020-08-28 23:00:00+00:00,0.0,0.0,0.0,26.31,16.33,3.18,0.0,93.49
2020-08-29 00:00:00+00:00,0.0,0.0,0.0,25.74,17.2,3.04,0.0,93.5
2020-08-29 01:00:00+00:00,0.0,0.0,0.0,25.25,18.51,2.93,0.0,93.53
2020-08-29 02:00:00+00:00,4.82,0.0,7.19,24.91,20.13,2.82,0.0,93.58
2020-08-29 03:00:00+00:00,114.38,98.43,93.55,27.54,18.79,2.76,0.0,93.64
2020-08-29 04:00:00+00:00,326.6,309.34,175.34,30.45,17.34,3.41,0.0,93.7
2020-08-29 05:00:00+00:00,564.03,475.98,238.49,34.93,14.07,4.47,0.0,93.74
2020-08-29 06:00:00+00:00,769.67,587.95,262.42,37.92,11.65,5.64,0.0,93.74
2020-08-29 07:00:00+00:00,918.78,657.82,266.86,39.18,10.73,5.77,0.0,93.7
2020-08-29 08:00:00+00:00,1019.5,874.15,167.95,40.14,9.8,6.16,0.0,93.63
2020-08-29 09:00:00+00:00,1014.45,883.94,161.48,40.81,8.89,6.74,0.0,93.55
2020-08-29 10:00:00+00:00,934.25,829.17,178.98,41.2,8.04,7.37,0.0,93.48
2020-08-29 11:00:00+00:00,777.88,774.68,171.59,41.12,7.5,7.87,0.0,93.44
2020-08-29 12:00:00+00:00,567.05,671.12,158.33,40.54,7.39,8.19,0.0,93.42
2020-08-29 13:00:00+00:00,323.17,491.88,126.34,39.44,7.65,8.11,0.0,93.44
2020-08-29 14:00:00+00:00,99.97,177.8,65.13,37.16,8.57,5.98,0.0,93.48
2020-08-29 15:00:00+00:00,0.0,0.0,0.0,33.35,10.52,4.1,0.0,93.52
2020-08-29 16:00:00+00:00,0.0,0.0,0.0,31.85,11.36,3.83,0.0,93.6
2020-08-29 17:00:00+00:00,0.0,0.0,0.0,30.68,12.05,3.58,0.0,93.67
2020-08-29 18:00:00+00:00,0.0,0.0,0.0,29.66,12.71,3.35,0.0,93.7
2020-08-29 19:00:00+00:00,0.0,0.0,0.0,28.8,13.47,3.13,0.0,93.7
2020-08-29 20:00:00+00:00,0.0,0.0,0.0,28.02,14.48,3.07,0.0,93.68
2020-08-29 21:00:00+00:00,0.0,0.0,0.0,27.3,15.8,3.21,0.0,93.66
2020-08-29 22:00:00+00:00,0.0,0.0,0.0,26.88,17.04,3.49,0.0,93.63
2020-08-29 23:00:00+00:00,0.0,0.0,0.0,26.64,18.01,3.66,0.0,93.62
2020-08-30 00:00:00+00:00,0.0,0.0,0.0,26.46,18.46,3.75,0.0,93.63
2020-08-30 01:00:00+00:00,0.0,0.0,0.0,26.25,18.7,3.78,0.0,93.66
2020-08-30 02:00:00+00:00,4.93,0.0,7.3,26.05,18.97,3.77,0.0,93.69
2020-08-30 03:00:00+00:00,123.55,159.29,86.8,28.79,16.28,3.97,0.0,93.73
2020-08-30 04:00:00+00:00,349.95,424.25,156.74,32.06,13.73,5.18,0.0,93.77
2020-08-30 05:00:00+00:00,593.7,591.62,203.3,35.77,11.8,5.46,0.0,93.77
2020-08-30 06:00:00+00:00,801.38,705.51,220.12,38.07,10.47,6.11,0.0,93.74
2020-08-30 07:00:00+00:00,947.97,769.68,219.81,39.26,9.18,5.83,0.0,93.67
2020-08-30 08:00:00+00:00,1009.22,811.48,200.09,40.26,8.02,5.58,0.0,93.6
2020-08-30 09:00:00+00:00,1001.3,780.82,225.74,40.95,7.15,5.52,0.0,93.52
2020-08-30 10:00:00+00:00,916.12,741.51,226.82,41.25,6.59,5.72,0.0,93.45
2020-08-30 11:00:00+00:00,760.25,666.02,226.04,41.14,6.32,5.93,0.0,93.4
2020-08-30 12:00:00+00:00,546.42,568.46,187.57,40.59,6.33,6.03,0.0,93.38
2020-08-30 13:00:00+00:00,304.15,387.72,145.75,39.58,6.66,5.83,0.0,93.39
2020-08-30 14:00:00+00:00,90.65,125.1,63.7,36.57,7.96,3.56,0.0,93.41
2020-08-30 15:00:00+00:00,0.0,0.0,0.0,32.89,10.01,3.22,0.0,93.44
2020-08-30 16:00:00+00:00,0.0,0.0,0.0,31.87,10.83,2.98,0.0,93.49
2020-08-30 17:00:00+00:00,0.0,0.0,0.0,31.24,11.42,2.64,0.0,93.54
2020-08-30 18:00:00+00:00,0.0,0.0,0.0,30.83,11.83,2.17,0.0,93.56
2020-08-30 19:00:00+00:00,0.0,0.0,0.0,30.48,12.13,1.65,0.0,93.54
2020-08-30 20:00:00+00:00,0.0,0.0,0.0,29.94,12.51,1.28,0.0,93.51
2020-08-30 21:00:00+00:00,0.0,0.0,0.0,29.21,13.04,1.2,0.0,93.47
2020-08-30 22:00:00+00:00,0.0,0.0,0.0,28.3,13.74,1.46,0.0,93.43
2020-08-30 23:00:00+00:00,0.0,0.0,0.0,27.35,14.48,1.75,0.0,93.4
2020-08-31 00:00:00+00:00,0.0,0.0,0.0,26.55,15.18,1.92,0.0,93.42
2020-08-31 01:00:00+00:00,0.0,0.0,0.0,25.97,15.63,1.98,0.0,93.45
2020-08-31 02:00:00+00:00,4.85,0.0,7.23,25.53,16.0,1.97,0.0,93.5
2020-08-31 03:00:00+00:00,122.07,162.47,88.8,26.96,14.63,1.71,0.0,93.55
2020-08-31 04:00:00+00:00,345.38,405.01,157.66,29.81,12.37,2.06,0.0,93.59
2020-08-31 05:00:00+00:00,584.2,563.94,210.21,33.62,10.03,1.56,0.0,93.61
2020-08-31 06:00:00+00:00,787.65,663.54,236.04,38.44,7.83,3.42,0.0,93.6
2020-08-31 07:00:00+00:00,933.55,719.11,244.33,40.01,7.07,3.95,0.0,93.56
2020-08-31 08:00:00+00:00,1008.3,811.43,200.32,41.04,6.46,4.2,0.0,93.5
2020-08-31 09:00:00+00:00,1001.05,783.09,225.01,41.66,6.0,4.19,0.0,93.42
2020-08-31 10:00:00+00:00,916.35,748.06,223.82,41.92,5.72,4.07,0.0,93.35
2020-08-31 11:00:00+00:00,762.15,679.21,223.9,41.78,5.63,3.96,0.0,93.3
2020-08-31 12:00:00+00:00,551.15,594.84,177.24,41.27,5.67,3.95,0.0,93.28
2020-08-31 13:00:00+00:00,307.9,410.97,142.38,40.26,5.92,4.04,0.0,93.29
2020-08-31 14:00:00+00:00,93.38,160.53,62.0,36.84,7.17,2.89,0.0,93.31
2020-08-31 15:00:00+00:00,0.0,0.0,0.0,33.15,8.88,3.4,0.0,93.37
2020-08-31 16:00:00+00:00,0.0,0.0,0.0,31.96,9.69,3.59,0.0,93.44
2020-08-31 17:00:00+00:00,0.0,0.0,0.0,30.99,10.68,3.61,0.0,93.52
2020-08-31 18:00:00+00:00,0.0,0.0,0.0,30.12,12.11,3.52,0.0,93.55
2020-08-31 19:00:00+00:00,0.0,0.0,0.0,29.34,13.95,3.36,0.0,93.54
2020-08-31 20:00:00+00:00,0.0,0.0,0.0,28.71,15.75,3.23,0.0,93.51
2020-08-31 21:00:00+00:00,0.0,0.0,0.0,28.16,17.43,3.08,0.0,93.49
2020-08-31 22:00:00+00:00,0.0,0.0,0.0,27.66,18.71,2.88,0.0,93.47
2020-08-31 23:00:00+00:00,0.0,0.0,0.0,27.25,19.57,2.68,0.0,93.47
2020-09-01 00:00:00+00:00,0.0,0.0,0.0,26.66,20.78,2.67,0.0,93.5
2020-09-01 01:00:00+00:00,0.0,0.0,0.0,26.05,22.44,2.88,0.0,93.55
2020-09-01 02:00:00+00:00,4.55,0.0,7.11,25.79,24.83,3.1,0.0,93.6
2020-09-01 03:00:00+00:00,108.93,101.41,84.62,28.27,25.48,3.53,0.0,93.64
2020-09-01 04:00:00+00:00,296.6,179.07,218.95,31.01,26.16,3.72,0.0,93.69
2020-09-01 05:00:00+00:00,508.35,272.69,306.7,35.52,21.2,2.55,0.0,93.72
2020-09-01 06:00:00+00:00,769.21,675.85,236.21,38.56,16.74,2.78,0.0,93.72
2020-09-01 07:00:00+00:00,918.45,699.18,246.91,39.8,16.02,3.16,0.0,93.68
2020-09-01 08:00:00+00:00,904.08,500.98,378.42,40.68,15.59,3.55,0.0,93.62
2020-09-01 09:00:00+00:00,688.28,196.47,390.03,41.11,15.34,3.99,0.0,93.55
2020-09-01 10:00:00+00:00,515.38,111.01,340.91,41.29,15.17,4.32,0.0,93.48
2020-09-01 11:00:00+00:00,413.02,161.8,258.82,41.0,15.24,4.49,0.0,93.42
2020-09-01 12:00:00+00:00,204.05,36.71,159.4,40.49,15.42,4.6,0.0,93.41
2020-09-01 13:00:00+00:00,110.97,11.0,94.43,39.44,16.19,4.8,0.0,93.43
2020-09-01 14:00:00+00:00,38.8,1.65,33.66,38.05,17.41,4.16,0.0,93.47
2020-09-01 15:00:00+00:00,0.0,0.0,0.0,35.84,19.58,3.26,0.0,93.54
2020-09-01 16:00:00+00:00,0.0,0.0,0.0,35.04,20.4,3.52,0.0,93.62
2020-09-01 17:00:00+00:00,0.0,0.0,0.0,34.21,21.15,3.58,0.0,93.71
2020-09-01 18:00:00+00:00,0.0,0.0,0.0,33.31,21.79,3.43,0.0,93.75
2020-09-01 19:00:00+00:00,0.0,0.0,0.0,32.38,22.19,3.18,0.0,93.76
2020-09-01 20:00:00+00:00,0.0,0.0,0.0,31.37,22.42,2.96,0.0,93.76
2020-09-01 21:00:00+00:00,0.0,0.0,0.0,30.46,22.45,2.86,0.0,93.75
2020-09-01 22:00:00+00:00,0.0,0.0,0.0,29.65,22.47,2.87,0.0,93.74
2020-09-01 23:00:00+00:00,0.0,0.0,0.0,28.91,22.93,2.97,0.0,93.76
2020-09-02 00:00:00+00:00,0.0,0.0,0.0,28.31,24.26,3.15,0.0,93.79
2020-09-02 01:00:00+00:00,0.0,0.0,0.0,27.78,26.79,3.25,0.0,93.83
2020-09-02 02:00:00+00:00,3.78,0.0,6.11,27.31,29.78,3.23,0.0,93.89
2020-09-02 03:00:00+00:00,85.38,20.15,80.16,28.7,29.11,4.52,0.0,93.94
2020-09-02 04:00:00+00:00,239.8,121.36,179.12,30.72,26.61,4.53,0.0,94.0
2020-09-02 05:00:00+00:00,431.45,219.9,254.81,35.07,19.9,5.56,0.0,94.04
2020-09-02 06:00:00+00:00,660.85,346.39,338.85,37.74,16.16,5.92,0.0,94.05
2020-09-02 07:00:00+00:00,823.92,471.45,340.32,39.18,14.27,5.55,0.0,94.02
2020-09-02 08:00:00+00:00,828.55,370.99,397.23,40.07,13.14,4.81,0.0,93.96
2020-09-02 09:00:00+00:00,771.65,279.49,386.21,40.6,12.51,4.17,0.0,93.9
2020-09-02 10:00:00+00:00,680.55,287.47,349.2,40.78,12.13,3.77,0.0,93.84
2020-09-02 11:00:00+00:00,520.67,233.53,299.12,40.7,11.92,3.56,0.0,93.8
2020-09-02 12:00:00+00:00,346.98,139.94,224.64,40.27,11.93,3.65,0.0,93.79
2020-09-02 13:00:00+00:00,180.2,55.16,149.88,39.46,12.23,3.98,0.0,93.79
2020-09-02 14:00:00+00:00,57.15,3.31,52.81,37.15,13.64,3.07,0.0,93.81
2020-09-02 15:00:00+00:00,0.0,0.0,0.0,34.16,15.81,3.53,0.0,93.85
2020-09-02 16:00:00+00:00,0.0,0.0,0.0,33.43,16.16,4.31,0.0,93.93
2020-09-02 17:00:00+00:00,0.0,0.0,0.0,32.77,16.52,4.98,0.0,94.0
2020-09-02 18:00:00+00:00,0.0,0.0,0.0,32.0,17.01,5.08,0.0,94.05
2020-09-02 19:00:00+00:00,0.0,0.0,0.0,31.19,17.61,4.83,0.0,94.07
2020-09-02 20:00:00+00:00,0.0,0.0,0.0,30.33,18.43,4.46,0.0,94.07
2020-09-02 21:00:00+00:00,0.0,0.0,0.0,29.44,19.32,4.15,0.0,94.06
2020-09-02 22:00:00+00:00,0.0,0.0,0.0,28.39,20.25,3.81,0.0,94.03
2020-09-02 23:00:00+00:00,0.0,0.0,0.0,27.51,20.66,3.55,0.0,94.02
2020-09-03 00:00:00+00:00,0.0,0.0,0.0,26.83,20.23,3.34,0.0,94.04
2020-09-03 01:00:00+00:00,0.0,0.0,0.0,26.26,19.39,3.16,0.0,94.08
2020-09-03 02:00:00+00:00,4.38,0.0,7.04,25.83,18.76,2.96,0.0,94.12
2020-09-03 03:00:00+00:00,109.35,88.49,90.49,27.98,16.19,3.02,0.0,94.17
2020-09-03 04:00:00+00:00,319.12,337.95,167.48,30.45,14.11,2.73,0.0,94.2
2020-09-03 05:00:00+00:00,558.75,511.46,228.12,34.63,12.17,2.71,0.0,94.23
2020-09-03 06:00:00+00:00,755.0,645.93,228.14,38.02,11.78,3.67,0.0,94.22
2020-09-03 07:00:00+00:00,910.35,707.01,246.79,39.31,11.43,3.22,0.0,94.17
2020-09-03 08:00:00+00:00,929.9,702.49,250.66,40.19,10.86,2.82,0.0,94.11
2020-09-03 09:00:00+00:00,954.78,697.5,270.86,40.82,10.18,2.69,0.0,94.03
2020-09-03 10:00:00+00:00,836.85,611.39,282.29,41.13,9.62,2.71,0.0,93.98
2020-09-03 11:00:00+00:00,725.0,613.44,237.97,41.04,9.32,2.79,0.0,93.94
2020-09-03 12:00:00+00:00,531.75,540.97,195.76,40.57,9.26,2.9,0.0,93.92
2020-09-03 13:00:00+00:00,289.27,344.27,149.82,39.68,9.52,2.96,0.0,93.93
2020-09-03 14:00:00+00:00,78.75,94.39,57.2,37.21,10.83,2.09,0.0,93.95
2020-09-03 15:00:00+00:00,0.0,0.0,0.0,34.35,12.77,2.28,0.0,93.99
2020-09-03 16:00:00+00:00,0.0,0.0,0.0,33.28,13.65,2.4,0.0,94.03
2020-09-03 17:00:00+00:00,0.0,0.0,0.0,32.29,14.53,2.5,0.0,94.09
2020-09-03 18:00:00+00:00,0.0,0.0,0.0,31.33,15.35,2.53,0.0,94.12
2020-09-03 19:00:00+00:00,0.0,0.0,0.0,30.4,16.15,2.5,0.0,94.12
2020-09-03 20:00:00+00:00,0.0,0.0,0.0,29.61,16.82,2.37,0.0,94.09
2020-09-03 21:00:00+00:00,0.0,0.0,0.0,29.21,17.09,2.05,0.0,94.04
2020-09-03 22:00:00+00:00,0.0,0.0,0.0,29.17,17.01,1.58,0.0,93.99
2020-09-03 23:00:00+00:00,0.0,0.0,0.0,29.23,16.87,1.07,0.0,93.96
2020-09-04 00:00:00+00:00,0.0,0.0,0.0,29.12,16.9,0.63,0.0,93.95
2020-09-04 01:00:00+00:00,0.0,0.0,0.0,28.64,17.42,0.84,0.0,93.98
2020-09-04 02:00:00+00:00,4.25,0.0,6.38,27.85,18.29,1.4,0.0,94.01
2020-09-04 03:00:00+00:00,118.12,145.92,82.17,28.57,17.62,1.78,0.0,94.03
2020-09-04 04:00:00+00:00,336.88,363.59,166.68,32.06,14.53,3.04,0.0,94.06
2020-09-04 05:00:00+00:00,575.92,530.89,222.76,35.95,11.21,2.38,0.0,94.06
2020-09-04 06:00:00+00:00,778.25,642.93,238.73,39.52,8.53,2.84,0.0,94.03
2020-09-04 07:00:00+00:00,918.83,698.04,250.38,40.93,7.92,3.32,0.0,93.96
2020-09-04 08:00:00+00:00,966.03,637.29,302.09,41.89,7.67,3.54,0.0,93.88
2020-09-04 09:00:00+00:00,923.62,540.26,347.54,42.47,7.56,3.86,0.0,93.8
2020-09-04 10:00:00+00:00,781.25,542.49,273.38,42.67,7.55,4.22,0.0,93.72
2020-09-04 11:00:00+00:00,646.08,428.56,283.69,42.49,7.63,4.55,0.0,93.66
2020-09-04 12:00:00+00:00,417.52,295.62,215.79,41.93,7.86,4.79,0.0,93.63
2020-09-04 13:00:00+00:00,218.32,153.59,155.65,40.91,8.33,4.91,0.0,93.62
2020-09-04 14:00:00+00:00,60.12,20.53,54.59,38.15,9.75,3.28,0.0,93.63
2020-09-04 15:00:00+00:00,0.0,0.0,0.0,34.75,11.9,3.28,0.0,93.67
2020-09-04 16:00:00+00:00,0.0,0.0,0.0,33.58,12.89,3.33,0.0,93.72
2020-09-04 17:00:00+00:00,0.0,0.0,0.0,32.48,13.87,3.28,0.0,93.78
2020-09-04 18:00:00+00:00,0.0,0.0,0.0,31.41,14.97,3.13,0.0,93.81
2020-09-04 19:00:00+00:00,0.0,0.0,0.0,30.4,16.37,2.92,0.0,93.81
2020-09-04 20:00:00+00:00,0.0,0.0,0.0,29.56,17.97,2.69,0.0,93.78
2020-09-04 21:00:00+00:00,0.0,0.0,0.0,28.75,19.88,2.55,0.0,93.74
2020-09-04 22:00:00+00:00,0.0,0.0,0.0,28.08,21.61,2.54,0.0,93.72
2020-09-04 23:00:00+00:00,0.0,0.0,0.0,27.52,23.06,2.59,0.0,93.72
2020-09-05 00:00:00+00:00,0.0,0.0,0.0,27.03,24.16,2.65,0.0,93.74
2020-09-05 01:00:00+00:00,0.0,0.0,0.0,26.64,24.86,2.71,0.0,93.78
2020-09-05 02:00:00+00:00,3.92,0.0,6.25,26.3,25.29,2.77,0.0,93.82
2020-09-05 03:00:00+00:00,103.4,67.88,88.4,28.21,22.42,2.3,0.0,93.87
2020-09-05 04:00:00+00:00,309.55,266.84,186.79,31.51,18.36,2.78,0.0,93.9
2020-09-05 05:00:00+00:00,546.12,430.7,249.98,35.06,15.4,1.46,0.0,93.9
2020-09-05 06:00:00+00:00,751.85,544.42,285.37,38.23,12.81,0.65,0.0,93.87
2020-09-05 07:00:00+00:00,897.15,617.06,301.6,39.83,11.05,1.76,0.0,93.81
2020-09-05 08:00:00+00:00,980.65,705.57,285.61,40.87,10.04,2.47,0.0,93.73
2020-09-05 09:00:00+00:00,880.0,683.27,276.77,41.51,9.4,2.79,0.0,93.64
2020-09-05 10:00:00+00:00,843.58,608.75,287.53,41.78,9.04,2.92,0.0,93.56
2020-09-05 11:00:00+00:00,710.72,559.41,260.5,41.7,8.85,3.04,0.0,93.51
2020-09-05 12:00:00+00:00,489.05,482.69,193.64,41.23,8.82,3.21,0.0,93.49
2020-09-05 13:00:00+00:00,264.58,320.64,142.57,40.37,9.0,3.37,0.0,93.49
2020-09-05 14:00:00+00:00,69.07,64.54,63.26,37.51,10.4,2.37,0.0,93.5
2020-09-05 15:00:00+00:00,0.0,0.0,0.0,34.52,12.45,2.6,0.0,93.53
2020-09-05 16:00:00+00:00,0.0,0.0,0.0,33.41,13.69,2.73,0.0,93.58
2020-09-05 17:00:00+00:00,0.0,0.0,0.0,32.18,15.36,2.77,0.0,93.64
2020-09-05 18:00:00+00:00,0.0,0.0,0.0,31.05,17.27,2.75,0.0,93.66
2020-09-05 19:00:00+00:00,0.0,0.0,0.0,29.89,19.31,2.79,0.0,93.65
2020-09-05 20:00:00+00:00,0.0,0.0,0.0,28.82,20.95,2.88,0.0,93.64
2020-09-05 21:00:00+00:00,0.0,0.0,0.0,27.95,22.03,3.01,0.0,93.63
2020-09-05 22:00:00+00:00,0.0,0.0,0.0,27.35,22.57,3.16,0.0,93.62
2020-09-05 23:00:00+00:00,0.0,0.0,0.0,26.89,22.94,3.28,0.0,93.63
2020-09-06 00:00:00+00:00,0.0,0.0,0.0,26.56,23.14,3.39,0.0,93.65
2020-09-06 01:00:00+00:00,0.0,0.0,0.0,26.27,23.37,3.47,0.0,93.69
2020-09-06 02:00:00+00:00,3.92,0.82,6.12,26.04,23.61,3.52,0.0,93.73
2020-09-06 03:00:00+00:00,117.93,190.51,76.64,28.37,20.57,3.52,0.0,93.77
2020-09-06 04:00:00+00:00,347.88,466.99,148.28,31.59,17.07,4.54,0.0,93.81
2020-09-06 05:00:00+00:00,593.8,631.2,187.02,35.55,13.81,4.14,0.0,93.82
2020-09-06 06:00:00+00:00,801.35,750.96,192.38,38.22,11.85,3.79,0.0,93.81
2020-09-06 07:00:00+00:00,939.72,803.26,198.91,39.58,10.66,3.31,0.0,93.76
2020-09-06 08:00:00+00:00,984.67,722.82,257.75,40.56,9.75,3.16,0.0,93.7
2020-09-06 09:00:00+00:00,971.05,705.29,260.5,41.18,9.07,3.29,0.0,93.63
2020-09-06 10:00:00+00:00,879.45,660.02,263.8,41.37,8.61,3.53,0.0,93.56
2020-09-06 11:00:00+00:00,706.35,554.25,262.44,41.2,8.36,3.92,0.0,93.52
2020-09-06 12:00:00+00:00,482.52,427.7,213.99,40.63,8.33,4.37,0.0,93.51
2020-09-06 13:00:00+00:00,244.35,227.67,151.2,39.61,8.5,4.77,0.0,93.53
2020-09-06 14:00:00+00:00,57.72,20.57,50.91,36.82,9.58,3.53,0.0,93.57
2020-09-06 15:00:00+00:00,0.0,0.0,0.0,33.48,11.15,3.78,0.0,93.62
2020-09-06 16:00:00+00:00,0.0,0.0,0.0,32.41,11.69,4.26,0.0,93.69
2020-09-06 17:00:00+00:00,0.0,0.0,0.0,31.42,12.6,4.71,0.0,93.75
2020-09-06 18:00:00+00:00,0.0,0.0,0.0,30.47,13.89,5.03,0.0,93.78
2020-09-06 19:00:00+00:00,0.0,0.0,0.0,29.53,15.46,5.01,0.0,93.78
2020-09-06 20:00:00+00:00,0.0,0.0,0.0,28.58,17.14,4.64,0.0,93.78
2020-09-06 21:00:00+00:00,0.0,0.0,0.0,27.72,18.78,4.27,0.0,93.77
2020-09-06 22:00:00+00:00,0.0,0.0,0.0,26.87,20.59,3.88,0.0,93.76
2020-09-06 23:00:00+00:00,0.0,0.0,0.0,26.05,22.63,3.57,0.0,93.76
2020-09-07 00:00:00+00:00,0.0,0.0,0.0,25.32,24.89,3.38,0.0,93.8
2020-09-07 01:00:00+00:00,0.0,0.0,0.0,24.68,27.46,3.26,0.0,93.86
2020-09-07 02:00:00+00:00,3.47,0.0,5.45,24.15,30.16,3.17,0.0,93.92
2020-09-07 03:00:00+00:00,99.7,52.97,86.63,26.16,28.19,3.64,0.0,93.98
2020-09-07 04:00:00+00:00,307.48,255.76,189.68,28.69,25.12,3.73,0.0,94.03
2020-09-07 05:00:00+00:00,545.17,435.52,235.52,33.41,18.33,4.04,0.0,94.05
2020-09-07 06:00:00+00:00,756.0,554.1,281.21,36.75,13.76,4.87,0.0,94.04
2020-09-07 07:00:00+00:00,910.4,628.08,298.91,38.19,11.98,4.85,0.0,93.99
2020-09-07 08:00:00+00:00,1019.97,917.02,148.82,39.24,10.53,4.9,0.0,93.92
2020-09-07 09:00:00+00:00,1009.67,914.55,146.79,39.89,9.37,5.08,0.0,93.85
2020-09-07 10:00:00+00:00,880.43,687.97,247.26,40.18,8.47,5.37,0.0,93.8
2020-09-07 11:00:00+00:00,707.33,573.95,254.4,40.04,7.91,5.64,0.0,93.76
2020-09-07 12:00:00+00:00,548.45,705.12,138.94,39.47,7.69,5.83,0.0,93.75
2020-09-07 13:00:00+00:00,298.98,493.13,116.5,38.38,7.96,5.8,0.0,93.78
2020-09-07 14:00:00+00:00,72.25,115.4,51.65,35.48,9.5,3.8,0.0,93.81
2020-09-07 15:00:00+00:00,0.0,0.0,0.0,31.76,12.41,3.44,0.0,93.85
2020-09-07 16:00:00+00:00,0.0,0.0,0.0,30.66,14.31,3.41,0.0,93.92
2020-09-07 17:00:00+00:00,0.0,0.0,0.0,29.8,16.26,3.34,0.0,93.99
2020-09-07 18:00:00+00:00,0.0,0.0,0.0,28.99,18.06,3.24,0.0,94.02
2020-09-07 19:00:00+00:00,0.0,0.0,0.0,28.21,19.6,3.1,0.0,94.03
2020-09-07 20:00:00+00:00,0.0,0.0,0.0,27.53,21.08,2.93,0.0,94.01
2020-09-07 21:00:00+00:00,0.0,0.0,0.0,26.97,22.5,2.75,0.0,93.99
2020-09-07 22:00:00+00:00,0.0,0.0,0.0,26.62,23.77,2.55,0.0,93.96
2020-09-07 23:00:00+00:00,0.0,0.0,0.0,26.48,24.79,2.26,0.0,93.94
2020-09-08 00:00:00+00:00,0.0,0.0,0.0,26.49,25.43,1.97,0.0,93.95
2020-09-08 01:00:00+00:00,0.0,0.0,0.0,26.57,25.88,1.67,0.0,94.0
2020-09-08 02:00:00+00:00,3.83,0.0,5.76,26.71,26.02,1.35,0.0,94.04
2020-09-08 03:00:00+00:00,121.57,200.01,76.5,27.78,24.74,0.95,0.0,94.09
2020-09-08 04:00:00+00:00,352.4,474.21,146.71,30.15,21.82,0.85,0.0,94.14
2020-09-08 05:00:00+00:00,588.08,632.29,181.95,34.09,17.67,1.21,0.0,94.16
2020-09-08 06:00:00+00:00,789.05,720.55,203.03,37.15,14.76,2.94,0.0,94.14
2020-09-08 07:00:00+00:00,924.75,771.42,211.13,38.57,13.22,3.49,0.0,94.09
2020-09-08 08:00:00+00:00,975.3,710.37,258.1,39.65,12.08,3.83,0.0,94.03
2020-09-08 09:00:00+00:00,963.58,692.59,270.65,40.37,11.23,4.05,0.0,93.95
2020-09-08 10:00:00+00:00,877.53,660.63,264.62,40.76,10.62,4.21,0.0,93.87
2020-09-08 11:00:00+00:00,712.22,574.77,252.92,40.71,10.31,4.33,0.0,93.82
2020-09-08 12:00:00+00:00,492.6,450.41,212.77,40.25,10.28,4.44,0.0,93.79
2020-09-08 13:00:00+00:00,252.43,257.2,154.24,39.31,10.63,4.47,0.0,93.79
2020-09-08 14:00:00+00:00,56.72,28.19,49.36,36.49,12.31,2.95,0.0,93.82
2020-09-08 15:00:00+00:00,0.0,0.0,0.0,33.1,14.95,3.08,0.0,93.87
2020-09-08 16:00:00+00:00,0.0,0.0,0.0,31.95,15.92,3.11,0.0,93.92
2020-09-08 17:00:00+00:00,0.0,0.0,0.0,30.94,16.74,3.05,0.0,93.99
2020-09-08 18:00:00+00:00,0.0,0.0,0.0,30.07,17.35,2.92,0.0,94.01
2020-09-08 19:00:00+00:00,0.0,0.0,0.0,29.33,18.0,2.77,0.0,94.01
2020-09-08 20:00:00+00:00,0.0,0.0,0.0,28.7,18.58,2.65,0.0,93.98
2020-09-08 21:00:00+00:00,0.0,0.0,0.0,28.17,19.27,2.59,0.0,93.95
2020-09-08 22:00:00+00:00,0.0,0.0,0.0,27.7,20.17,2.59,0.0,93.92
2020-09-08 23:00:00+00:00,0.0,0.0,0.0,27.32,21.2,2.61,0.0,93.91
2020-09-09 00:00:00+00:00,0.0,0.0,0.0,27.0,22.48,2.62,0.0,93.92
2020-09-09 01:00:00+00:00,0.0,0.0,0.0,26.72,23.84,2.65,0.0,93.94
2020-09-09 02:00:00+00:00,3.42,0.0,5.37,26.46,25.18,2.68,0.0,93.97
2020-09-09 03:00:00+00:00,106.55,94.86,84.3,28.08,23.57,2.44,0.0,94.0
2020-09-09 04:00:00+00:00,323.85,341.7,173.35,32.02,19.16,3.18,0.0,94.04
2020-09-09 05:00:00+00:00,561.78,507.45,215.36,35.48,15.12,2.11,0.0,94.04
2020-09-09 06:00:00+00:00,766.15,610.96,255.83,38.72,10.77,0.81,0.0,94.01
2020-09-09 07:00:00+00:00,910.17,671.55,270.09,40.34,8.79,2.08,0.0,93.95
2020-09-09 08:00:00+00:00,984.55,748.6,239.72,41.34,7.65,2.64,0.0,93.87
2020-09-09 09:00:00+00:00,973.8,731.73,252.01,41.91,6.92,2.8,0.0,93.81
2020-09-09 10:00:00+00:00,883.17,699.58,255.31,42.07,6.46,2.6,0.0,93.74
2020-09-09 11:00:00+00:00,721.17,625.84,237.5,41.85,6.31,2.33,0.0,93.68
2020-09-09 12:00:00+00:00,503.3,480.81,216.54,41.27,6.37,2.08,0.0,93.65
2020-09-09 13:00:00+00:00,257.02,281.66,148.01,40.31,6.66,1.86,0.0,93.64
2020-09-09 14:00:00+00:00,58.47,45.59,47.87,37.77,7.71,1.39,0.0,93.65
2020-09-09 15:00:00+00:00,0.0,0.0,0.0,35.63,8.72,1.61,0.0,93.67
2020-09-09 16:00:00+00:00,0.0,0.0,0.0,34.31,9.6,1.88,0.0,93.71
2020-09-09 17:00:00+00:00,0.0,0.0,0.0,32.76,10.9,2.26,0.0,93.76
2020-09-09 18:00:00+00:00,0.0,0.0,0.0,30.98,12.83,2.75,0.0,93.78
2020-09-09 19:00:00+00:00,0.0,0.0,0.0,29.53,15.17,3.22,0.0,93.77
2020-09-09 20:00:00+00:00,0.0,0.0,0.0,28.53,17.68,3.52,0.0,93.75
2020-09-09 21:00:00+00:00,0.0,0.0,0.0,27.83,20.01,3.68,0.0,93.72
2020-09-09 22:00:00+00:00,0.0,0.0,0.0,27.3,21.75,3.73,0.0,93.7
2020-09-09 23:00:00+00:00,0.0,0.0,0.0,26.83,23.03,3.73,0.0,93.69
2020-09-10 00:00:00+00:00,0.0,0.0,0.0,26.37,24.06,3.71,0.0,93.7
2020-09-10 01:00:00+00:00,0.0,0.0,0.0,25.96,24.79,3.67,0.0,93.73
2020-09-10 02:00:00+00:00,3.45,0.0,5.1,25.58,25.41,3.62,0.0,93.76
2020-09-10 03:00:00+00:00,110.28,125.21,76.6,27.7,22.44,3.55,0.0,93.81
2020-09-10 04:00:00+00:00,321.7,323.67,177.35,31.24,18.31,4.88,0.0,93.85
2020-09-10 05:00:00+00:00,558.83,491.33,227.25,35.08,14.21,4.15,0.0,93.86
2020-09-10 06:00:00+00:00,757.45,587.56,262.02,39.14,9.56,3.18,0.0,93.85
2020-09-10 07:00:00+00:00,896.85,634.36,286.1,40.64,8.17,2.43,0.0,93.81
2020-09-10 08:00:00+00:00,969.08,710.62,274.94,41.56,7.54,2.08,0.0,93.75
2020-09-10 09:00:00+00:00,911.62,652.8,281.5,42.09,7.16,1.95,0.0,93.69
2020-09-10 10:00:00+00:00,777.6,485.89,310.37,42.3,6.99,2.08,0.0,93.63
2020-09-10 11:00:00+00:00,644.8,432.01,290.45,42.15,7.0,2.28,0.0,93.58
2020-09-10 12:00:00+00:00,405.12,366.49,191.86,41.61,7.18,2.49,0.0,93.55
2020-09-10 13:00:00+00:00,218.12,225.46,137.87,40.65,7.56,2.66,0.0,93.54
2020-09-10 14:00:00+00:00,51.47,33.39,47.25,37.52,8.99,2.08,0.0,93.56
2020-09-10 15:00:00+00:00,0.0,0.0,0.0,35.0,10.35,2.36,0.0,93.6
2020-09-10 16:00:00+00:00,0.0,0.0,0.0,33.9,11.01,2.5,0.0,93.65
2020-09-10 17:00:00+00:00,0.0,0.0,0.0,32.76,11.77,2.69,0.0,93.7
2020-09-10 18:00:00+00:00,0.0,0.0,0.0,31.6,12.63,2.9,0.0,93.72
2020-09-10 19:00:00+00:00,0.0,0.0,0.0,30.48,13.64,3.09,0.0,93.71
2020-09-10 20:00:00+00:00,0.0,0.0,0.0,29.51,14.67,3.19,0.0,93.69
2020-09-10 21:00:00+00:00,0.0,0.0,0.0,28.59,15.84,3.06,0.0,93.65
2020-09-10 22:00:00+00:00,0.0,0.0,0.0,27.85,17.02,2.8,0.0,93.63
2020-09-10 23:00:00+00:00,0.0,0.0,0.0,27.4,17.92,2.48,0.0,93.62
2020-09-11 00:00:00+00:00,0.0,0.0,0.0,27.29,18.49,2.1,0.0,93.64
2020-09-11 01:00:00+00:00,0.0,0.0,0.0,27.51,18.59,1.65,0.0,93.68
2020-09-11 02:00:00+00:00,3.22,0.0,4.96,27.84,18.44,1.17,0.0,93.72
2020-09-11 03:00:00+00:00,97.7,49.29,82.61,28.8,17.53,0.63,0.0,93.77
2020-09-11 04:00:00+00:00,278.98,171.43,197.45,30.77,15.79,0.82,0.0,93.82
2020-09-11 05:00:00+00:00,507.38,314.08,289.57,34.03,13.23,1.71,0.0,93.84
2020-09-11 06:00:00+00:00,754.22,568.25,277.64,39.25,9.27,4.3,0.0,93.84
2020-09-11 07:00:00+00:00,886.78,643.19,294.77,40.87,8.44,5.39,0.0,93.81
2020-09-11 08:00:00+00:00,907.53,558.81,324.17,41.71,8.14,6.15,0.0,93.75
2020-09-11 09:00:00+00:00,832.28,416.99,398.83,42.14,8.01,6.35,0.0,93.68
2020-09-11 10:00:00+00:00,763.2,420.12,375.26,42.24,7.94,6.22,0.0,93.61
2020-09-11 11:00:00+00:00,581.47,278.98,342.45,41.98,7.94,6.12,0.0,93.56
2020-09-11 12:00:00+00:00,357.38,245.14,208.39,41.35,8.07,6.01,0.0,93.55
2020-09-11 13:00:00+00:00,182.25,89.73,147.97,40.35,8.38,5.69,0.0,93.56
2020-09-11 14:00:00+00:00,44.62,7.18,42.03,37.24,9.76,3.45,0.0,93.59
2020-09-11 15:00:00+00:00,0.0,0.0,0.0,34.11,11.49,3.46,0.0,93.65
2020-09-11 16:00:00+00:00,0.0,0.0,0.0,32.9,12.25,3.49,0.0,93.71
2020-09-11 17:00:00+00:00,0.0,0.0,0.0,31.81,13.06,3.45,0.0,93.78
2020-09-11 18:00:00+00:00,0.0,0.0,0.0,30.88,13.88,3.32,0.0,93.8
2020-09-11 19:00:00+00:00,0.0,0.0,0.0,30.01,14.72,3.11,0.0,93.78
2020-09-11 20:00:00+00:00,0.0,0.0,0.0,29.21,15.6,2.84,0.0,93.76
2020-09-11 21:00:00+00:00,0.0,0.0,0.0,28.57,16.34,2.58,0.0,93.73
2020-09-11 22:00:00+00:00,0.0,0.0,0.0,27.88,17.16,2.61,0.0,93.72
2020-09-11 23:00:00+00:00,0.0,0.0,0.0,27.05,18.27,2.98,0.0,93.73
2020-09-12 00:00:00+00:00,0.0,0.0,0.0,26.47,19.48,3.23,0.0,93.77
2020-09-12 01:00:00+00:00,0.0,0.0,0.0,25.83,21.32,3.33,0.0,93.83
2020-09-12 02:00:00+00:00,0.0,0.0,0.0,25.43,23.27,3.33,0.0,93.87
2020-09-12 03:00:00+00:00,118.28,157.03,82.97,27.27,22.05,2.92,0.0,93.92
2020-09-12 04:00:00+00:00,330.8,389.82,156.54,30.84,18.49,4.03,0.0,93.97
2020-09-12 05:00:00+00:00,568.9,561.01,206.45,34.34,15.13,3.61,0.0,93.99
2020-09-12 06:00:00+00:00,770.78,650.31,240.36,38.72,10.23,4.56,0.0,93.98
2020-09-12 07:00:00+00:00,908.67,715.79,243.64,40.29,8.44,4.79,0.0,93.94
2020-09-12 08:00:00+00:00,1002.78,874.63,170.4,41.2,7.4,5.19,0.0,93.88
2020-09-12 09:00:00+00:00,988.7,857.73,187.75,41.69,6.58,5.74,0.0,93.82
2020-09-12 10:00:00+00:00,897.97,810.84,193.71,41.83,6.03,6.22,0.0,93.75
2020-09-12 11:00:00+00:00,739.3,755.18,178.03,41.55,5.78,6.57,0.0,93.7
2020-09-12 12:00:00+00:00,521.22,623.9,168.2,40.87,5.81,6.73,0.0,93.67
2020-09-12 13:00:00+00:00,270.4,434.4,117.72,39.71,6.12,6.45,0.0,93.68
2020-09-12 14:00:00+00:00,54.58,77.64,42.25,36.12,7.51,3.94,0.0,93.7
2020-09-12 15:00:00+00:00,0.0,0.0,0.0,32.66,9.35,3.75,0.0,93.74
2020-09-12 16:00:00+00:00,0.0,0.0,0.0,31.41,10.4,3.69,0.0,93.8
2020-09-12 17:00:00+00:00,0.0,0.0,0.0,30.33,11.52,3.55,0.0,93.86
2020-09-12 18:00:00+00:00,0.0,0.0,0.0,29.39,12.75,3.31,0.0,93.89
2020-09-12 19:00:00+00:00,0.0,0.0,0.0,28.62,13.9,3.03,0.0,93.89
2020-09-12 20:00:00+00:00,0.0,0.0,0.0,28.08,14.86,2.7,0.0,93.87
2020-09-12 21:00:00+00:00,0.0,0.0,0.0,27.9,15.33,2.29,0.0,93.85
2020-09-12 22:00:00+00:00,0.0,0.0,0.0,27.97,15.38,1.84,0.0,93.83
2020-09-12 23:00:00+00:00,0.0,0.0,0.0,28.15,15.26,1.37,0.0,93.83
2020-09-13 00:00:00+00:00,0.0,0.0,0.0,28.19,15.19,1.02,0.0,93.86
2020-09-13 01:00:00+00:00,0.0,0.0,0.0,27.93,15.43,1.0,0.0,93.89
2020-09-13 02:00:00+00:00,0.0,0.0,0.0,27.46,15.87,1.23,0.0,93.93
2020-09-13 03:00:00+00:00,118.8,162.63,86.14,27.87,15.62,1.29,0.0,93.98
2020-09-13 04:00:00+00:00,332.55,391.33,165.92,30.41,13.6,1.35,0.0,94.03
2020-09-13 05:00:00+00:00,568.75,552.77,211.15,33.94,11.34,0.87,0.0,94.05
2020-09-13 06:00:00+00:00,767.7,646.01,241.38,37.99,9.08,2.14,0.0,94.04
2020-09-13 07:00:00+00:00,907.7,702.18,253.42,39.49,8.27,2.53,0.0,94.0
2020-09-13 08:00:00+00:00,940.97,611.38,311.97,40.28,7.92,2.53,0.0,93.95
2020-09-13 09:00:00+00:00,923.35,581.95,325.16,40.72,7.73,2.44,0.0,93.88
2020-09-13 10:00:00+00:00,825.62,527.77,320.63,40.87,7.7,2.34,0.0,93.81
2020-09-13 11:00:00+00:00,656.42,449.06,297.55,40.7,7.85,2.31,0.0,93.77
2020-09-13 12:00:00+00:00,439.3,322.96,240.93,40.18,8.21,2.4,0.0,93.76
2020-09-13 13:00:00+00:00,211.7,158.35,143.43,39.25,8.82,2.64,0.0,93.78
2020-09-13 14:00:00+00:00,43.5,12.3,37.59,36.23,10.67,2.21,0.0,93.82
2020-09-13 15:00:00+00:00,0.0,0.0,0.0,33.36,12.89,2.7,0.0,93.86
2020-09-13 16:00:00+00:00,0.0,0.0,0.0,32.31,14.02,2.84,0.0,93.93
2020-09-13 17:00:00+00:00,0.0,0.0,0.0,31.53,14.89,2.79,0.0,93.98
2020-09-13 18:00:00+00:00,0.0,0.0,0.0,30.94,15.47,2.6,0.0,94.0
2020-09-13 19:00:00+00:00,0.0,0.0,0.0,30.67,15.64,2.3,0.0,93.97
2020-09-13 20:00:00+00:00,0.0,0.0,0.0,30.57,15.58,1.97,0.0,93.93
2020-09-13 21:00:00+00:00,0.0,0.0,0.0,30.5,15.47,1.71,0.0,93.89
2020-09-13 22:00:00+00:00,0.0,0.0,0.0,30.41,15.33,1.56,0.0,93.85
2020-09-13 23:00:00+00:00,0.0,0.0,0.0,30.21,15.33,1.5,0.0,93.85
2020-09-14 00:00:00+00:00,0.0,0.0,0.0,30.03,15.28,1.51,0.0,93.86
2020-09-14 01:00:00+00:00,0.0,0.0,0.0,29.83,15.32,1.55,0.0,93.9
2020-09-14 02:00:00+00:00,0.0,0.0,0.0,29.63,15.37,1.63,0.0,93.96
2020-09-14 03:00:00+00:00,97.82,44.9,84.16,30.19,14.78,1.69,0.0,94.01
2020-09-14 04:00:00+00:00,285.52,209.5,185.07,33.4,12.36,2.07,0.0,94.07
2020-09-14 05:00:00+00:00,511.1,345.83,258.44,36.62,11.18,1.9,0.0,94.08
2020-09-14 06:00:00+00:00,711.15,452.19,314.99,39.06,10.95,1.62,0.0,94.06
2020-09-14 07:00:00+00:00,837.33,467.64,378.61,40.0,10.57,1.4,0.0,94.0
2020-09-14 08:00:00+00:00,938.6,625.52,318.14,40.68,10.22,1.23,0.0,93.93
2020-09-14 09:00:00+00:00,894.75,604.81,337.02,41.03,10.03,0.86,0.0,93.85
2020-09-14 10:00:00+00:00,752.35,378.77,363.39,41.14,9.9,0.52,0.0,93.77
2020-09-14 11:00:00+00:00,581.42,294.67,322.41,41.02,9.87,0.48,0.0,93.72
2020-09-14 12:00:00+00:00,363.55,220.59,212.0,40.57,9.95,0.69,0.0,93.72
2020-09-14 13:00:00+00:00,174.35,99.23,128.61,39.83,10.16,0.87,0.0,93.74
2020-09-14 14:00:00+00:00,36.88,7.77,36.0,38.24,10.89,0.72,0.0,93.76
2020-09-14 15:00:00+00:00,0.0,0.0,0.0,36.99,11.5,0.5,0.0,93.8
2020-09-14 16:00:00+00:00,0.0,0.0,0.0,36.21,11.98,0.45,0.0,93.85
2020-09-14 17:00:00+00:00,0.0,0.0,0.0,35.29,12.71,0.55,0.0,93.89
2020-09-14 18:00:00+00:00,0.0,0.0,0.0,34.42,13.48,0.53,0.0,93.9
2020-09-14 19:00:00+00:00,0.0,0.0,0.0,33.62,14.23,0.43,0.0,93.88
2020-09-14 20:00:00+00:00,0.0,0.0,0.0,32.87,14.96,0.33,0.0,93.84
2020-09-14 21:00:00+00:00,0.0,0.0,0.0,32.21,15.61,0.28,0.0,93.8
2020-09-14 22:00:00+00:00,0.0,0.0,0.0,31.54,16.31,0.36,0.0,93.78
2020-09-14 23:00:00+00:00,0.0,0.0,0.0,30.99,16.89,0.57,0.0,93.77
2020-09-15 00:00:00+00:00,0.0,0.0,0.0,30.46,17.45,0.81,0.0,93.8
2020-09-15 01:00:00+00:00,0.0,0.0,0.0,29.92,18.04,1.01,0.0,93.84
2020-09-15 02:00:00+00:00,0.0,0.0,0.0,29.38,18.65,1.18,0.0,93.89
2020-09-15 03:00:00+00:00,99.93,42.71,84.77,29.62,18.33,1.26,0.0,93.93
2020-09-15 04:00:00+00:00,278.27,161.41,221.67,32.01,15.75,1.73,0.0,93.97
2020-09-15 05:00:00+00:00,492.75,397.46,260.47,35.31,12.71,1.63,0.0,93.99
2020-09-15 06:00:00+00:00,750.5,593.27,255.16,39.44,9.27,2.94,0.0,93.96
2020-09-15 07:00:00+00:00,890.38,682.91,283.6,40.71,8.37,3.49,0.0,93.9
2020-09-15 08:00:00+00:00,941.25,631.87,305.44,41.48,7.91,3.73,0.0,93.82
2020-09-15 09:00:00+00:00,925.5,619.13,316.37,41.87,7.67,3.84,0.0,93.74
2020-09-15 10:00:00+00:00,805.08,541.91,315.01,42.02,7.55,3.88,0.0,93.67
2020-09-15 11:00:00+00:00,587.5,318.74,310.14,41.75,7.62,3.98,0.0,93.62
2020-09-15 12:00:00+00:00,330.38,174.25,216.71,41.17,7.81,4.1,0.0,93.6
2020-09-15 13:00:00+00:00,167.9,64.77,143.66,40.2,8.17,4.09,0.0,93.61
2020-09-15 14:00:00+00:00,37.75,3.81,36.89,36.96,9.63,2.76,0.0,93.63
2020-09-15 15:00:00+00:00,0.0,0.0,0.0,34.23,11.03,3.09,0.0,93.67
2020-09-15 16:00:00+00:00,0.0,0.0,0.0,33.12,11.56,3.34,0.0,93.72
2020-09-15 17:00:00+00:00,0.0,0.0,0.0,31.99,12.11,3.54,0.0,93.77
2020-09-15 18:00:00+00:00,0.0,0.0,0.0,30.93,12.66,3.69,0.0,93.79
2020-09-15 19:00:00+00:00,0.0,0.0,0.0,29.83,13.23,3.74,0.0,93.77
2020-09-15 20:00:00+00:00,0.0,0.0,0.0,28.63,13.83,3.7,0.0,93.74
2020-09-15 21:00:00+00:00,0.0,0.0,0.0,27.67,14.22,3.56,0.0,93.72
2020-09-15 22:00:00+00:00,0.0,0.0,0.0,26.83,14.64,3.36,0.0,93.7
2020-09-15 23:00:00+00:00,0.0,0.0,0.0,26.07,15.09,3.17,0.0,93.7
2020-09-16 00:00:00+00:00,0.0,0.0,0.0,25.44,15.53,2.94,0.0,93.73
2020-09-16 01:00:00+00:00,0.0,0.0,0.0,25.01,15.85,2.63,0.0,93.78
2020-09-16 02:00:00+00:00,0.0,0.0,0.0,24.83,15.98,2.28,0.0,93.85
2020-09-16 03:00:00+00:00,110.38,125.98,79.06,25.97,14.9,1.88,0.0,93.91
2020-09-16 04:00:00+00:00,322.0,359.09,162.65,28.77,12.69,2.55,0.0,93.96
2020-09-16 05:00:00+00:00,559.2,530.06,215.97,32.0,10.61,2.46,0.0,93.97
2020-09-16 06:00:00+00:00,760.05,632.16,246.48,37.24,7.72,3.42,0.0,93.95
2020-09-16 07:00:00+00:00,901.28,695.47,256.16,39.46,6.91,3.84,0.0,93.89
2020-09-16 08:00:00+00:00,968.3,748.91,239.1,40.54,6.75,4.01,0.0,93.81
2020-09-16 09:00:00+00:00,952.47,750.1,226.96,41.16,6.82,3.86,0.0,93.72
2020-09-16 10:00:00+00:00,862.3,710.79,230.99,41.38,6.98,3.49,0.0,93.64
2020-09-16 11:00:00+00:00,686.08,630.14,209.86,41.22,7.16,3.22,0.0,93.59
2020-09-16 12:00:00+00:00,464.4,486.43,188.82,40.7,7.38,3.09,0.0,93.57
2020-09-16 13:00:00+00:00,227.73,306.09,122.21,39.7,7.79,3.02,0.0,93.59
2020-09-16 14:00:00+00:00,39.88,27.63,36.71,36.12,9.48,2.32,0.0,93.64
2020-09-16 15:00:00+00:00,0.0,0.0,0.0,33.3,11.09,2.85,0.0,93.69
2020-09-16 16:00:00+00:00,0.0,0.0,0.0,31.94,11.95,3.13,0.0,93.76
2020-09-16 17:00:00+00:00,0.0,0.0,0.0,30.78,12.78,3.21,0.0,93.83
2020-09-16 18:00:00+00:00,0.0,0.0,0.0,29.73,13.75,3.1,0.0,93.87
2020-09-16 19:00:00+00:00,0.0,0.0,0.0,28.84,14.78,2.82,0.0,93.87
2020-09-16 20:00:00+00:00,0.0,0.0,0.0,28.25,15.72,2.47,0.0,93.85
2020-09-16 21:00:00+00:00,0.0,0.0,0.0,27.95,16.48,2.1,0.0,93.84
2020-09-16 22:00:00+00:00,0.0,0.0,0.0,27.47,17.44,2.0,0.0,93.85
2020-09-16 23:00:00+00:00,0.0,0.0,0.0,26.62,18.81,2.22,0.0,93.86
2020-09-17 00:00:00+00:00,0.0,0.0,0.0,25.7,20.23,2.55,0.0,93.89
2020-09-17 01:00:00+00:00,0.0,0.0,0.0,24.95,21.4,2.85,0.0,93.93
2020-09-17 02:00:00+00:00,0.0,0.0,0.0,24.45,22.15,3.11,0.0,93.97
2020-09-17 03:00:00+00:00,120.22,196.42,80.22,26.11,20.22,2.83,0.0,94.03
2020-09-17 04:00:00+00:00,346.1,487.16,141.88,30.19,16.09,3.62,0.0,94.1
2020-09-17 05:00:00+00:00,583.53,662.02,168.78,33.78,13.29,3.0,0.0,94.14
2020-09-17 06:00:00+00:00,736.16,589.36,253.27,37.67,10.45,2.48,0.0,94.14
2020-09-17 07:00:00+00:00,916.12,806.1,193.28,39.11,9.3,2.23,0.0,94.12
2020-09-17 08:00:00+00:00,971.75,781.71,221.1,39.92,8.66,2.18,0.0,94.05
2020-09-17 09:00:00+00:00,957.9,778.5,213.72,40.38,8.18,2.12,0.0,93.98
2020-09-17 10:00:00+00:00,864.97,740.48,215.56,40.56,7.92,2.14,0.0,93.91
2020-09-17 11:00:00+00:00,702.08,661.88,206.34,40.38,7.87,2.26,0.0,93.88
2020-09-17 12:00:00+00:00,480.8,529.24,187.53,39.84,8.02,2.42,0.0,93.87
2020-09-17 13:00:00+00:00,236.75,320.38,126.01,38.87,8.41,2.53,0.0,93.89
2020-09-17 14:00:00+00:00,39.78,26.78,36.22,35.89,9.89,1.93,0.0,93.92
2020-09-17 15:00:00+00:00,0.0,0.0,0.0,33.52,11.34,2.2,0.0,93.96
2020-09-17 16:00:00+00:00,0.0,0.0,0.0,32.46,12.1,2.3,0.0,94.01
2020-09-17 17:00:00+00:00,0.0,0.0,0.0,31.61,12.83,2.29,0.0,94.07
2020-09-17 18:00:00+00:00,0.0,0.0,0.0,30.79,13.59,2.25,0.0,94.1
2020-09-17 19:00:00+00:00,0.0,0.0,0.0,29.92,14.53,2.25,0.0,94.08
2020-09-17 20:00:00+00:00,0.0,0.0,0.0,28.92,15.76,2.31,0.0,94.05
2020-09-17 21:00:00+00:00,0.0,0.0,0.0,27.89,17.33,2.37,0.0,94.03
2020-09-17 22:00:00+00:00,0.0,0.0,0.0,26.97,18.96,2.38,0.0,94.0
2020-09-17 23:00:00+00:00,0.0,0.0,0.0,26.31,20.36,2.3,0.0,93.99
2020-09-18 00:00:00+00:00,0.0,0.0,0.0,25.94,21.27,2.15,0.0,94.02
2020-09-18 01:00:00+00:00,0.0,0.0,0.0,25.75,21.7,1.99,0.0,94.06
2020-09-18 02:00:00+00:00,0.0,0.0,0.0,25.69,21.83,1.85,0.0,94.11
2020-09-18 03:00:00+00:00,111.03,131.24,82.41,26.64,20.61,1.59,0.0,94.16
2020-09-18 04:00:00+00:00,328.8,413.98,151.61,29.51,17.37,1.68,0.0,94.21
2020-09-18 05:00:00+00:00,565.1,587.02,191.93,33.41,14.92,1.85,0.0,94.23
2020-09-18 06:00:00+00:00,764.67,679.6,225.99,36.88,13.4,3.12,0.0,94.21
2020-09-18 07:00:00+00:00,905.65,743.17,228.49,38.33,12.13,3.42,0.0,94.15
2020-09-18 08:00:00+00:00,960.42,737.83,244.73,39.2,11.33,3.55,0.0,94.06
2020-09-18 09:00:00+00:00,943.3,736.12,232.4,39.68,10.83,3.5,0.0,93.97
2020-09-18 10:00:00+00:00,851.15,694.46,236.13,39.87,10.45,3.41,0.0,93.89
2020-09-18 11:00:00+00:00,673.8,598.44,228.85,39.77,10.23,3.43,0.0,93.85
2020-09-18 12:00:00+00:00,451.27,466.68,187.06,39.29,10.28,3.55,0.0,93.83
2020-09-18 13:00:00+00:00,215.35,265.74,126.02,38.34,10.69,3.68,0.0,93.83
2020-09-18 14:00:00+00:00,34.75,16.15,34.59,35.19,12.56,2.6,0.0,93.86
2020-09-18 15:00:00+00:00,0.0,0.0,0.0,32.31,14.61,2.89,0.0,93.89
2020-09-18 16:00:00+00:00,0.0,0.0,0.0,31.18,15.38,3.04,0.0,93.94
2020-09-18 17:00:00+00:00,0.0,0.0,0.0,30.13,16.06,3.1,0.0,93.99
2020-09-18 18:00:00+00:00,0.0,0.0,0.0,29.13,16.83,3.05,0.0,94.0
2020-09-18 19:00:00+00:00,0.0,0.0,0.0,28.25,17.66,2.93,0.0,93.97
2020-09-18 20:00:00+00:00,0.0,0.0,0.0,27.55,18.56,2.74,0.0,93.94
2020-09-18 21:00:00+00:00,0.0,0.0,0.0,27.16,19.4,2.45,0.0,93.91
2020-09-18 22:00:00+00:00,0.0,0.0,0.0,27.13,19.97,2.07,0.0,93.88
2020-09-18 23:00:00+00:00,0.0,0.0,0.0,27.25,20.4,1.65,0.0,93.87
2020-09-19 00:00:00+00:00,0.0,0.0,0.0,27.44,20.72,1.21,0.0,93.9
2020-09-19 01:00:00+00:00,0.0,0.0,0.0,27.47,21.14,0.76,0.0,93.93
2020-09-19 02:00:00+00:00,0.0,0.0,0.0,27.38,21.63,0.31,0.0,93.97
2020-09-19 03:00:00+00:00,105.55,135.59,76.56,27.86,21.28,0.1,0.0,94.01
2020-09-19 04:00:00+00:00,317.65,393.71,150.15,29.6,19.46,0.55,0.0,94.04
2020-09-19 05:00:00+00:00,553.1,561.9,200.03,33.08,16.74,1.22,0.0,94.04
2020-09-19 06:00:00+00:00,753.38,673.13,221.46,37.07,13.71,3.55,0.0,94.0
2020-09-19 07:00:00+00:00,896.03,736.08,226.76,38.49,12.11,4.37,0.0,93.94
2020-09-19 08:00:00+00:00,973.7,830.87,199.56,39.4,10.81,4.97,0.0,93.87
2020-09-19 09:00:00+00:00,957.08,831.7,181.13,39.96,9.79,5.56,0.0,93.79
2020-09-19 10:00:00+00:00,862.1,788.04,194.24,40.17,9.11,6.0,0.0,93.71
2020-09-19 11:00:00+00:00,698.0,726.27,174.82,39.96,8.76,6.28,0.0,93.65
2020-09-19 12:00:00+00:00,479.33,587.75,164.52,39.33,8.75,6.37,0.0,93.62
2020-09-19 13:00:00+00:00,236.25,373.35,116.3,38.21,9.04,6.17,0.0,93.62
2020-09-19 14:00:00+00:00,36.9,38.14,33.78,34.79,10.74,3.81,0.0,93.65
2020-09-19 15:00:00+00:00,0.0,0.0,0.0,31.63,12.67,3.62,0.0,93.69
2020-09-19 16:00:00+00:00,0.0,0.0,0.0,30.42,13.52,3.56,0.0,93.75
2020-09-19 17:00:00+00:00,0.0,0.0,0.0,29.32,14.44,3.39,0.0,93.81
2020-09-19 18:00:00+00:00,0.0,0.0,0.0,28.47,15.29,3.05,0.0,93.83
2020-09-19 19:00:00+00:00,0.0,0.0,0.0,28.17,15.67,2.55,0.0,93.81
2020-09-19 20:00:00+00:00,0.0,0.0,0.0,28.3,15.71,1.98,0.0,93.79
2020-09-19 21:00:00+00:00,0.0,0.0,0.0,28.56,15.58,1.44,0.0,93.77
2020-09-19 22:00:00+00:00,0.0,0.0,0.0,28.37,15.87,1.25,0.0,93.75
2020-09-19 23:00:00+00:00,0.0,0.0,0.0,27.67,16.57,1.53,0.0,93.76
2020-09-20 00:00:00+00:00,0.0,0.0,0.0,26.63,17.66,1.98,0.0,93.78
2020-09-20 01:00:00+00:00,0.0,0.0,0.0,25.47,18.92,2.44,0.0,93.82
2020-09-20 02:00:00+00:00,0.0,0.0,0.0,24.47,20.09,2.78,0.0,93.85
2020-09-20 03:00:00+00:00,118.05,207.72,71.14,25.41,18.96,2.82,0.0,93.89
2020-09-20 04:00:00+00:00,347.6,491.99,143.75,29.22,15.14,4.27,0.0,93.93
2020-09-20 05:00:00+00:00,589.55,675.19,169.21,32.71,12.68,4.75,0.0,93.97
2020-09-20 06:00:00+00:00,790.4,764.8,191.91,36.72,10.42,6.2,0.0,93.96
2020-09-20 07:00:00+00:00,926.45,822.4,194.8,38.63,9.18,6.89,0.0,93.92
2020-09-20 08:00:00+00:00,959.85,727.0,254.84,39.79,8.2,7.32,0.0,93.86
2020-09-20 09:00:00+00:00,938.78,703.09,260.09,40.39,7.7,7.33,0.0,93.78
2020-09-20 10:00:00+00:00,838.08,654.21,258.57,40.58,7.5,7.27,0.0,93.71
2020-09-20 11:00:00+00:00,661.03,563.93,236.65,40.4,7.47,7.25,0.0,93.66
2020-09-20 12:00:00+00:00,434.23,403.27,208.43,39.78,7.68,7.28,0.0,93.64
2020-09-20 13:00:00+00:00,196.2,172.09,135.1,38.63,8.26,6.87,0.0,93.67
2020-09-20 14:00:00+00:00,29.55,2.45,28.13,34.99,10.31,4.13,0.0,93.71
2020-09-20 15:00:00+00:00,0.0,0.0,0.0,31.89,12.69,3.86,0.0,93.77
2020-09-20 16:00:00+00:00,0.0,0.0,0.0,30.78,13.96,3.81,0.0,93.83
2020-09-20 17:00:00+00:00,0.0,0.0,0.0,29.78,15.15,3.78,0.0,93.88
2020-09-20 18:00:00+00:00,0.0,0.0,0.0,28.83,16.27,3.79,0.0,93.89
2020-09-20 19:00:00+00:00,0.0,0.0,0.0,27.86,17.25,3.82,0.0,93.9
2020-09-20 20:00:00+00:00,0.0,0.0,0.0,26.91,18.16,3.84,0.0,93.9
2020-09-20 21:00:00+00:00,0.0,0.0,0.0,26.02,18.91,3.75,0.0,93.89
2020-09-20 22:00:00+00:00,0.0,0.0,0.0,25.32,19.57,3.65,0.0,93.89
2020-09-20 23:00:00+00:00,0.0,0.0,0.0,24.81,20.32,3.67,0.0,93.88
2020-09-21 00:00:00+00:00,0.0,0.0,0.0,24.41,21.25,3.67,0.0,93.88
2020-09-21 01:00:00+00:00,0.0,0.0,0.0,24.1,22.31,3.63,0.0,93.91
2020-09-21 02:00:00+00:00,0.0,0.0,0.0,23.85,23.36,3.62,0.0,93.93
2020-09-21 03:00:00+00:00,88.65,21.27,82.73,25.64,21.59,3.73,0.0,93.97
2020-09-21 04:00:00+00:00,283.73,193.99,195.07,29.17,17.87,5.46,0.0,94.01
2020-09-21 05:00:00+00:00,522.47,387.57,253.58,32.95,14.83,5.8,0.0,94.04
2020-09-21 06:00:00+00:00,731.58,531.96,292.55,36.51,12.76,7.68,0.0,94.02
2020-09-21 07:00:00+00:00,878.28,630.83,295.28,37.89,11.58,7.94,0.0,93.96
2020-09-21 08:00:00+00:00,983.83,883.08,162.57,38.91,10.29,8.28,0.0,93.89
2020-09-21 09:00:00+00:00,964.35,856.42,175.84,39.58,9.21,8.84,0.0,93.8
2020-09-21 10:00:00+00:00,862.12,786.36,199.57,39.89,8.41,9.37,0.0,93.72
2020-09-21 11:00:00+00:00,685.72,653.89,196.37,39.74,7.96,9.71,0.0,93.67
2020-09-21 12:00:00+00:00,451.1,440.05,205.87,39.11,7.81,9.75,0.0,93.65
2020-09-21 13:00:00+00:00,203.77,186.81,137.81,37.96,7.88,9.12,0.0,93.65
2020-09-21 14:00:00+00:00,30.27,1.2,33.82,34.9,8.86,6.04,0.0,93.66
2020-09-21 15:00:00+00:00,0.0,0.0,0.0,31.38,10.31,4.39,0.0,93.69
2020-09-21 16:00:00+00:00,0.0,0.0,0.0,29.87,10.81,4.07,0.0,93.74
2020-09-21 17:00:00+00:00,0.0,0.0,0.0,28.66,11.37,3.96,0.0,93.79
2020-09-21 18:00:00+00:00,0.0,0.0,0.0,27.67,12.05,4.03,0.0,93.81
2020-09-21 19:00:00+00:00,0.0,0.0,0.0,26.87,12.84,4.29,0.0,93.8
2020-09-21 20:00:00+00:00,0.0,0.0,0.0,26.16,13.69,4.63,0.0,93.78
2020-09-21 21:00:00+00:00,0.0,0.0,0.0,25.44,14.93,4.8,0.0,93.77
2020-09-21 22:00:00+00:00,0.0,0.0,0.0,24.7,16.91,4.79,0.0,93.75
2020-09-21 23:00:00+00:00,0.0,0.0,0.0,24.01,19.88,4.73,0.0,93.76
2020-09-22 00:00:00+00:00,0.0,0.0,0.0,23.37,24.06,4.66,0.0,93.79
2020-09-22 01:00:00+00:00,0.0,0.0,0.0,22.79,29.53,4.48,0.0,93.84
2020-09-22 02:00:00+00:00,0.0,0.0,0.0,22.31,35.64,4.28,0.0,93.89
2020-09-22 03:00:00+00:00,112.32,170.76,78.74,23.87,36.95,5.05,0.0,93.95
2020-09-22 04:00:00+00:00,340.7,470.57,144.57,26.7,33.43,5.66,0.0,94.02
2020-09-22 05:00:00+00:00,581.75,656.78,175.42,30.9,25.92,5.19,0.0,94.06
2020-09-22 06:00:00+00:00,781.38,761.42,188.88,35.3,15.46,5.84,0.0,94.07
2020-09-22 07:00:00+00:00,921.25,831.11,183.98,37.22,11.55,5.71,0.0,94.04
2020-09-22 08:00:00+00:00,958.6,727.97,248.41,38.48,9.63,5.75,0.0,93.99
2020-09-22 09:00:00+00:00,936.62,694.32,267.76,39.36,8.4,5.98,0.0,93.92
2020-09-22 10:00:00+00:00,837.03,647.71,266.05,39.83,7.8,6.26,0.0,93.85
2020-09-22 11:00:00+00:00,660.28,549.76,247.68,39.81,7.68,6.49,0.0,93.79
2020-09-22 12:00:00+00:00,434.65,396.98,208.22,39.32,7.88,6.57,0.0,93.76
2020-09-22 13:00:00+00:00,204.1,193.89,137.45,38.28,8.38,6.2,0.0,93.77
2020-09-22 14:00:00+00:00,28.02,4.18,27.06,34.35,10.42,3.71,0.0,93.8
2020-09-22 15:00:00+00:00,0.0,0.0,0.0,31.22,12.36,3.68,0.0,93.83
2020-09-22 16:00:00+00:00,0.0,0.0,0.0,30.03,13.17,3.6,0.0,93.88
2020-09-22 17:00:00+00:00,0.0,0.0,0.0,28.97,13.89,3.42,0.0,93.92
2020-09-22 18:00:00+00:00,0.0,0.0,0.0,28.09,14.5,3.15,0.0,93.93
2020-09-22 19:00:00+00:00,0.0,0.0,0.0,27.56,14.87,2.77,0.0,93.92
2020-09-22 20:00:00+00:00,0.0,0.0,0.0,27.39,14.89,2.35,0.0,93.89
2020-09-22 21:00:00+00:00,0.0,0.0,0.0,27.19,14.9,2.02,0.0,93.86
2020-09-22 22:00:00+00:00,0.0,0.0,0.0,26.58,15.22,2.0,0.0,93.84
2020-09-22 23:00:00+00:00,0.0,0.0,0.0,25.47,15.93,2.36,0.0,93.84
2020-09-23 00:00:00+00:00,0.0,0.0,0.0,24.06,16.98,2.93,0.0,93.84
2020-09-23 01:00:00+00:00,0.0,0.0,0.0,23.1,17.73,3.42,0.0,93.87
2020-09-23 02:00:00+00:00,0.0,0.0,0.0,22.63,18.2,3.73,0.0,93.89
2020-09-23 03:00:00+00:00,112.07,186.28,77.16,24.0,17.26,4.13,0.0,93.92
2020-09-23 04:00:00+00:00,340.1,483.59,144.91,27.14,15.29,5.82,0.0,93.96
2020-09-23 05:00:00+00:00,577.92,645.61,176.5,30.48,13.43,5.39,0.0,93.99
2020-09-23 06:00:00+00:00,775.42,727.74,203.49,36.17,9.72,6.33,0.0,93.98
2020-09-23 07:00:00+00:00,913.58,792.72,204.5,38.89,7.67,6.44,0.0,93.93
2020-09-23 08:00:00+00:00,986.4,907.72,151.67,39.92,6.88,6.13,0.0,93.85
2020-09-23 09:00:00+00:00,968.45,891.91,160.72,40.49,6.35,5.79,0.0,93.77
2020-09-23 10:00:00+00:00,867.2,848.63,165.96,40.66,6.04,5.46,0.0,93.69
2020-09-23 11:00:00+00:00,698.88,782.56,153.44,40.46,5.9,5.25,0.0,93.63
2020-09-23 12:00:00+00:00,477.33,655.17,137.82,39.81,5.96,5.09,0.0,93.62
2020-09-23 13:00:00+00:00,237.95,448.39,99.56,38.42,6.29,4.28,0.0,93.63
2020-09-23 14:00:00+00:00,31.8,45.61,29.59,33.76,8.04,3.14,0.0,93.68
2020-09-23 15:00:00+00:00,0.0,0.0,0.0,31.09,9.25,3.39,0.0,93.74
2020-09-23 16:00:00+00:00,0.0,0.0,0.0,29.97,9.8,3.32,0.0,93.8
2020-09-23 17:00:00+00:00,0.0,0.0,0.0,29.05,10.3,3.14,0.0,93.86
2020-09-23 18:00:00+00:00,0.0,0.0,0.0,28.49,10.65,2.84,0.0,93.89
2020-09-23 19:00:00+00:00,0.0,0.0,0.0,28.34,10.7,2.4,0.0,93.88
2020-09-23 20:00:00+00:00,0.0,0.0,0.0,28.48,10.61,1.86,0.0,93.87
2020-09-23 21:00:00+00:00,0.0,0.0,0.0,28.7,10.47,1.21,0.0,93.84
2020-09-23 22:00:00+00:00,0.0,0.0,0.0,28.6,10.5,0.58,0.0,93.83
2020-09-23 23:00:00+00:00,0.0,0.0,0.0,28.15,10.73,0.56,0.0,93.82
2020-09-24 00:00:00+00:00,0.0,0.0,0.0,27.26,11.22,1.12,0.0,93.82
2020-09-24 01:00:00+00:00,0.0,0.0,0.0,26.16,11.93,1.66,0.0,93.83
2020-09-24 02:00:00+00:00,0.0,0.0,0.0,25.0,12.74,2.08,0.0,93.86
2020-09-24 03:00:00+00:00,117.28,243.87,72.95,25.05,12.7,2.2,0.0,93.9
2020-09-24 04:00:00+00:00,348.83,542.54,132.84,28.63,10.34,2.56,0.0,93.96
2020-09-24 05:00:00+00:00,586.08,700.51,157.97,31.56,8.81,2.41,0.0,94.01
2020-09-24 06:00:00+00:00,782.88,774.89,182.42,36.68,6.75,2.06,0.0,94.03
2020-09-24 07:00:00+00:00,914.5,827.35,184.14,39.05,6.23,2.98,0.0,94.02
2020-09-24 08:00:00+00:00,968.55,820.65,197.59,39.98,6.17,3.17,0.0,93.96
2020-09-24 09:00:00+00:00,950.9,805.15,209.3,40.49,6.24,3.29,0.0,93.89
2020-09-24 10:00:00+00:00,853.65,771.83,204.56,40.69,6.39,3.4,0.0,93.82
2020-09-24 11:00:00+00:00,683.8,704.05,179.9,40.52,6.66,3.52,0.0,93.76
2020-09-24 12:00:00+00:00,463.02,566.8,165.34,39.95,7.13,3.74,0.0,93.73
2020-09-24 13:00:00+00:00,224.02,355.12,111.28,38.81,7.94,3.8,0.0,93.75
2020-09-24 14:00:00+00:00,28.65,19.62,27.7,34.56,10.54,2.9,0.0,93.78
2020-09-24 15:00:00+00:00,0.0,0.0,0.0,31.79,12.96,3.42,0.0,93.82
2020-09-24 16:00:00+00:00,0.0,0.0,0.0,30.71,14.3,3.59,0.0,93.89
2020-09-24 17:00:00+00:00,0.0,0.0,0.0,29.65,15.56,3.67,0.0,93.96
2020-09-24 18:00:00+00:00,0.0,0.0,0.0,28.61,16.65,3.61,0.0,93.99
2020-09-24 19:00:00+00:00,0.0,0.0,0.0,27.59,17.75,3.47,0.0,93.99
2020-09-24 20:00:00+00:00,0.0,0.0,0.0,26.7,18.78,3.26,0.0,93.97
2020-09-24 21:00:00+00:00,0.0,0.0,0.0,25.97,19.69,3.04,0.0,93.94
2020-09-24 22:00:00+00:00,0.0,0.0,0.0,25.41,20.54,2.84,0.0,93.93
2020-09-24 23:00:00+00:00,0.0,0.0,0.0,24.96,21.29,2.68,0.0,93.93
2020-09-25 00:00:00+00:00,0.0,0.0,0.0,24.57,21.99,2.6,0.0,93.94
2020-09-25 01:00:00+00:00,0.0,0.0,0.0,24.12,22.75,2.64,0.0,93.97
2020-09-25 02:00:00+00:00,0.0,0.0,0.0,23.57,23.68,2.77,0.0,94.02
2020-09-25 03:00:00+00:00,99.97,100.62,80.73,24.58,22.49,2.66,0.0,94.08
2020-09-25 04:00:00+00:00,312.48,339.41,172.02,28.07,18.76,3.83,0.0,94.15
2020-09-25 05:00:00+00:00,551.95,526.85,217.0,31.37,15.95,3.97,0.0,94.2
2020-09-25 06:00:00+00:00,751.53,634.86,242.05,36.58,11.39,5.75,0.0,94.19
2020-09-25 07:00:00+00:00,887.47,690.04,253.54,38.04,10.27,5.68,0.0,94.15
2020-09-25 08:00:00+00:00,950.72,735.49,247.31,38.84,9.69,5.43,0.0,94.08
2020-09-25 09:00:00+00:00,929.95,724.55,250.44,39.31,9.3,5.19,0.0,94.0
2020-09-25 10:00:00+00:00,833.38,684.45,246.85,39.49,9.03,5.09,0.0,93.92
2020-09-25 11:00:00+00:00,663.2,620.96,208.35,39.27,9.05,5.08,0.0,93.88
2020-09-25 12:00:00+00:00,442.38,479.99,186.6,38.65,9.36,5.08,0.0,93.86
2020-09-25 13:00:00+00:00,214.93,318.5,113.5,37.51,10.09,4.82,0.0,93.88
2020-09-25 14:00:00+00:00,26.15,10.46,25.93,33.67,12.85,3.06,0.0,93.91
2020-09-25 15:00:00+00:00,0.0,0.0,0.0,30.98,15.53,3.3,0.0,93.94
2020-09-25 16:00:00+00:00,0.0,0.0,0.0,29.94,17.05,3.34,0.0,93.99
2020-09-25 17:00:00+00:00,0.0,0.0,0.0,28.97,18.57,3.31,0.0,94.03
2020-09-25 18:00:00+00:00,0.0,0.0,0.0,28.07,19.96,3.19,0.0,94.04
2020-09-25 19:00:00+00:00,0.0,0.0,0.0,27.35,21.14,2.95,0.0,94.02
2020-09-25 20:00:00+00:00,0.0,0.0,0.0,26.99,21.84,2.58,0.0,93.99
2020-09-25 21:00:00+00:00,0.0,0.0,0.0,27.04,21.89,2.17,0.0,93.94
2020-09-25 22:00:00+00:00,0.0,0.0,0.0,27.22,21.69,1.77,0.0,93.9
2020-09-25 23:00:00+00:00,0.0,0.0,0.0,27.35,21.52,1.4,0.0,93.87
2020-09-26 00:00:00+00:00,0.0,0.0,0.0,27.33,21.55,1.09,0.0,93.87
2020-09-26 01:00:00+00:00,0.0,0.0,0.0,27.18,21.7,0.88,0.0,93.9
2020-09-26 02:00:00+00:00,0.0,0.0,0.0,26.95,21.96,0.8,0.0,93.94
2020-09-26 03:00:00+00:00,107.62,185.37,73.4,27.21,21.64,0.74,0.0,93.99
2020-09-26 04:00:00+00:00,330.73,464.46,142.15,29.19,19.34,0.78,0.0,94.04
2020-09-26 05:00:00+00:00,565.25,637.92,175.58,32.1,16.22,1.04,0.0,94.07
2020-09-26 06:00:00+00:00,759.33,716.25,208.42,36.63,11.61,2.92,0.0,94.05
2020-09-26 07:00:00+00:00,890.88,767.23,219.26,38.05,10.51,3.08,0.0,94.0
2020-09-26 08:00:00+00:00,947.97,762.53,237.48,38.94,9.84,3.08,0.0,93.92
2020-09-26 09:00:00+00:00,931.67,776.18,220.31,39.56,9.24,3.22,0.0,93.84
2020-09-26 10:00:00+00:00,827.88,734.28,218.68,39.88,8.81,3.46,0.0,93.76
2020-09-26 11:00:00+00:00,658.6,667.57,188.75,39.81,8.63,3.72,0.0,93.71
2020-09-26 12:00:00+00:00,440.15,544.03,160.87,39.32,8.71,3.94,0.0,93.68
2020-09-26 13:00:00+00:00,208.27,327.52,106.96,38.27,9.11,3.92,0.0,93.71
2020-09-26 14:00:00+00:00,24.42,18.97,23.75,34.24,11.39,2.74,0.0,93.73
2020-09-26 15:00:00+00:00,0.0,0.0,0.0,31.52,13.44,3.16,0.0,93.76
2020-09-26 16:00:00+00:00,0.0,0.0,0.0,30.32,14.71,3.4,0.0,93.81
2020-09-26 17:00:00+00:00,0.0,0.0,0.0,29.22,16.05,3.53,0.0,93.87
2020-09-26 18:00:00+00:00,0.0,0.0,0.0,28.19,17.51,3.6,0.0,93.9
2020-09-26 19:00:00+00:00,0.0,0.0,0.0,27.18,19.12,3.59,0.0,93.9
2020-09-26 20:00:00+00:00,0.0,0.0,0.0,26.21,21.08,3.51,0.0,93.9
2020-09-26 21:00:00+00:00,0.0,0.0,0.0,25.31,23.26,3.35,0.0,93.9
2020-09-26 22:00:00+00:00,0.0,0.0,0.0,24.57,25.42,3.17,0.0,93.89
2020-09-26 23:00:00+00:00,0.0,0.0,0.0,24.03,27.36,2.98,0.0,93.88
2020-09-27 00:00:00+00:00,0.0,0.0,0.0,23.77,28.76,2.73,0.0,93.89
2020-09-27 01:00:00+00:00,0.0,0.0,0.0,23.88,29.19,2.43,0.0,93.92
2020-09-27 02:00:00+00:00,0.0,0.0,0.0,24.24,28.82,2.13,0.0,93.94
2020-09-27 03:00:00+00:00,106.18,185.49,68.05,25.42,27.05,1.71,0.0,93.99
2020-09-27 04:00:00+00:00,333.25,495.08,136.97,28.61,22.48,1.43,0.0,94.04
2020-09-27 05:00:00+00:00,572.58,678.43,155.35,31.5,18.89,1.09,0.0,94.07
2020-09-27 06:00:00+00:00,773.5,773.72,184.98,36.53,12.14,4.04,0.0,94.07
2020-09-27 07:00:00+00:00,911.45,834.31,184.18,38.54,10.16,5.4,0.0,94.04
2020-09-27 08:00:00+00:00,949.6,751.28,238.81,39.49,9.58,5.86,0.0,93.99
2020-09-27 09:00:00+00:00,925.03,720.23,262.5,40.05,9.25,6.33,0.0,93.91
2020-09-27 10:00:00+00:00,824.05,684.2,241.11,40.25,9.05,6.79,0.0,93.85
2020-09-27 11:00:00+00:00,650.1,586.15,225.31,40.04,9.02,7.13,0.0,93.8
2020-09-27 12:00:00+00:00,423.67,449.01,183.26,39.4,9.25,7.32,0.0,93.79
2020-09-27 13:00:00+00:00,189.73,219.63,115.87,38.21,9.82,6.97,0.0,93.8
2020-09-27 14:00:00+00:00,21.3,4.23,23.34,34.59,12.14,4.38,0.0,93.83
2020-09-27 15:00:00+00:00,0.0,0.0,0.0,31.77,14.61,4.07,0.0,93.88
2020-09-27 16:00:00+00:00,0.0,0.0,0.0,30.47,16.09,3.9,0.0,93.95
2020-09-27 17:00:00+00:00,0.0,0.0,0.0,29.14,17.15,3.59,0.0,94.01
2020-09-27 18:00:00+00:00,0.0,0.0,0.0,27.94,17.32,3.25,0.0,94.05
2020-09-27 19:00:00+00:00,0.0,0.0,0.0,27.1,16.39,2.74,0.0,94.04
2020-09-27 20:00:00+00:00,0.0,0.0,0.0,27.08,14.94,1.98,0.0,94.04
2020-09-27 21:00:00+00:00,0.0,0.0,0.0,27.41,13.99,1.15,0.0,94.03
2020-09-27 22:00:00+00:00,0.0,0.0,0.0,27.39,13.84,0.45,0.0,94.03
2020-09-27 23:00:00+00:00,0.0,0.0,0.0,26.7,14.67,0.78,0.0,94.02
2020-09-28 00:00:00+00:00,0.0,0.0,0.0,25.72,16.1,1.59,0.0,94.04
2020-09-28 01:00:00+00:00,0.0,0.0,0.0,24.23,18.7,2.35,0.0,94.09
2020-09-28 02:00:00+00:00,0.0,0.0,0.0,22.92,22.13,2.89,0.0,94.15
2020-09-28 03:00:00+00:00,91.68,86.21,71.28,23.57,24.03,3.07,0.0,94.2
2020-09-28 04:00:00+00:00,298.38,327.13,159.92,26.47,22.97,4.41,0.0,94.25
2020-09-28 05:00:00+00:00,527.65,500.11,196.99,29.76,21.31,4.33,0.0,94.27
2020-09-28 06:00:00+00:00,722.8,589.92,250.99,34.01,18.3,5.01,0.0,94.26
2020-09-28 07:00:00+00:00,854.42,631.01,289.21,36.11,16.32,4.88,0.0,94.23
2020-09-28 08:00:00+00:00,942.1,783.94,215.05,37.46,14.7,4.53,0.0,94.15
2020-09-28 09:00:00+00:00,919.55,773.51,216.28,38.4,13.36,4.21,0.0,94.07
2020-09-28 10:00:00+00:00,816.45,728.99,208.37,38.93,12.37,3.99,0.0,93.99
2020-09-28 11:00:00+00:00,648.6,654.38,195.36,38.94,11.76,3.99,0.0,93.93
2020-09-28 12:00:00+00:00,429.15,520.74,162.77,38.5,11.53,4.24,0.0,93.92
2020-09-28 13:00:00+00:00,198.88,319.27,102.34,37.48,11.91,4.24,0.0,93.93
2020-09-28 14:00:00+00:00,21.67,11.45,21.01,33.67,14.86,3.05,0.0,93.95
2020-09-28 15:00:00+00:00,0.0,0.0,0.0,31.25,17.6,3.5,0.0,93.98
2020-09-28 16:00:00+00:00,0.0,0.0,0.0,30.25,19.38,3.78,0.0,94.03
2020-09-28 17:00:00+00:00,0.0,0.0,0.0,29.26,20.92,4.08,0.0,94.06
2020-09-28 18:00:00+00:00,0.0,0.0,0.0,28.26,21.71,4.33,0.0,94.08
2020-09-28 19:00:00+00:00,0.0,0.0,0.0,27.2,21.8,4.38,0.0,94.07
2020-09-28 20:00:00+00:00,0.0,0.0,0.0,26.19,21.36,4.19,0.0,94.05
2020-09-28 21:00:00+00:00,0.0,0.0,0.0,25.28,21.19,3.99,0.0,94.02
2020-09-28 22:00:00+00:00,0.0,0.0,0.0,24.52,21.82,3.86,0.0,93.99
2020-09-28 23:00:00+00:00,0.0,0.0,0.0,23.81,23.02,3.75,0.0,93.97
2020-09-29 00:00:00+00:00,0.0,0.0,0.0,23.21,24.39,3.67,0.0,93.97
2020-09-29 01:00:00+00:00,0.0,0.0,0.0,22.69,25.89,3.59,0.0,94.0
2020-09-29 02:00:00+00:00,0.0,0.0,0.0,22.21,27.29,3.51,0.0,94.04
2020-09-29 03:00:00+00:00,106.03,200.14,70.34,23.44,25.65,3.41,0.0,94.07
2020-09-29 04:00:00+00:00,334.15,500.43,137.48,26.79,21.1,4.6,0.0,94.11
2020-09-29 05:00:00+00:00,569.53,673.94,159.01,30.3,17.36,3.76,0.0,94.13
2020-09-29 06:00:00+00:00,763.95,761.47,180.88,33.99,14.48,4.67,0.0,94.12
2020-09-29 07:00:00+00:00,897.62,803.0,197.35,35.48,13.07,4.83,0.0,94.06
2020-09-29 08:00:00+00:00,928.65,706.01,260.43,36.62,11.82,5.02,0.0,93.97
2020-09-29 09:00:00+00:00,908.78,712.52,250.38,37.47,10.81,5.3,0.0,93.88
2020-09-29 10:00:00+00:00,812.58,674.49,241.76,37.93,10.22,5.61,0.0,93.78
2020-09-29 11:00:00+00:00,639.88,603.63,215.95,37.91,10.02,5.81,0.0,93.73
2020-09-29 12:00:00+00:00,419.6,473.82,180.36,37.4,10.13,5.85,0.0,93.69
2020-09-29 13:00:00+00:00,189.75,258.15,111.25,36.31,10.6,5.43,0.0,93.68
2020-09-29 14:00:00+00:00,19.58,6.08,19.75,32.42,13.1,3.3,0.0,93.69
2020-09-29 15:00:00+00:00,0.0,0.0,0.0,29.81,15.2,3.39,0.0,93.72
2020-09-29 16:00:00+00:00,0.0,0.0,0.0,28.76,16.16,3.38,0.0,93.76
2020-09-29 17:00:00+00:00,0.0,0.0,0.0,27.76,17.14,3.37,0.0,93.8
2020-09-29 18:00:00+00:00,0.0,0.0,0.0,26.8,18.13,3.34,0.0,93.81
2020-09-29 19:00:00+00:00,0.0,0.0,0.0,25.88,19.0,3.33,0.0,93.8
2020-09-29 20:00:00+00:00,0.0,0.0,0.0,25.07,19.65,3.36,0.0,93.78
2020-09-29 21:00:00+00:00,0.0,0.0,0.0,24.45,20.0,3.44,0.0,93.75
2020-09-29 22:00:00+00:00,0.0,0.0,0.0,23.98,20.01,3.53,0.0,93.72
2020-09-29 23:00:00+00:00,0.0,0.0,0.0,23.57,19.89,3.58,0.0,93.71
2020-09-30 00:00:00+00:00,0.0,0.0,0.0,23.16,19.86,3.6,0.0,93.72
2020-09-30 01:00:00+00:00,0.0,0.0,0.0,22.73,20.12,3.59,0.0,93.75
2020-09-30 02:00:00+00:00,0.0,0.0,0.0,22.21,20.72,3.57,0.0,93.8
2020-09-30 03:00:00+00:00,100.8,147.01,69.51,23.15,19.85,3.4,0.0,93.84
2020-09-30 04:00:00+00:00,324.15,434.54,144.66,26.46,16.64,4.93,0.0,93.89
2020-09-30 05:00:00+00:00,559.33,595.78,199.08,29.45,14.35,4.3,0.0,93.93
2020-09-30 06:00:00+00:00,754.53,693.87,213.93,34.51,11.52,4.36,0.0,93.91
2020-09-30 07:00:00+00:00,888.6,738.44,233.57,36.13,10.58,4.19,0.0,93.87
2020-09-30 08:00:00+00:00,970.5,908.32,155.18,37.05,9.91,4.07,0.0,93.8
2020-09-30 09:00:00+00:00,948.97,912.15,150.62,37.65,9.31,4.0,0.0,93.72
2020-09-30 10:00:00+00:00,846.42,869.77,152.37,37.89,8.86,4.01,0.0,93.66
2020-09-30 11:00:00+00:00,677.83,808.63,140.82,37.76,8.6,4.08,0.0,93.62
2020-09-30 12:00:00+00:00,457.65,701.61,118.13,37.19,8.54,4.11,0.0,93.6
2020-09-30 13:00:00+00:00,217.15,472.41,85.75,36.01,8.78,3.71,0.0,93.62
2020-09-30 14:00:00+00:00,21.6,32.3,20.42,31.84,10.86,2.66,0.0,93.66
2020-09-30 15:00:00+00:00,0.0,0.0,0.0,29.56,12.2,2.89,0.0,93.71
2020-09-30 16:00:00+00:00,0.0,0.0,0.0,28.54,12.87,2.89,0.0,93.77
2020-09-30 17:00:00+00:00,0.0,0.0,0.0,27.67,13.63,2.81,0.0,93.82
2020-09-30 18:00:00+00:00,0.0,0.0,0.0,26.92,14.37,2.66,0.0,93.83
2020-09-30 19:00:00+00:00,0.0,0.0,0.0,26.38,15.01,2.42,0.0,93.83
2020-09-30 20:00:00+00:00,0.0,0.0,0.0,26.01,15.56,2.14,0.0,93.82
2020-09-30 21:00:00+00:00,0.0,0.0,0.0,25.81,15.93,1.82,0.0,93.81
2020-09-30 22:00:00+00:00,0.0,0.0,0.0,25.67,16.15,1.51,0.0,93.81
2020-09-30 23:00:00+00:00,0.0,0.0,0.0,25.42,16.48,1.3,0.0,93.81
2020-10-01 00:00:00+00:00,0.0,0.0,0.0,25.11,16.84,1.18,0.0,93.84
2020-10-01 01:00:00+00:00,0.0,0.0,0.0,24.74,17.28,1.12,0.0,93.89
2020-10-01 02:00:00+00:00,0.0,0.0,0.0,24.35,17.74,1.08,0.0,93.93
2020-10-01 03:00:00+00:00,109.95,246.18,63.11,24.56,17.58,0.99,0.0,93.98
2020-10-01 04:00:00+00:00,345.17,576.42,120.22,26.58,15.69,0.97,0.0,94.04
2020-10-01 05:00:00+00:00,581.47,740.1,148.25,29.11,13.58,0.87,0.0,94.08
2020-10-01 06:00:00+00:00,774.62,818.36,165.34,34.29,9.76,0.3,0.0,94.08
2020-10-01 07:00:00+00:00,906.17,870.61,163.12,36.2,8.73,0.46,0.0,94.04
2020-10-01 08:00:00+00:00,943.03,762.6,238.81,37.13,8.25,0.68,0.0,93.99
2020-10-01 09:00:00+00:00,920.38,751.01,245.45,37.73,7.86,0.78,0.0,93.94
2020-10-01 10:00:00+00:00,818.85,717.48,223.94,38.0,7.63,0.8,0.0,93.88
2020-10-01 11:00:00+00:00,644.35,630.59,209.65,37.87,7.61,0.89,0.0,93.85
2020-10-01 12:00:00+00:00,419.02,477.56,181.11,37.39,7.77,1.09,0.0,93.85
2020-10-01 13:00:00+00:00,184.45,246.6,113.21,36.44,8.18,1.38,0.0,93.88
2020-10-01 14:00:00+00:00,17.52,3.08,19.04,33.45,9.69,1.57,0.0,93.92
2020-10-01 15:00:00+00:00,0.0,0.0,0.0,31.28,10.99,2.12,0.0,93.97
2020-10-01 16:00:00+00:00,0.0,0.0,0.0,29.97,11.92,2.39,0.0,94.05
2020-10-01 17:00:00+00:00,0.0,0.0,0.0,28.85,12.76,2.53,0.0,94.1
2020-10-01 18:00:00+00:00,0.0,0.0,0.0,27.9,13.61,2.51,0.0,94.13
2020-10-01 19:00:00+00:00,0.0,0.0,0.0,27.12,14.37,2.36,0.0,94.12
2020-10-01 20:00:00+00:00,0.0,0.0,0.0,26.5,15.08,2.11,0.0,94.1
2020-10-01 21:00:00+00:00,0.0,0.0,0.0,26.17,15.6,1.7,0.0,94.1
2020-10-01 22:00:00+00:00,0.0,0.0,0.0,25.91,16.02,1.24,0.0,94.1
2020-10-01 23:00:00+00:00,0.0,0.0,0.0,25.48,16.62,0.98,0.0,94.11
2020-10-02 00:00:00+00:00,0.0,0.0,0.0,24.89,17.36,1.02,0.0,94.14
2020-10-02 01:00:00+00:00,0.0,0.0,0.0,24.17,18.28,1.31,0.0,94.17
2020-10-02 02:00:00+00:00,0.0,0.0,0.0,23.29,19.49,1.74,0.0,94.22
2020-10-02 03:00:00+00:00,97.57,149.34,69.02,23.18,20.0,2.09,0.0,94.26
2020-10-02 04:00:00+00:00,322.38,454.54,144.41,26.54,16.64,3.1,0.0,94.3
2020-10-02 05:00:00+00:00,557.58,622.55,186.11,29.52,14.17,3.04,0.0,94.32
2020-10-02 06:00:00+00:00,751.4,726.0,196.65,34.77,10.29,2.94,0.0,94.31
2020-10-02 07:00:00+00:00,883.72,778.4,206.82,37.19,8.79,2.42,0.0,94.27
2020-10-02 08:00:00+00:00,935.2,771.33,228.21,38.28,8.15,2.19,0.0,94.21
2020-10-02 09:00:00+00:00,910.35,766.81,216.88,38.89,7.7,2.11,0.0,94.14
2020-10-02 10:00:00+00:00,811.95,727.89,213.92,39.08,7.47,2.17,0.0,94.08
2020-10-02 11:00:00+00:00,634.42,643.93,195.39,38.92,7.38,2.27,0.0,94.03
2020-10-02 12:00:00+00:00,410.92,489.45,164.98,38.36,7.5,2.34,0.0,94.02
2020-10-02 13:00:00+00:00,179.98,262.12,101.76,37.22,7.93,2.1,0.0,94.03
2020-10-02 14:00:00+00:00,16.23,3.86,17.85,34.32,9.35,1.37,0.0,94.06
2020-10-02 15:00:00+00:00,0.0,0.0,0.0,33.05,10.11,1.13,0.0,94.1
2020-10-02 16:00:00+00:00,0.0,0.0,0.0,32.16,10.7,0.98,0.0,94.16
2020-10-02 17:00:00+00:00,0.0,0.0,0.0,31.15,11.36,0.89,0.0,94.21
2020-10-02 18:00:00+00:00,0.0,0.0,0.0,29.97,12.19,0.92,0.0,94.22
2020-10-02 19:00:00+00:00,0.0,0.0,0.0,28.62,13.26,1.12,0.0,94.22
2020-10-02 20:00:00+00:00,0.0,0.0,0.0,27.19,14.49,1.48,0.0,94.19
2020-10-02 21:00:00+00:00,0.0,0.0,0.0,25.88,15.79,1.9,0.0,94.17
2020-10-02 22:00:00+00:00,0.0,0.0,0.0,24.91,16.91,2.23,0.0,94.14
2020-10-02 23:00:00+00:00,0.0,0.0,0.0,24.1,17.9,2.4,0.0,94.15
2020-10-03 00:00:00+00:00,0.0,0.0,0.0,23.4,18.88,2.46,0.0,94.17
2020-10-03 01:00:00+00:00,0.0,0.0,0.0,22.77,19.79,2.49,0.0,94.21
2020-10-03 02:00:00+00:00,0.0,0.0,0.0,22.18,20.86,2.56,0.0,94.26
2020-10-03 03:00:00+00:00,96.4,151.25,63.55,22.73,20.57,2.47,0.0,94.3
2020-10-03 04:00:00+00:00,320.5,467.88,138.9,26.36,16.96,3.27,0.0,94.35
2020-10-03 05:00:00+00:00,554.33,634.27,178.45,29.27,14.72,3.09,0.0,94.37
2020-10-03 06:00:00+00:00,773.99,787.82,180.74,34.25,11.74,4.21,0.0,94.36
2020-10-03 07:00:00+00:00,877.12,783.88,201.84,36.38,10.71,4.81,0.0,94.3
2020-10-03 08:00:00+00:00,933.1,801.85,207.23,37.38,10.18,5.09,0.0,94.23
2020-10-03 09:00:00+00:00,911.88,794.9,201.75,37.96,9.86,5.23,0.0,94.15
2020-10-03 10:00:00+00:00,811.03,748.36,202.99,38.13,9.83,5.16,0.0,94.09
2020-10-03 11:00:00+00:00,638.35,676.99,184.71,37.91,10.03,5.06,0.0,94.04
2020-10-03 12:00:00+00:00,415.9,524.34,157.67,37.18,10.62,4.93,0.0,94.02
2020-10-03 13:00:00+00:00,181.3,287.92,97.81,35.87,11.77,4.68,0.0,94.03
2020-10-03 14:00:00+00:00,15.62,3.73,15.88,31.85,15.62,3.19,0.0,94.06
2020-10-03 15:00:00+00:00,0.0,0.0,0.0,29.29,19.57,3.49,0.0,94.11
2020-10-03 16:00:00+00:00,0.0,0.0,0.0,28.26,22.39,3.54,0.0,94.16
2020-10-03 17:00:00+00:00,0.0,0.0,0.0,27.29,25.11,3.48,0.0,94.21
2020-10-03 18:00:00+00:00,0.0,0.0,0.0,26.36,27.67,3.36,0.0,94.23
2020-10-03 19:00:00+00:00,0.0,0.0,0.0,25.53,30.16,3.22,0.0,94.23
2020-10-03 20:00:00+00:00,0.0,0.0,0.0,24.77,32.76,3.08,0.0,94.22
2020-10-03 21:00:00+00:00,0.0,0.0,0.0,24.14,35.16,2.89,0.0,94.21
2020-10-03 22:00:00+00:00,0.0,0.0,0.0,23.63,37.07,2.65,0.0,94.19
2020-10-03 23:00:00+00:00,0.0,0.0,0.0,23.31,38.26,2.39,0.0,94.18
2020-10-04 00:00:00+00:00,0.0,0.0,0.0,23.12,38.81,2.12,0.0,94.18
2020-10-04 01:00:00+00:00,0.0,0.0,0.0,23.03,38.98,1.83,0.0,94.21
2020-10-04 02:00:00+00:00,0.0,0.0,0.0,23.01,38.93,1.55,0.0,94.24
2020-10-04 03:00:00+00:00,93.6,138.89,67.34,23.45,38.03,1.3,0.0,94.28
2020-10-04 04:00:00+00:00,314.83,434.78,145.62,25.77,33.39,1.57,0.0,94.32
2020-10-04 05:00:00+00:00,549.15,604.27,190.14,29.03,27.19,1.86,0.0,94.36
2020-10-04 06:00:00+00:00,744.38,710.1,202.99,33.66,17.76,3.02,0.0,94.35
2020-10-04 07:00:00+00:00,875.62,756.0,220.78,35.13,15.35,3.02,0.0,94.32
2020-10-04 08:00:00+00:00,920.5,727.45,249.21,36.08,13.83,2.81,0.0,94.25
2020-10-04 09:00:00+00:00,894.12,714.09,242.43,36.68,12.81,2.51,0.0,94.19
2020-10-04 10:00:00+00:00,793.4,663.16,244.15,36.96,12.25,2.3,0.0,94.12
2020-10-04 11:00:00+00:00,619.12,583.39,220.63,36.89,12.1,2.21,0.0,94.07
2020-10-04 12:00:00+00:00,397.4,445.04,173.91,36.38,12.41,2.19,0.0,94.05
2020-10-04 13:00:00+00:00,170.7,223.58,103.78,35.39,13.21,2.18,0.0,94.06
2020-10-04 14:00:00+00:00,14.27,1.27,15.54,32.32,15.87,1.82,0.0,94.08
2020-10-04 15:00:00+00:00,0.0,0.0,0.0,30.23,18.05,2.21,0.0,94.11
2020-10-04 16:00:00+00:00,0.0,0.0,0.0,28.98,19.52,2.44,0.0,94.16
2020-10-04 17:00:00+00:00,0.0,0.0,0.0,27.97,20.79,2.52,0.0,94.21
2020-10-04 18:00:00+00:00,0.0,0.0,0.0,27.18,21.78,2.46,0.0,94.22
2020-10-04 19:00:00+00:00,0.0,0.0,0.0,26.61,22.47,2.28,0.0,94.2
2020-10-04 20:00:00+00:00,0.0,0.0,0.0,26.24,22.92,2.0,0.0,94.19
2020-10-04 21:00:00+00:00,0.0,0.0,0.0,26.0,23.06,1.72,0.0,94.18
2020-10-04 22:00:00+00:00,0.0,0.0,0.0,25.67,23.29,1.6,0.0,94.16
2020-10-04 23:00:00+00:00,0.0,0.0,0.0,25.29,23.54,1.55,0.0,94.15
2020-10-05 00:00:00+00:00,0.0,0.0,0.0,24.95,23.74,1.57,0.0,94.17
2020-10-05 01:00:00+00:00,0.0,0.0,0.0,24.56,24.01,1.65,0.0,94.2
2020-10-05 02:00:00+00:00,0.0,0.0,0.0,24.16,24.35,1.77,0.0,94.24
2020-10-05 03:00:00+00:00,89.45,119.49,66.54,24.29,23.93,1.87,0.0,94.27
2020-10-05 04:00:00+00:00,305.38,401.12,148.92,27.51,19.58,2.28,0.0,94.31
2020-10-05 05:00:00+00:00,537.15,577.35,190.23,30.71,16.38,2.2,0.0,94.33
2020-10-05 06:00:00+00:00,730.42,677.22,211.94,34.86,13.07,1.26,0.0,94.3
2020-10-05 07:00:00+00:00,860.53,729.43,227.58,36.55,11.41,1.4,0.0,94.25
2020-10-05 08:00:00+00:00,936.59,814.81,205.29,37.64,10.38,1.65,0.0,94.17
2020-10-05 09:00:00+00:00,923.95,918.06,135.75,38.33,9.7,1.87,0.0,94.09
2020-10-05 10:00:00+00:00,821.8,874.81,141.81,38.63,9.32,2.1,0.0,94.01
2020-10-05 11:00:00+00:00,651.75,800.19,135.28,38.55,9.2,2.33,0.0,93.97
2020-10-05 12:00:00+00:00,430.0,673.87,114.59,38.04,9.34,2.54,0.0,93.96
2020-10-05 13:00:00+00:00,190.4,447.82,76.81,36.95,9.86,2.42,0.0,93.98
2020-10-05 14:00:00+00:00,14.7,17.3,15.52,33.32,12.06,2.02,0.0,94.0
2020-10-05 15:00:00+00:00,0.0,0.0,0.0,31.26,13.58,2.37,0.0,94.03
2020-10-05 16:00:00+00:00,0.0,0.0,0.0,29.85,14.8,2.62,0.0,94.07
2020-10-05 17:00:00+00:00,0.0,0.0,0.0,28.54,15.97,2.84,0.0,94.1
2020-10-05 18:00:00+00:00,0.0,0.0,0.0,27.34,17.04,2.97,0.0,94.11
2020-10-05 19:00:00+00:00,0.0,0.0,0.0,26.24,18.09,2.99,0.0,94.1
2020-10-05 20:00:00+00:00,0.0,0.0,0.0,25.32,19.05,2.91,0.0,94.08
2020-10-05 21:00:00+00:00,0.0,0.0,0.0,24.64,19.89,2.78,0.0,94.06
2020-10-05 22:00:00+00:00,0.0,0.0,0.0,24.29,20.4,2.61,0.0,94.04
2020-10-05 23:00:00+00:00,0.0,0.0,0.0,24.26,20.54,2.38,0.0,94.04
2020-10-06 00:00:00+00:00,0.0,0.0,0.0,24.37,20.56,2.14,0.0,94.06
2020-10-06 01:00:00+00:00,0.0,0.0,0.0,24.56,20.43,1.88,0.0,94.1
2020-10-06 02:00:00+00:00,0.0,0.0,0.0,24.71,20.3,1.63,0.0,94.15
2020-10-06 03:00:00+00:00,96.78,206.11,60.11,25.15,19.84,1.39,0.0,94.2
2020-10-06 04:00:00+00:00,321.08,503.68,125.22,27.6,17.18,1.48,0.0,94.25
2020-10-06 05:00:00+00:00,552.28,676.69,156.17,30.35,14.59,1.32,0.0,94.29
2020-10-06 06:00:00+00:00,741.8,757.91,182.65,35.07,10.81,0.49,0.0,94.29
2020-10-06 07:00:00+00:00,871.03,806.23,187.61,37.02,9.57,1.09,0.0,94.25
2020-10-06 08:00:00+00:00,901.25,698.29,265.57,38.13,8.96,1.45,0.0,94.17
2020-10-06 09:00:00+00:00,875.7,678.07,260.71,38.8,8.59,1.77,0.0,94.09
2020-10-06 10:00:00+00:00,771.38,627.96,257.3,39.06,8.44,2.05,0.0,94.02
2020-10-06 11:00:00+00:00,595.35,513.81,241.91,38.94,8.49,2.34,0.0,93.98
2020-10-06 12:00:00+00:00,371.7,378.78,179.2,38.38,8.77,2.66,0.0,93.97
2020-10-06 13:00:00+00:00,151.8,145.52,113.52,37.21,9.37,2.68,0.0,93.99
2020-10-06 14:00:00+00:00,11.93,0.45,14.41,33.01,11.82,2.65,0.0,94.0
2020-10-06 15:00:00+00:00,0.0,0.0,0.0,30.65,13.72,3.38,0.0,94.05
2020-10-06 16:00:00+00:00,0.0,0.0,0.0,29.51,15.39,3.7,0.0,94.1
2020-10-06 17:00:00+00:00,0.0,0.0,0.0,28.24,18.22,3.68,0.0,94.16
2020-10-06 18:00:00+00:00,0.0,0.0,0.0,26.97,22.12,3.37,0.0,94.19
2020-10-06 19:00:00+00:00,0.0,0.0,0.0,25.86,26.46,2.94,0.0,94.19
2020-10-06 20:00:00+00:00,0.0,0.0,0.0,25.06,30.11,2.38,0.0,94.19
2020-10-06 21:00:00+00:00,0.0,0.0,0.0,24.88,31.87,1.78,0.0,94.18
2020-10-06 22:00:00+00:00,0.0,0.0,0.0,24.46,33.07,1.83,0.0,94.18
2020-10-06 23:00:00+00:00,0.0,0.0,0.0,23.51,34.28,2.42,0.0,94.19
2020-10-07 00:00:00+00:00,0.0,0.0,0.0,22.92,33.49,2.87,0.0,94.2
2020-10-07 01:00:00+00:00,0.0,0.0,0.0,22.54,30.93,3.11,0.0,94.24
2020-10-07 02:00:00+00:00,0.0,0.0,0.0,22.12,28.24,3.21,0.0,94.28
2020-10-07 03:00:00+00:00,76.55,51.63,60.6,22.81,24.66,3.23,0.0,94.33
2020-10-07 04:00:00+00:00,272.92,274.78,159.96,25.59,20.05,4.5,0.0,94.4
2020-10-07 05:00:00+00:00,499.83,458.8,208.78,28.63,16.67,3.93,0.0,94.44
2020-10-07 06:00:00+00:00,693.6,558.94,263.73,33.43,13.36,4.21,0.0,94.44
2020-10-07 07:00:00+00:00,826.3,630.93,267.71,35.46,11.98,3.86,0.0,94.41
2020-10-07 08:00:00+00:00,914.4,805.67,197.68,36.67,11.03,3.69,0.0,94.35
2020-10-07 09:00:00+00:00,890.42,792.21,198.02,37.42,10.42,3.82,0.0,94.27
2020-10-07 10:00:00+00:00,788.8,747.79,197.57,37.73,10.12,4.1,0.0,94.2
2020-10-07 11:00:00+00:00,622.1,665.88,185.25,37.58,10.13,4.48,0.0,94.15
2020-10-07 12:00:00+00:00,398.75,509.23,160.9,36.91,10.48,4.86,0.0,94.14
2020-10-07 13:00:00+00:00,167.77,298.42,89.67,35.64,11.26,4.91,0.0,94.16
2020-10-07 14:00:00+00:00,11.9,3.66,12.69,31.88,14.03,3.53,0.0,94.21
2020-10-07 15:00:00+00:00,0.0,0.0,0.0,29.78,15.93,4.0,0.0,94.26
2020-10-07 16:00:00+00:00,0.0,0.0,0.0,28.81,16.94,4.3,0.0,94.34
2020-10-07 17:00:00+00:00,0.0,0.0,0.0,27.76,17.93,4.34,0.0,94.4
2020-10-07 18:00:00+00:00,0.0,0.0,0.0,26.73,18.8,4.25,0.0,94.43
2020-10-07 19:00:00+00:00,0.0,0.0,0.0,25.73,19.58,4.15,0.0,94.44
2020-10-07 20:00:00+00:00,0.0,0.0,0.0,24.79,20.32,4.04,0.0,94.43
2020-10-07 21:00:00+00:00,0.0,0.0,0.0,23.92,21.1,3.86,0.0,94.43
2020-10-07 22:00:00+00:00,0.0,0.0,0.0,23.11,21.93,3.66,0.0,94.4
2020-10-07 23:00:00+00:00,0.0,0.0,0.0,22.37,22.77,3.5,0.0,94.4
2020-10-08 00:00:00+00:00,0.0,0.0,0.0,21.68,23.52,3.35,0.0,94.42
2020-10-08 01:00:00+00:00,0.0,0.0,0.0,21.06,24.26,3.21,0.0,94.46
2020-10-08 02:00:00+00:00,0.0,0.0,0.0,20.52,24.85,3.07,0.0,94.51
2020-10-08 03:00:00+00:00,90.32,168.71,57.92,21.25,23.59,2.78,0.0,94.58
2020-10-08 04:00:00+00:00,313.52,491.78,124.79,24.22,19.57,3.71,0.0,94.64
2020-10-08 05:00:00+00:00,543.65,672.61,154.27,27.54,15.79,3.33,0.0,94.68
2020-10-08 06:00:00+00:00,732.5,763.21,169.31,32.23,11.5,4.47,0.0,94.66
2020-10-08 07:00:00+00:00,862.22,815.05,179.75,34.06,10.34,4.2,0.0,94.6
2020-10-08 08:00:00+00:00,897.75,752.37,217.53,35.28,9.68,4.0,0.0,94.52
2020-10-08 09:00:00+00:00,873.9,734.5,224.21,36.13,9.18,4.24,0.0,94.42
2020-10-08 10:00:00+00:00,771.33,697.34,216.06,36.51,8.86,4.67,0.0,94.34
2020-10-08 11:00:00+00:00,598.65,619.59,194.0,36.41,8.75,5.18,0.0,94.3
2020-10-08 12:00:00+00:00,380.33,489.01,149.14,35.8,8.85,5.66,0.0,94.29
2020-10-08 13:00:00+00:00,155.62,255.69,90.32,34.52,9.28,5.74,0.0,94.32
2020-10-08 14:00:00+00:00,10.55,2.52,13.39,30.57,11.28,3.92,0.0,94.36
2020-10-08 15:00:00+00:00,0.0,0.0,0.0,28.14,12.67,4.22,0.0,94.41
2020-10-08 16:00:00+00:00,0.0,0.0,0.0,26.95,13.42,4.34,0.0,94.46
2020-10-08 17:00:00+00:00,0.0,0.0,0.0,25.74,14.33,4.2,0.0,94.51
2020-10-08 18:00:00+00:00,0.0,0.0,0.0,24.59,15.3,3.96,0.0,94.51
2020-10-08 19:00:00+00:00,0.0,0.0,0.0,23.53,16.25,3.74,0.0,94.5
2020-10-08 20:00:00+00:00,0.0,0.0,0.0,22.48,17.31,3.49,0.0,94.47
2020-10-08 21:00:00+00:00,0.0,0.0,0.0,21.49,18.56,3.26,0.0,94.46
2020-10-08 22:00:00+00:00,0.0,0.0,0.0,20.65,20.29,3.06,0.0,94.45
2020-10-08 23:00:00+00:00,0.0,0.0,0.0,19.93,22.64,2.85,0.0,94.45
2020-10-09 00:00:00+00:00,0.0,0.0,0.0,19.4,25.42,2.61,0.0,94.47
2020-10-09 01:00:00+00:00,0.0,0.0,0.0,19.07,28.28,2.37,0.0,94.52
2020-10-09 02:00:00+00:00,0.0,0.0,0.0,18.81,30.85,2.15,0.0,94.56
2020-10-09 03:00:00+00:00,83.65,113.58,58.42,19.33,31.43,1.86,0.0,94.61
2020-10-09 04:00:00+00:00,304.77,438.25,137.18,22.38,26.96,2.02,0.0,94.65
2020-10-09 05:00:00+00:00,540.85,632.1,173.46,25.52,22.1,2.06,0.0,94.68
2020-10-09 06:00:00+00:00,736.6,729.03,200.76,30.6,12.65,3.57,0.0,94.67
2020-10-09 07:00:00+00:00,869.35,795.21,200.3,32.62,10.26,3.29,0.0,94.62
2020-10-09 08:00:00+00:00,944.97,942.07,133.08,33.92,9.07,3.12,0.0,94.55
2020-10-09 09:00:00+00:00,917.85,918.24,145.79,34.78,8.29,3.26,0.0,94.48
2020-10-09 10:00:00+00:00,815.28,874.18,147.03,35.22,7.82,3.53,0.0,94.42
2020-10-09 11:00:00+00:00,644.28,811.66,134.89,35.21,7.61,3.84,0.0,94.38
2020-10-09 12:00:00+00:00,421.33,694.64,110.95,34.72,7.65,4.1,0.0,94.37
2020-10-09 13:00:00+00:00,178.85,431.42,75.61,33.54,8.09,3.83,0.0,94.39
2020-10-09 14:00:00+00:00,11.38,10.93,13.73,29.03,10.53,2.94,0.0,94.41
2020-10-09 15:00:00+00:00,0.0,0.0,0.0,26.68,12.25,3.35,0.0,94.44
2020-10-09 16:00:00+00:00,0.0,0.0,0.0,25.51,13.5,3.44,0.0,94.49
2020-10-09 17:00:00+00:00,0.0,0.0,0.0,24.4,14.93,3.37,0.0,94.52
2020-10-09 18:00:00+00:00,0.0,0.0,0.0,23.39,16.44,3.15,0.0,94.53
2020-10-09 19:00:00+00:00,0.0,0.0,0.0,22.62,17.72,2.81,0.0,94.52
2020-10-09 20:00:00+00:00,0.0,0.0,0.0,22.21,18.5,2.43,0.0,94.5
2020-10-09 21:00:00+00:00,0.0,0.0,0.0,21.93,18.93,2.14,0.0,94.46
2020-10-09 22:00:00+00:00,0.0,0.0,0.0,21.39,19.44,2.16,0.0,94.43
2020-10-09 23:00:00+00:00,0.0,0.0,0.0,20.44,20.29,2.48,0.0,94.41
2020-10-10 00:00:00+00:00,0.0,0.0,0.0,19.39,21.32,2.85,0.0,94.42
2020-10-10 01:00:00+00:00,0.0,0.0,0.0,18.44,22.64,3.07,0.0,94.46
2020-10-10 02:00:00+00:00,0.0,0.0,0.0,17.73,24.28,3.09,0.0,94.52
2020-10-10 03:00:00+00:00,88.22,159.57,57.96,18.28,24.33,2.83,0.0,94.57
2020-10-10 04:00:00+00:00,313.6,495.95,125.57,21.43,20.85,3.57,0.0,94.61
2020-10-10 05:00:00+00:00,547.22,666.55,165.45,24.43,17.99,2.83,0.0,94.63
2020-10-10 06:00:00+00:00,742.1,761.41,180.57,29.42,13.78,3.09,0.0,94.62
2020-10-10 07:00:00+00:00,868.05,807.17,194.27,31.53,11.88,2.7,0.0,94.58
2020-10-10 08:00:00+00:00,919.9,821.14,194.22,32.74,10.78,2.66,0.0,94.5
2020-10-10 09:00:00+00:00,893.75,806.35,197.77,33.53,9.96,2.74,0.0,94.42
2020-10-10 10:00:00+00:00,792.08,761.6,198.31,33.92,9.37,2.84,0.0,94.35
2020-10-10 11:00:00+00:00,618.33,683.47,181.22,33.93,8.99,3.02,0.0,94.31
2020-10-10 12:00:00+00:00,395.38,533.24,152.46,33.46,8.93,3.26,0.0,94.28
2020-10-10 13:00:00+00:00,161.52,285.81,90.49,32.28,9.33,3.22,0.0,94.28
2020-10-10 14:00:00+00:00,9.9,1.8,12.58,27.99,11.77,2.74,0.0,94.29
2020-10-10 15:00:00+00:00,0.0,0.0,0.0,25.62,13.26,3.41,0.0,94.33
2020-10-10 16:00:00+00:00,0.0,0.0,0.0,24.4,13.87,3.75,0.0,94.39
2020-10-10 17:00:00+00:00,0.0,0.0,0.0,23.16,14.47,3.91,0.0,94.44
2020-10-10 18:00:00+00:00,0.0,0.0,0.0,21.87,15.37,3.86,0.0,94.46
2020-10-10 19:00:00+00:00,0.0,0.0,0.0,20.71,16.43,3.66,0.0,94.44
2020-10-10 20:00:00+00:00,0.0,0.0,0.0,19.73,17.59,3.45,0.0,94.4
2020-10-10 21:00:00+00:00,0.0,0.0,0.0,18.93,18.75,3.31,0.0,94.37
2020-10-10 22:00:00+00:00,0.0,0.0,0.0,18.34,19.81,3.2,0.0,94.34
2020-10-10 23:00:00+00:00,0.0,0.0,0.0,17.84,20.89,3.18,0.0,94.33
2020-10-11 00:00:00+00:00,0.0,0.0,0.0,17.39,22.02,3.25,0.0,94.35
2020-10-11 01:00:00+00:00,0.0,0.0,0.0,16.97,23.1,3.37,0.0,94.39
2020-10-11 02:00:00+00:00,0.0,0.0,0.0,16.58,24.33,3.49,0.0,94.43
2020-10-11 03:00:00+00:00,92.47,190.23,57.88,17.35,23.94,3.4,0.0,94.48
2020-10-11 04:00:00+00:00,326.42,537.42,124.47,20.93,20.02,4.69,0.0,94.53
2020-10-11 05:00:00+00:00,562.72,712.72,158.45,24.18,17.44,3.8,0.0,94.57
2020-10-11 06:00:00+00:00,755.42,804.83,174.79,28.2,14.35,3.2,0.0,94.56
2020-10-11 07:00:00+00:00,884.72,846.29,184.69,29.77,12.26,2.33,0.0,94.5
2020-10-11 08:00:00+00:00,930.38,812.97,213.24,30.9,10.81,2.22,0.0,94.43
2020-10-11 09:00:00+00:00,902.88,804.97,210.63,31.69,9.75,2.31,0.0,94.35
2020-10-11 10:00:00+00:00,800.85,766.65,202.68,32.16,9.04,2.42,0.0,94.29
2020-10-11 11:00:00+00:00,622.88,686.65,183.11,32.17,8.72,2.59,0.0,94.26
2020-10-11 12:00:00+00:00,397.0,530.16,159.28,31.71,8.79,2.82,0.0,94.26
2020-10-11 13:00:00+00:00,160.07,276.21,92.44,30.59,9.34,2.84,0.0,94.28
2020-10-11 14:00:00+00:00,9.27,1.38,11.44,26.48,12.07,2.55,0.0,94.31
2020-10-11 15:00:00+00:00,0.0,0.0,0.0,24.33,13.92,3.08,0.0,94.35
2020-10-11 16:00:00+00:00,0.0,0.0,0.0,23.2,15.07,3.28,0.0,94.39
2020-10-11 17:00:00+00:00,0.0,0.0,0.0,22.18,16.26,3.35,0.0,94.42
2020-10-11 18:00:00+00:00,0.0,0.0,0.0,21.22,17.48,3.33,0.0,94.42
2020-10-11 19:00:00+00:00,0.0,0.0,0.0,20.33,18.78,3.28,0.0,94.4
2020-10-11 20:00:00+00:00,0.0,0.0,0.0,19.54,20.05,3.22,0.0,94.39
2020-10-11 21:00:00+00:00,0.0,0.0,0.0,18.88,21.24,3.13,0.0,94.37
2020-10-11 22:00:00+00:00,0.0,0.0,0.0,18.33,22.26,3.06,0.0,94.35
2020-10-11 23:00:00+00:00,0.0,0.0,0.0,17.84,23.26,3.02,0.0,94.35
2020-10-12 00:00:00+00:00,0.0,0.0,0.0,17.39,24.16,2.99,0.0,94.37
2020-10-12 01:00:00+00:00,0.0,0.0,0.0,16.99,24.87,2.97,0.0,94.41
2020-10-12 02:00:00+00:00,0.0,0.0,0.0,16.67,25.39,2.92,0.0,94.46
2020-10-12 03:00:00+00:00,84.82,123.79,58.46,17.15,24.57,2.82,0.0,94.51
2020-10-12 04:00:00+00:00,311.73,469.93,134.16,21.12,19.13,3.63,0.0,94.56
2020-10-12 05:00:00+00:00,547.67,649.74,176.61,24.12,15.85,3.33,0.0,94.58
2020-10-12 06:00:00+00:00,741.35,749.16,196.37,28.44,11.61,2.98,0.0,94.57
2020-10-12 07:00:00+00:00,871.08,806.47,207.57,30.3,9.76,3.0,0.0,94.52
2020-10-12 08:00:00+00:00,925.97,827.41,202.15,31.43,8.68,3.22,0.0,94.43
2020-10-12 09:00:00+00:00,901.47,828.64,196.25,32.24,7.88,3.62,0.0,94.35
2020-10-12 10:00:00+00:00,796.15,797.57,182.57,32.62,7.37,4.04,0.0,94.28
2020-10-12 11:00:00+00:00,624.5,727.45,168.43,32.58,7.11,4.41,0.0,94.24
2020-10-12 12:00:00+00:00,402.65,604.24,133.74,32.02,7.21,4.64,0.0,94.23
2020-10-12 13:00:00+00:00,164.98,350.88,83.43,30.66,7.72,4.2,0.0,94.24
2020-10-12 14:00:00+00:00,8.93,3.47,10.86,25.99,10.26,3.15,0.0,94.26
2020-10-12 15:00:00+00:00,0.0,0.0,0.0,23.78,11.92,3.51,0.0,94.28
2020-10-12 16:00:00+00:00,0.0,0.0,0.0,22.69,13.06,3.61,0.0,94.33
2020-10-12 17:00:00+00:00,0.0,0.0,0.0,21.72,14.39,3.63,0.0,94.37
2020-10-12 18:00:00+00:00,0.0,0.0,0.0,20.85,15.85,3.61,0.0,94.38
2020-10-12 19:00:00+00:00,0.0,0.0,0.0,20.1,17.38,3.61,0.0,94.38
2020-10-12 20:00:00+00:00,0.0,0.0,0.0,19.45,18.89,3.61,0.0,94.36
2020-10-12 21:00:00+00:00,0.0,0.0,0.0,18.91,20.36,3.64,0.0,94.34
2020-10-12 22:00:00+00:00,0.0,0.0,0.0,18.47,21.5,3.7,0.0,94.33
2020-10-12 23:00:00+00:00,0.0,0.0,0.0,18.09,22.45,3.74,0.0,94.33
2020-10-13 00:00:00+00:00,0.0,0.0,0.0,17.73,23.04,3.79,0.0,94.34
2020-10-13 01:00:00+00:00,0.0,0.0,0.0,17.36,23.52,3.81,0.0,94.36
2020-10-13 02:00:00+00:00,0.0,0.0,0.0,16.97,23.88,3.81,0.0,94.4
2020-10-13 03:00:00+00:00,92.43,221.99,53.27,17.62,22.63,3.65,0.0,94.43
2020-10-13 04:00:00+00:00,328.4,608.72,108.2,21.22,17.85,4.98,0.0,94.48
2020-10-13 05:00:00+00:00,562.28,762.68,138.04,24.34,14.68,4.18,0.0,94.51
2020-10-13 06:00:00+00:00,751.55,843.42,147.22,29.11,11.69,4.78,0.0,94.5
2020-10-13 07:00:00+00:00,879.53,886.32,157.81,30.76,10.59,4.49,0.0,94.46
2020-10-13 08:00:00+00:00,902.53,742.19,240.97,31.73,9.89,4.19,0.0,94.37
2020-10-13 09:00:00+00:00,874.2,724.75,245.07,32.44,9.34,4.11,0.0,94.3
2020-10-13 10:00:00+00:00,771.0,677.23,234.29,32.81,9.02,4.2,0.0,94.24
2020-10-13 11:00:00+00:00,592.12,579.65,218.93,32.75,8.98,4.37,0.0,94.21
2020-10-13 12:00:00+00:00,367.62,435.84,168.7,32.23,9.22,4.53,0.0,94.2
2020-10-13 13:00:00+00:00,140.27,170.1,98.48,30.99,9.96,4.04,0.0,94.22
2020-10-13 14:00:00+00:00,7.5,0.0,9.63,26.49,13.01,3.04,0.0,94.23
2020-10-13 15:00:00+00:00,0.0,0.0,0.0,24.38,14.91,3.36,0.0,94.26
2020-10-13 16:00:00+00:00,0.0,0.0,0.0,23.27,15.94,3.47,0.0,94.31
2020-10-13 17:00:00+00:00,0.0,0.0,0.0,22.23,16.88,3.52,0.0,94.36
2020-10-13 18:00:00+00:00,0.0,0.0,0.0,21.27,17.6,3.52,0.0,94.38
2020-10-13 19:00:00+00:00,0.0,0.0,0.0,20.39,18.01,3.52,0.0,94.37
2020-10-13 20:00:00+00:00,0.0,0.0,0.0,19.59,18.2,3.49,0.0,94.36
2020-10-13 21:00:00+00:00,0.0,0.0,0.0,18.88,18.32,3.43,0.0,94.34
2020-10-13 22:00:00+00:00,0.0,0.0,0.0,18.27,18.53,3.33,0.0,94.32
2020-10-13 23:00:00+00:00,0.0,0.0,0.0,17.78,18.74,3.19,0.0,94.32
2020-10-14 00:00:00+00:00,0.0,0.0,0.0,17.49,18.78,3.02,0.0,94.32
2020-10-14 01:00:00+00:00,0.0,0.0,0.0,17.27,18.74,2.87,0.0,94.36
2020-10-14 02:00:00+00:00,0.0,0.0,0.0,16.96,18.73,2.83,0.0,94.39
2020-10-14 03:00:00+00:00,80.93,102.74,59.27,17.29,17.97,2.79,0.0,94.43
2020-10-14 04:00:00+00:00,304.92,436.95,141.07,21.45,13.52,3.25,0.0,94.47
2020-10-14 05:00:00+00:00,541.35,620.84,188.37,24.51,11.04,3.32,0.0,94.49
2020-10-14 06:00:00+00:00,736.78,731.62,199.57,28.88,8.76,2.68,0.0,94.49
2020-10-14 07:00:00+00:00,867.22,783.65,215.2,31.21,7.93,2.51,0.0,94.46
2020-10-14 08:00:00+00:00,945.65,953.84,139.4,32.19,7.5,2.33,0.0,94.38
2020-10-14 09:00:00+00:00,918.88,945.68,140.92,32.84,7.16,2.36,0.0,94.31
2020-10-14 10:00:00+00:00,811.62,902.41,138.33,33.17,7.0,2.55,0.0,94.26
2020-10-14 11:00:00+00:00,638.08,823.43,135.85,33.16,6.94,2.79,0.0,94.23
2020-10-14 12:00:00+00:00,411.67,691.03,114.68,32.66,7.14,3.04,0.0,94.23
2020-10-14 13:00:00+00:00,167.23,411.17,76.75,31.3,7.77,2.7,0.0,94.24
2020-10-14 14:00:00+00:00,7.97,4.57,11.51,26.98,10.28,2.47,0.0,94.26
2020-10-14 15:00:00+00:00,0.0,0.0,0.0,25.06,11.99,2.71,0.0,94.28
2020-10-14 16:00:00+00:00,0.0,0.0,0.0,23.86,13.65,2.77,0.0,94.32
2020-10-14 17:00:00+00:00,0.0,0.0,0.0,22.9,15.5,2.67,0.0,94.35
2020-10-14 18:00:00+00:00,0.0,0.0,0.0,22.26,17.52,2.4,0.0,94.37
2020-10-14 19:00:00+00:00,0.0,0.0,0.0,21.99,19.36,2.0,0.0,94.37
2020-10-14 20:00:00+00:00,0.0,0.0,0.0,21.83,21.1,1.56,0.0,94.34
2020-10-14 21:00:00+00:00,0.0,0.0,0.0,21.62,22.94,1.25,0.0,94.32
2020-10-14 22:00:00+00:00,0.0,0.0,0.0,21.15,25.05,1.25,0.0,94.3
2020-10-14 23:00:00+00:00,0.0,0.0,0.0,20.51,27.49,1.46,0.0,94.3
2020-10-15 00:00:00+00:00,0.0,0.0,0.0,19.85,29.94,1.73,0.0,94.31
2020-10-15 01:00:00+00:00,0.0,0.0,0.0,19.2,32.27,2.02,0.0,94.35
2020-10-15 02:00:00+00:00,0.0,0.0,0.0,18.53,34.59,2.32,0.0,94.38
2020-10-15 03:00:00+00:00,89.2,218.46,51.15,18.42,35.7,2.55,0.0,94.43
2020-10-15 04:00:00+00:00,325.35,605.64,108.1,22.27,28.88,3.15,0.0,94.46
2020-10-15 05:00:00+00:00,562.55,770.73,137.89,25.41,24.75,3.11,0.0,94.49
2020-10-15 06:00:00+00:00,756.25,860.99,150.02,29.51,17.13,1.32,0.0,94.48
2020-10-15 07:00:00+00:00,886.88,906.95,155.32,31.48,11.87,0.9,0.0,94.44
2020-10-15 08:00:00+00:00,911.22,778.42,228.42,32.64,9.91,1.74,0.0,94.36
2020-10-15 09:00:00+00:00,882.55,766.6,229.2,33.43,8.86,2.08,0.0,94.28
2020-10-15 10:00:00+00:00,776.67,724.22,215.79,33.91,8.13,2.4,0.0,94.2
2020-10-15 11:00:00+00:00,599.28,637.25,199.01,34.02,7.63,2.73,0.0,94.16
2020-10-15 12:00:00+00:00,373.62,492.37,155.61,33.64,7.33,3.02,0.0,94.14
2020-10-15 13:00:00+00:00,142.05,225.26,91.25,32.25,7.55,2.58,0.0,94.14
2020-10-15 14:00:00+00:00,6.62,0.53,9.92,28.08,9.31,2.33,0.0,94.17
2020-10-15 15:00:00+00:00,0.0,0.0,0.0,26.21,10.26,2.44,0.0,94.2
2020-10-15 16:00:00+00:00,0.0,0.0,0.0,24.96,11.1,2.38,0.0,94.27
2020-10-15 17:00:00+00:00,0.0,0.0,0.0,23.82,12.05,2.23,0.0,94.31
2020-10-15 18:00:00+00:00,0.0,0.0,0.0,22.85,12.88,2.02,0.0,94.33
2020-10-15 19:00:00+00:00,0.0,0.0,0.0,22.1,13.54,1.78,0.0,94.32
2020-10-15 20:00:00+00:00,0.0,0.0,0.0,21.34,14.36,1.66,0.0,94.28
2020-10-15 21:00:00+00:00,0.0,0.0,0.0,20.63,15.3,1.72,0.0,94.25
2020-10-15 22:00:00+00:00,0.0,0.0,0.0,19.87,16.42,1.93,0.0,94.22
2020-10-15 23:00:00+00:00,0.0,0.0,0.0,19.17,17.76,2.18,0.0,94.2
2020-10-16 00:00:00+00:00,0.0,0.0,0.0,18.49,19.39,2.37,0.0,94.22
2020-10-16 01:00:00+00:00,0.0,0.0,0.0,17.89,21.24,2.49,0.0,94.25
2020-10-16 02:00:00+00:00,0.0,0.0,0.0,17.4,23.14,2.55,0.0,94.29
2020-10-16 03:00:00+00:00,83.75,169.0,52.2,17.57,23.95,2.43,0.0,94.34
2020-10-16 04:00:00+00:00,314.3,538.37,117.63,21.12,19.94,2.49,0.0,94.38
2020-10-16 05:00:00+00:00,551.33,716.46,154.45,23.95,17.35,2.34,0.0,94.41
2020-10-16 06:00:00+00:00,746.17,811.25,171.31,28.83,12.93,2.9,0.0,94.41
2020-10-16 07:00:00+00:00,877.12,857.32,181.26,30.78,10.3,3.08,0.0,94.38
2020-10-16 08:00:00+00:00,935.38,917.22,161.3,31.74,9.14,2.88,0.0,94.32
2020-10-16 09:00:00+00:00,908.0,908.57,161.3,32.34,8.42,2.77,0.0,94.25
2020-10-16 10:00:00+00:00,800.03,870.07,153.6,32.6,8.01,2.75,0.0,94.18
2020-10-16 11:00:00+00:00,624.83,797.67,142.48,32.52,7.86,2.82,0.0,94.14
2020-10-16 12:00:00+00:00,398.25,647.27,127.83,31.99,8.01,2.98,0.0,94.15
2020-10-16 13:00:00+00:00,156.27,365.84,79.31,30.6,8.77,2.68,0.0,94.17
2020-10-16 14:00:00+00:00,6.65,2.35,9.64,26.07,11.91,2.69,0.0,94.2
2020-10-16 15:00:00+00:00,0.0,0.0,0.0,23.99,14.3,3.13,0.0,94.25
2020-10-16 16:00:00+00:00,0.0,0.0,0.0,22.84,16.36,3.34,0.0,94.31
2020-10-16 17:00:00+00:00,0.0,0.0,0.0,21.82,18.81,3.38,0.0,94.36
2020-10-16 18:00:00+00:00,0.0,0.0,0.0,20.88,21.52,3.27,0.0,94.38
2020-10-16 19:00:00+00:00,0.0,0.0,0.0,20.08,24.28,3.05,0.0,94.38
2020-10-16 20:00:00+00:00,0.0,0.0,0.0,19.47,26.87,2.77,0.0,94.35
2020-10-16 21:00:00+00:00,0.0,0.0,0.0,19.12,28.89,2.44,0.0,94.33
2020-10-16 22:00:00+00:00,0.0,0.0,0.0,19.0,30.27,2.05,0.0,94.31
2020-10-16 23:00:00+00:00,0.0,0.0,0.0,18.99,31.31,1.64,0.0,94.3
2020-10-17 00:00:00+00:00,0.0,0.0,0.0,18.98,32.16,1.25,0.0,94.32
2020-10-17 01:00:00+00:00,0.0,0.0,0.0,18.93,32.83,0.83,0.0,94.35
2020-10-17 02:00:00+00:00,0.0,0.0,0.0,18.7,33.73,0.44,0.0,94.4
2020-10-17 03:00:00+00:00,84.25,191.8,50.9,18.78,33.87,0.17,0.0,94.45
2020-10-17 04:00:00+00:00,317.12,587.21,108.61,20.53,30.58,0.39,0.0,94.5
2020-10-17 05:00:00+00:00,550.3,743.91,143.87,23.36,26.06,0.14,0.0,94.56
2020-10-17 06:00:00+00:00,739.33,835.87,151.73,27.81,19.08,1.64,0.0,94.56
2020-10-17 07:00:00+00:00,866.95,877.84,162.33,29.64,15.74,1.98,0.0,94.53
2020-10-17 08:00:00+00:00,896.95,779.48,223.08,30.74,13.75,2.21,0.0,94.46
2020-10-17 09:00:00+00:00,867.28,761.04,226.12,31.52,12.29,2.5,0.0,94.38
2020-10-17 10:00:00+00:00,761.47,713.64,215.25,31.95,11.19,2.81,0.0,94.32
2020-10-17 11:00:00+00:00,585.53,631.99,194.61,32.0,10.43,3.15,0.0,94.28
2020-10-17 12:00:00+00:00,361.92,466.28,158.63,31.58,10.03,3.48,0.0,94.27
2020-10-17 13:00:00+00:00,134.57,205.22,86.38,30.31,10.19,3.23,0.0,94.28
2020-10-17 14:00:00+00:00,5.55,0.0,8.23,25.76,12.87,2.86,0.0,94.31
2020-10-17 15:00:00+00:00,0.0,0.0,0.0,23.65,14.19,3.28,0.0,94.36
2020-10-17 16:00:00+00:00,0.0,0.0,0.0,22.46,14.98,3.45,0.0,94.42
2020-10-17 17:00:00+00:00,0.0,0.0,0.0,21.38,15.83,3.46,0.0,94.46
2020-10-17 18:00:00+00:00,0.0,0.0,0.0,20.42,16.61,3.34,0.0,94.48
2020-10-17 19:00:00+00:00,0.0,0.0,0.0,19.65,17.29,3.14,0.0,94.47
2020-10-17 20:00:00+00:00,0.0,0.0,0.0,19.21,17.63,2.82,0.0,94.45
2020-10-17 21:00:00+00:00,0.0,0.0,0.0,19.25,17.38,2.38,0.0,94.44
2020-10-17 22:00:00+00:00,0.0,0.0,0.0,19.53,16.88,1.86,0.0,94.41
2020-10-17 23:00:00+00:00,0.0,0.0,0.0,19.78,16.28,1.36,0.0,94.39
2020-10-18 00:00:00+00:00,0.0,0.0,0.0,19.6,16.14,1.1,0.0,94.4
2020-10-18 01:00:00+00:00,0.0,0.0,0.0,19.23,16.11,1.12,0.0,94.43
2020-10-18 02:00:00+00:00,0.0,0.0,0.0,18.93,16.01,1.23,0.0,94.49
2020-10-18 03:00:00+00:00,77.93,146.85,53.35,18.86,15.74,1.34,0.0,94.54
2020-10-18 04:00:00+00:00,305.02,503.18,124.69,20.97,13.57,1.53,0.0,94.59
2020-10-18 05:00:00+00:00,540.42,685.88,162.81,23.68,11.31,1.78,0.0,94.62
2020-10-18 06:00:00+00:00,734.45,794.45,177.19,27.9,8.56,2.49,0.0,94.62
2020-10-18 07:00:00+00:00,865.95,839.81,187.42,30.12,7.64,3.71,0.0,94.59
2020-10-18 08:00:00+00:00,921.0,888.33,173.6,31.18,7.08,3.73,0.0,94.54
2020-10-18 09:00:00+00:00,891.92,881.23,171.07,31.88,6.64,3.71,0.0,94.48
2020-10-18 10:00:00+00:00,787.42,849.23,160.53,32.21,6.45,3.79,0.0,94.42
2020-10-18 11:00:00+00:00,609.65,775.7,142.06,32.11,6.49,3.99,0.0,94.38
2020-10-18 12:00:00+00:00,383.88,626.94,122.45,31.52,6.94,4.25,0.0,94.37
2020-10-18 13:00:00+00:00,145.12,342.55,72.6,29.9,8.04,3.65,0.0,94.37
2020-10-18 14:00:00+00:00,5.38,2.52,7.86,25.05,11.49,3.21,0.0,94.38
2020-10-18 15:00:00+00:00,0.0,0.0,0.0,23.13,14.07,3.49,0.0,94.42
2020-10-18 16:00:00+00:00,0.0,0.0,0.0,22.14,16.37,3.53,0.0,94.48
2020-10-18 17:00:00+00:00,0.0,0.0,0.0,21.23,18.63,3.48,0.0,94.52
2020-10-18 18:00:00+00:00,0.0,0.0,0.0,20.4,20.62,3.36,0.0,94.54
2020-10-18 19:00:00+00:00,0.0,0.0,0.0,19.68,22.09,3.23,0.0,94.53
2020-10-18 20:00:00+00:00,0.0,0.0,0.0,19.07,23.08,3.15,0.0,94.51
2020-10-18 21:00:00+00:00,0.0,0.0,0.0,18.53,23.93,3.12,0.0,94.49
2020-10-18 22:00:00+00:00,0.0,0.0,0.0,18.07,24.56,3.12,0.0,94.49
2020-10-18 23:00:00+00:00,0.0,0.0,0.0,17.66,25.13,3.11,0.0,94.49
2020-10-19 00:00:00+00:00,0.0,0.0,0.0,17.3,25.63,3.08,0.0,94.5
2020-10-19 01:00:00+00:00,0.0,0.0,0.0,17.0,26.06,3.04,0.0,94.54
2020-10-19 02:00:00+00:00,0.0,0.0,0.0,16.76,26.31,2.97,0.0,94.6
2020-10-19 03:00:00+00:00,76.85,171.72,48.46,17.08,25.72,2.84,0.0,94.65
2020-10-19 04:00:00+00:00,301.73,541.77,111.14,20.91,20.26,3.23,0.0,94.7
2020-10-19 05:00:00+00:00,532.83,715.86,143.93,23.83,16.92,3.37,0.0,94.73
2020-10-19 06:00:00+00:00,716.04,765.32,174.76,28.25,13.26,4.29,0.0,94.72
2020-10-19 07:00:00+00:00,839.39,801.94,191.18,30.44,11.72,4.99,0.0,94.66
2020-10-19 08:00:00+00:00,896.05,860.85,174.96,31.49,10.7,4.97,0.0,94.59
2020-10-19 09:00:00+00:00,868.28,848.21,174.12,32.2,9.8,5.04,0.0,94.51
2020-10-19 10:00:00+00:00,764.58,807.62,168.74,32.57,9.1,5.17,0.0,94.44
2020-10-19 11:00:00+00:00,590.72,731.38,149.42,32.49,8.67,5.35,0.0,94.41
2020-10-19 12:00:00+00:00,368.4,574.71,134.15,31.89,8.55,5.48,0.0,94.4
2020-10-19 13:00:00+00:00,136.25,305.78,78.22,30.29,9.13,4.49,0.0,94.42
2020-10-19 14:00:00+00:00,4.8,2.55,7.2,25.4,12.14,3.5,0.0,94.46
2020-10-19 15:00:00+00:00,0.0,0.0,0.0,23.39,13.92,3.73,0.0,94.51
2020-10-19 16:00:00+00:00,0.0,0.0,0.0,22.28,15.34,3.76,0.0,94.56
2020-10-19 17:00:00+00:00,0.0,0.0,0.0,21.25,17.06,3.73,0.0,94.58
2020-10-19 18:00:00+00:00,0.0,0.0,0.0,20.3,18.79,3.66,0.0,94.57
2020-10-19 19:00:00+00:00,0.0,0.0,0.0,19.45,20.2,3.61,0.0,94.53
2020-10-19 20:00:00+00:00,0.0,0.0,0.0,18.69,21.31,3.6,0.0,94.5
2020-10-19 21:00:00+00:00,0.0,0.0,0.0,18.07,22.15,3.68,0.0,94.47
2020-10-19 22:00:00+00:00,0.0,0.0,0.0,17.57,22.78,3.83,0.0,94.46
2020-10-19 23:00:00+00:00,0.0,0.0,0.0,17.11,23.37,3.98,0.0,94.46
2020-10-20 00:00:00+00:00,0.0,0.0,0.0,16.66,23.9,4.12,0.0,94.48
2020-10-20 01:00:00+00:00,0.0,0.0,0.0,16.23,24.4,4.25,0.0,94.51
2020-10-20 02:00:00+00:00,0.0,0.0,0.0,15.81,24.91,4.28,0.0,94.56
2020-10-20 03:00:00+00:00,75.97,174.07,49.09,16.18,24.01,4.17,0.0,94.6
2020-10-20 04:00:00+00:00,304.0,554.61,109.84,19.97,18.67,5.5,0.0,94.65
2020-10-20 05:00:00+00:00,537.8,726.31,145.28,23.22,15.15,4.45,0.0,94.67
2020-10-20 06:00:00+00:00,729.25,826.07,157.54,27.56,11.54,5.44,0.0,94.67
2020-10-20 07:00:00+00:00,860.53,870.5,167.7,29.71,9.46,6.37,0.0,94.63
2020-10-20 08:00:00+00:00,889.33,792.46,216.06,30.92,7.97,6.07,0.0,94.56
2020-10-20 09:00:00+00:00,860.8,779.15,214.23,31.74,6.89,5.82,0.0,94.47
2020-10-20 10:00:00+00:00,757.28,737.3,205.51,32.15,6.16,5.57,0.0,94.4
2020-10-20 11:00:00+00:00,577.7,642.43,192.44,32.11,5.76,5.37,0.0,94.37
2020-10-20 12:00:00+00:00,353.02,482.87,152.58,31.5,5.67,5.21,0.0,94.36
2020-10-20 13:00:00+00:00,125.47,213.93,78.24,29.59,6.18,3.86,0.0,94.38
2020-10-20 14:00:00+00:00,4.18,0.75,6.22,24.4,8.43,3.42,0.0,94.41
2020-10-20 15:00:00+00:00,0.0,0.0,0.0,22.37,9.7,3.6,0.0,94.46
2020-10-20 16:00:00+00:00,0.0,0.0,0.0,21.26,10.69,3.57,0.0,94.51
2020-10-20 17:00:00+00:00,0.0,0.0,0.0,20.33,11.89,3.47,0.0,94.54
2020-10-20 18:00:00+00:00,0.0,0.0,0.0,19.53,13.36,3.38,0.0,94.55
2020-10-20 19:00:00+00:00,0.0,0.0,0.0,18.81,15.16,3.39,0.0,94.52
2020-10-20 20:00:00+00:00,0.0,0.0,0.0,18.09,17.31,3.52,0.0,94.49
2020-10-20 21:00:00+00:00,0.0,0.0,0.0,17.43,19.49,3.69,0.0,94.47
2020-10-20 22:00:00+00:00,0.0,0.0,0.0,16.9,21.49,3.85,0.0,94.45
2020-10-20 23:00:00+00:00,0.0,0.0,0.0,16.44,23.26,3.97,0.0,94.45
2020-10-21 00:00:00+00:00,0.0,0.0,0.0,16.06,24.82,4.03,0.0,94.46
2020-10-21 01:00:00+00:00,0.0,0.0,0.0,15.7,26.34,4.02,0.0,94.5
2020-10-21 02:00:00+00:00,0.0,0.0,0.0,15.37,27.88,3.94,0.0,94.55
2020-10-21 03:00:00+00:00,68.03,97.18,50.79,15.81,27.88,3.79,0.0,94.6
2020-10-21 04:00:00+00:00,281.3,412.4,130.91,19.69,22.17,4.95,0.0,94.66
2020-10-21 05:00:00+00:00,511.85,599.4,182.02,22.77,18.42,4.39,0.0,94.71
2020-10-21 06:00:00+00:00,703.35,717.17,190.2,27.29,13.57,4.54,0.0,94.7
2020-10-21 07:00:00+00:00,831.3,760.49,214.84,30.42,9.95,5.12,0.0,94.67
2020-10-21 08:00:00+00:00,920.1,977.28,124.59,31.59,8.56,4.45,0.0,94.62
2020-10-21 09:00:00+00:00,890.8,963.64,125.49,32.31,7.61,4.18,0.0,94.52
2020-10-21 10:00:00+00:00,783.33,918.5,124.59,32.63,7.01,4.15,0.0,94.46
2020-10-21 11:00:00+00:00,609.1,835.23,125.02,32.55,6.67,4.21,0.0,94.42
2020-10-21 12:00:00+00:00,384.8,696.16,106.7,31.94,6.65,4.38,0.0,94.42
2020-10-21 13:00:00+00:00,143.2,404.45,61.5,29.9,7.25,3.42,0.0,94.42
2020-10-21 14:00:00+00:00,4.3,5.24,6.23,24.91,9.57,3.42,0.0,94.45
2020-10-21 15:00:00+00:00,0.0,0.0,0.0,22.92,10.68,3.75,0.0,94.49
2020-10-21 16:00:00+00:00,0.0,0.0,0.0,21.7,11.57,3.81,0.0,94.56
2020-10-21 17:00:00+00:00,0.0,0.0,0.0,20.55,12.55,3.79,0.0,94.6
2020-10-21 18:00:00+00:00,0.0,0.0,0.0,19.53,13.57,3.75,0.0,94.61
2020-10-21 19:00:00+00:00,0.0,0.0,0.0,18.68,14.59,3.77,0.0,94.6
2020-10-21 20:00:00+00:00,0.0,0.0,0.0,17.97,15.7,3.8,0.0,94.6
2020-10-21 21:00:00+00:00,0.0,0.0,0.0,17.39,16.97,3.88,0.0,94.58
2020-10-21 22:00:00+00:00,0.0,0.0,0.0,16.92,18.18,3.95,0.0,94.57
2020-10-21 23:00:00+00:00,0.0,0.0,0.0,16.48,19.43,4.02,0.0,94.55
2020-10-22 00:00:00+00:00,0.0,0.0,0.0,16.02,20.59,4.06,0.0,94.56
2020-10-22 01:00:00+00:00,0.0,0.0,0.0,15.56,21.63,4.07,0.0,94.58
2020-10-22 02:00:00+00:00,0.0,0.0,0.0,15.14,22.67,4.07,0.0,94.61
2020-10-22 03:00:00+00:00,81.32,281.8,42.11,15.56,22.51,4.01,0.0,94.66
2020-10-22 04:00:00+00:00,318.48,692.58,86.11,19.58,17.87,5.5,0.0,94.71
2020-10-22 05:00:00+00:00,550.42,832.36,110.57,22.58,15.37,5.0,0.0,94.75
2020-10-22 06:00:00+00:00,737.92,924.03,113.19,27.1,12.71,5.16,0.0,94.74
2020-10-22 07:00:00+00:00,861.42,940.53,130.61,29.77,11.78,6.29,0.0,94.71
2020-10-22 08:00:00+00:00,882.7,819.83,198.37,30.92,11.26,6.06,0.0,94.62
2020-10-22 09:00:00+00:00,851.83,803.69,196.23,31.76,10.82,5.91,0.0,94.52
2020-10-22 10:00:00+00:00,745.42,752.38,190.5,32.24,10.62,5.81,0.0,94.45
2020-10-22 11:00:00+00:00,569.1,658.87,180.61,32.28,10.65,5.77,0.0,94.4
2020-10-22 12:00:00+00:00,346.98,506.01,144.96,31.78,11.02,5.72,0.0,94.39
2020-10-22 13:00:00+00:00,129.68,234.92,86.32,30.09,12.24,4.38,0.0,94.39
2020-10-22 14:00:00+00:00,0.0,0.0,0.0,25.39,16.2,3.54,0.0,94.42
2020-10-22 15:00:00+00:00,0.0,0.0,0.0,23.58,18.01,3.8,0.0,94.45
2020-10-22 16:00:00+00:00,0.0,0.0,0.0,22.51,19.0,3.88,0.0,94.5
2020-10-22 17:00:00+00:00,0.0,0.0,0.0,21.5,19.86,3.88,0.0,94.53
2020-10-22 18:00:00+00:00,0.0,0.0,0.0,20.56,20.54,3.88,0.0,94.51
2020-10-22 19:00:00+00:00,0.0,0.0,0.0,19.76,21.38,3.91,0.0,94.5
2020-10-22 20:00:00+00:00,0.0,0.0,0.0,19.1,22.54,4.02,0.0,94.47
2020-10-22 21:00:00+00:00,0.0,0.0,0.0,18.55,23.89,4.19,0.0,94.45
2020-10-22 22:00:00+00:00,0.0,0.0,0.0,18.11,25.14,4.42,0.0,94.42
2020-10-22 23:00:00+00:00,0.0,0.0,0.0,17.72,26.05,4.69,0.0,94.39
2020-10-23 00:00:00+00:00,0.0,0.0,0.0,17.33,26.7,4.91,0.0,94.39
2020-10-23 01:00:00+00:00,0.0,0.0,0.0,16.91,27.27,5.09,0.0,94.42
2020-10-23 02:00:00+00:00,0.0,0.0,0.0,16.45,27.93,5.27,0.0,94.46
2020-10-23 03:00:00+00:00,67.18,105.56,47.83,16.42,27.92,5.6,0.0,94.51
2020-10-23 04:00:00+00:00,288.35,488.78,118.1,18.64,24.28,6.81,0.0,94.57
2020-10-23 05:00:00+00:00,521.08,683.58,153.67,21.83,19.94,6.19,0.0,94.61
2020-10-23 06:00:00+00:00,711.2,802.05,158.97,26.89,14.73,6.79,0.0,94.61
2020-10-23 07:00:00+00:00,837.78,853.17,169.2,30.02,11.95,7.45,0.0,94.56
2020-10-23 08:00:00+00:00,900.95,960.86,124.19,31.27,10.72,6.93,0.0,94.48
2020-10-23 09:00:00+00:00,873.35,962.58,117.52,32.11,9.68,6.6,0.0,94.39
2020-10-23 10:00:00+00:00,768.42,921.68,115.91,32.55,8.91,6.42,0.0,94.32
2020-10-23 11:00:00+00:00,597.12,846.03,114.91,32.51,8.46,6.31,0.0,94.27
2020-10-23 12:00:00+00:00,373.83,677.92,109.19,31.9,8.41,6.18,0.0,94.25
2020-10-23 13:00:00+00:00,142.85,374.55,65.26,29.9,9.28,4.51,0.0,94.26
2020-10-23 14:00:00+00:00,0.0,0.0,0.0,24.93,12.46,3.7,0.0,94.28
2020-10-23 15:00:00+00:00,0.0,0.0,0.0,22.98,14.13,3.8,0.0,94.32
2020-10-23 16:00:00+00:00,0.0,0.0,0.0,21.8,15.25,3.66,0.0,94.38
2020-10-23 17:00:00+00:00,0.0,0.0,0.0,20.76,16.19,3.43,0.0,94.42
2020-10-23 18:00:00+00:00,0.0,0.0,0.0,19.91,16.88,3.16,0.0,94.44
2020-10-23 19:00:00+00:00,0.0,0.0,0.0,19.26,17.37,2.87,0.0,94.43
2020-10-23 20:00:00+00:00,0.0,0.0,0.0,18.82,17.64,2.6,0.0,94.41
2020-10-23 21:00:00+00:00,0.0,0.0,0.0,18.44,17.84,2.36,0.0,94.37
2020-10-23 22:00:00+00:00,0.0,0.0,0.0,18.04,18.07,2.19,0.0,94.34
2020-10-23 23:00:00+00:00,0.0,0.0,0.0,17.62,18.4,2.08,0.0,94.32
2020-10-24 00:00:00+00:00,0.0,0.0,0.0,17.21,18.66,2.01,0.0,94.33
2020-10-24 01:00:00+00:00,0.0,0.0,0.0,16.88,18.9,1.93,0.0,94.36
2020-10-24 02:00:00+00:00,0.0,0.0,0.0,16.61,18.99,1.86,0.0,94.4
2020-10-24 03:00:00+00:00,72.43,169.67,45.71,16.69,18.75,1.71,0.0,94.44
2020-10-24 04:00:00+00:00,304.3,579.55,106.46,18.93,16.22,1.5,0.0,94.48
2020-10-24 05:00:00+00:00,537.4,760.24,136.06,21.62,13.62,1.51,0.0,94.52
2020-10-24 06:00:00+00:00,726.45,844.87,153.89,25.68,10.02,1.9,0.0,94.53
2020-10-24 07:00:00+00:00,853.33,895.51,160.37,28.68,7.67,3.2,0.0,94.51
2020-10-24 08:00:00+00:00,886.47,822.15,211.11,29.84,7.06,3.54,0.0,94.46
2020-10-24 09:00:00+00:00,855.67,814.4,201.4,30.6,6.86,3.75,0.0,94.4
2020-10-24 10:00:00+00:00,749.42,773.8,194.96,30.94,6.96,3.93,0.0,94.35
2020-10-24 11:00:00+00:00,572.78,678.91,175.23,30.86,7.3,4.05,0.0,94.33
2020-10-24 12:00:00+00:00,348.2,510.58,143.85,30.21,7.86,4.1,0.0,94.33
2020-10-24 13:00:00+00:00,126.07,231.47,79.21,28.31,9.01,3.2,0.0,94.35
2020-10-24 14:00:00+00:00,0.0,0.0,0.0,23.4,12.05,3.12,0.0,94.38
2020-10-24 15:00:00+00:00,0.0,0.0,0.0,21.5,13.23,3.36,0.0,94.42
2020-10-24 16:00:00+00:00,0.0,0.0,0.0,20.4,13.79,3.41,0.0,94.47
2020-10-24 17:00:00+00:00,0.0,0.0,0.0,19.47,14.34,3.36,0.0,94.5
2020-10-24 18:00:00+00:00,0.0,0.0,0.0,18.69,14.99,3.25,0.0,94.52
2020-10-24 19:00:00+00:00,0.0,0.0,0.0,17.99,15.66,3.16,0.0,94.52
2020-10-24 20:00:00+00:00,0.0,0.0,0.0,17.39,16.42,3.05,0.0,94.49
2020-10-24 21:00:00+00:00,0.0,0.0,0.0,16.93,16.98,2.92,0.0,94.47
2020-10-24 22:00:00+00:00,0.0,0.0,0.0,16.57,17.37,2.79,0.0,94.45
2020-10-24 23:00:00+00:00,0.0,0.0,0.0,16.26,17.63,2.68,0.0,94.43
2020-10-25 00:00:00+00:00,0.0,0.0,0.0,15.97,17.79,2.61,0.0,94.43
2020-10-25 01:00:00+00:00,0.0,0.0,0.0,15.69,18.03,2.56,0.0,94.44
2020-10-25 02:00:00+00:00,0.0,0.0,0.0,15.45,18.32,2.5,0.0,94.48
2020-10-25 03:00:00+00:00,66.22,130.51,46.24,15.65,18.09,2.34,0.0,94.53
2020-10-25 04:00:00+00:00,287.23,509.65,114.38,18.81,14.82,2.09,0.0,94.58
2020-10-25 05:00:00+00:00,518.22,690.1,152.17,22.03,12.21,2.26,0.0,94.62
2020-10-25 06:00:00+00:00,706.55,796.89,161.95,26.19,9.65,3.99,0.0,94.61
2020-10-25 07:00:00+00:00,833.22,843.51,176.52,28.86,8.82,5.91,0.0,94.57
2020-10-25 08:00:00+00:00,889.28,911.02,154.21,30.06,8.44,5.9,0.0,94.5
2020-10-25 09:00:00+00:00,859.5,899.58,155.57,30.83,8.14,5.69,0.0,94.43
2020-10-25 10:00:00+00:00,758.6,876.65,143.35,31.18,8.1,5.38,0.0,94.38
2020-10-25 11:00:00+00:00,561.01,685.23,166.94,31.11,8.27,4.97,0.0,94.35
2020-10-25 12:00:00+00:00,369.02,668.61,112.33,30.52,8.76,4.56,0.0,94.34
2020-10-25 13:00:00+00:00,138.27,398.87,66.31,28.54,10.17,3.2,0.0,94.36
2020-10-25 14:00:00+00:00,0.0,0.0,0.0,23.75,14.06,3.08,0.0,94.38
2020-10-25 15:00:00+00:00,0.0,0.0,0.0,22.05,16.11,3.26,0.0,94.42
2020-10-25 16:00:00+00:00,0.0,0.0,0.0,21.02,17.59,3.29,0.0,94.47
2020-10-25 17:00:00+00:00,0.0,0.0,0.0,20.06,19.05,3.29,0.0,94.5
2020-10-25 18:00:00+00:00,0.0,0.0,0.0,19.19,20.46,3.27,0.0,94.52
2020-10-25 19:00:00+00:00,0.0,0.0,0.0,18.39,22.01,3.23,0.0,94.52
2020-10-25 20:00:00+00:00,0.0,0.0,0.0,17.67,23.55,3.19,0.0,94.51
2020-10-25 21:00:00+00:00,0.0,0.0,0.0,17.04,25.05,3.19,0.0,94.5
2020-10-25 22:00:00+00:00,0.0,0.0,0.0,16.54,26.58,3.2,0.0,94.5
2020-10-25 23:00:00+00:00,0.0,0.0,0.0,16.12,27.96,3.21,0.0,94.5
2020-10-26 00:00:00+00:00,0.0,0.0,0.0,15.76,29.38,3.23,0.0,94.52
2020-10-26 01:00:00+00:00,0.0,0.0,0.0,15.41,30.74,3.26,0.0,94.55
2020-10-26 02:00:00+00:00,0.0,0.0,0.0,15.1,32.0,3.3,0.0,94.6
2020-10-26 03:00:00+00:00,73.68,254.7,38.91,15.34,32.13,3.23,0.0,94.64
2020-10-26 04:00:00+00:00,307.75,676.24,84.94,19.57,24.94,3.36,0.0,94.68
2020-10-26 05:00:00+00:00,537.6,831.71,108.07,22.8,20.68,3.41,0.0,94.72
2020-10-26 06:00:00+00:00,723.7,919.24,113.5,26.96,16.18,3.96,0.0,94.72
2020-10-26 07:00:00+00:00,843.17,948.34,122.29,29.12,13.77,3.96,0.0,94.68
2020-10-26 08:00:00+00:00,874.25,857.22,175.58,30.25,12.22,3.19,0.0,94.6
2020-10-26 09:00:00+00:00,844.15,839.66,176.74,30.99,11.1,2.39,0.0,94.51
2020-10-26 10:00:00+00:00,739.42,804.28,166.03,31.32,10.46,1.76,0.0,94.45
2020-10-26 11:00:00+00:00,565.12,707.17,161.68,31.27,10.19,1.4,0.0,94.41
2020-10-26 12:00:00+00:00,343.65,555.73,130.56,30.76,10.31,1.37,0.0,94.4
2020-10-26 13:00:00+00:00,123.07,280.14,72.71,29.18,11.3,1.35,0.0,94.42
2020-10-26 14:00:00+00:00,0.0,0.0,0.0,25.82,14.03,1.94,0.0,94.44
2020-10-26 15:00:00+00:00,0.0,0.0,0.0,23.8,16.34,2.45,0.0,94.5
2020-10-26 16:00:00+00:00,0.0,0.0,0.0,22.21,18.68,2.81,0.0,94.55
2020-10-26 17:00:00+00:00,0.0,0.0,0.0,20.94,20.87,3.06,0.0,94.58
2020-10-26 18:00:00+00:00,0.0,0.0,0.0,19.93,22.74,3.18,0.0,94.59
2020-10-26 19:00:00+00:00,0.0,0.0,0.0,19.06,24.41,3.16,0.0,94.59
2020-10-26 20:00:00+00:00,0.0,0.0,0.0,18.31,26.01,3.07,0.0,94.58
2020-10-26 21:00:00+00:00,0.0,0.0,0.0,17.66,27.69,2.98,0.0,94.55
2020-10-26 22:00:00+00:00,0.0,0.0,0.0,17.13,29.48,2.85,0.0,94.53
2020-10-26 23:00:00+00:00,0.0,0.0,0.0,16.72,31.29,2.72,0.0,94.52
2020-10-27 00:00:00+00:00,0.0,0.0,0.0,16.38,32.87,2.63,0.0,94.53
2020-10-27 01:00:00+00:00,0.0,0.0,0.0,16.08,34.42,2.56,0.0,94.56
2020-10-27 02:00:00+00:00,0.0,0.0,0.0,15.82,35.94,2.52,0.0,94.61
2020-10-27 03:00:00+00:00,61.1,98.52,45.29,15.92,36.49,2.45,0.0,94.67
2020-10-27 04:00:00+00:00,276.48,463.81,119.59,19.34,29.96,2.52,0.0,94.72
2020-10-27 05:00:00+00:00,503.55,638.56,165.44,22.33,25.33,2.48,0.0,94.75
2020-10-27 06:00:00+00:00,689.7,740.37,182.73,26.64,18.14,1.65,0.0,94.76
2020-10-27 07:00:00+00:00,814.8,782.06,203.64,28.94,14.41,1.03,0.0,94.73
2020-10-27 08:00:00+00:00,856.2,762.66,222.83,30.01,12.79,1.32,0.0,94.66
2020-10-27 09:00:00+00:00,825.78,738.45,231.64,30.67,11.79,1.68,0.0,94.58
2020-10-27 10:00:00+00:00,720.97,698.29,212.57,30.99,11.27,1.94,0.0,94.52
2020-10-27 11:00:00+00:00,544.28,592.98,201.04,30.94,11.1,2.12,0.0,94.49
2020-10-27 12:00:00+00:00,323.5,430.53,155.66,30.41,11.3,2.25,0.0,94.47
2020-10-27 13:00:00+00:00,111.47,168.83,74.8,28.85,12.28,1.99,0.0,94.48
2020-10-27 14:00:00+00:00,0.0,0.0,0.0,25.09,15.46,2.27,0.0,94.51
2020-10-27 15:00:00+00:00,0.0,0.0,0.0,23.3,17.38,2.64,0.0,94.56
2020-10-27 16:00:00+00:00,0.0,0.0,0.0,22.05,18.88,2.85,0.0,94.6
2020-10-27 17:00:00+00:00,0.0,0.0,0.0,21.0,20.26,2.91,0.0,94.63
2020-10-27 18:00:00+00:00,0.0,0.0,0.0,20.14,21.49,2.86,0.0,94.64
2020-10-27 19:00:00+00:00,0.0,0.0,0.0,19.44,22.45,2.7,0.0,94.65
2020-10-27 20:00:00+00:00,0.0,0.0,0.0,18.86,23.27,2.47,0.0,94.64
2020-10-27 21:00:00+00:00,0.0,0.0,0.0,18.44,23.82,2.2,0.0,94.63
2020-10-27 22:00:00+00:00,0.0,0.0,0.0,18.22,24.07,1.91,0.0,94.62
2020-10-27 23:00:00+00:00,0.0,0.0,0.0,18.13,24.14,1.58,0.0,94.61
2020-10-28 00:00:00+00:00,0.0,0.0,0.0,18.12,24.15,1.27,0.0,94.61
2020-10-28 01:00:00+00:00,0.0,0.0,0.0,18.05,24.41,1.0,0.0,94.64
2020-10-28 02:00:00+00:00,0.0,0.0,0.0,17.94,24.88,0.82,0.0,94.67
2020-10-28 03:00:00+00:00,57.6,77.79,44.41,17.94,25.41,0.71,0.0,94.72
2020-10-28 04:00:00+00:00,266.67,422.47,123.14,19.44,23.75,0.7,0.0,94.77
2020-10-28 05:00:00+00:00,492.92,609.48,170.05,21.76,21.41,0.79,0.0,94.81
2020-10-28 06:00:00+00:00,679.45,718.86,187.43,26.41,17.3,1.95,0.0,94.81
2020-10-28 07:00:00+00:00,803.67,770.22,201.43,28.45,14.64,2.28,0.0,94.77
2020-10-28 08:00:00+00:00,855.95,799.04,202.09,29.51,13.36,2.39,0.0,94.7
2020-10-28 09:00:00+00:00,825.78,777.45,208.82,30.23,12.38,2.53,0.0,94.62
2020-10-28 10:00:00+00:00,717.03,738.92,189.27,30.56,11.66,2.72,0.0,94.57
2020-10-28 11:00:00+00:00,543.33,636.6,181.26,30.49,11.22,2.91,0.0,94.53
2020-10-28 12:00:00+00:00,323.4,468.18,144.25,29.96,11.13,3.07,0.0,94.53
2020-10-28 13:00:00+00:00,111.0,199.66,69.99,28.21,12.04,2.48,0.0,94.54
2020-10-28 14:00:00+00:00,0.0,0.0,0.0,24.12,15.24,2.59,0.0,94.59
2020-10-28 15:00:00+00:00,0.0,0.0,0.0,22.49,16.77,2.83,0.0,94.64
2020-10-28 16:00:00+00:00,0.0,0.0,0.0,21.39,17.89,2.94,0.0,94.69
2020-10-28 17:00:00+00:00,0.0,0.0,0.0,20.39,19.03,2.98,0.0,94.73
2020-10-28 18:00:00+00:00,0.0,0.0,0.0,19.47,20.22,2.97,0.0,94.74
2020-10-28 19:00:00+00:00,0.0,0.0,0.0,18.65,21.34,2.88,0.0,94.72
2020-10-28 20:00:00+00:00,0.0,0.0,0.0,17.98,22.4,2.73,0.0,94.7
2020-10-28 21:00:00+00:00,0.0,0.0,0.0,17.57,23.21,2.5,0.0,94.68
2020-10-28 22:00:00+00:00,0.0,0.0,0.0,17.42,23.65,2.18,0.0,94.65
2020-10-28 23:00:00+00:00,0.0,0.0,0.0,17.46,23.89,1.8,0.0,94.63
2020-10-29 00:00:00+00:00,0.0,0.0,0.0,17.49,24.08,1.46,0.0,94.64
2020-10-29 01:00:00+00:00,0.0,0.0,0.0,17.53,24.32,1.17,0.0,94.66
2020-10-29 02:00:00+00:00,0.0,0.0,0.0,17.38,24.8,0.99,0.0,94.71
2020-10-29 03:00:00+00:00,57.17,96.61,42.32,17.28,25.12,1.04,0.0,94.77
2020-10-29 04:00:00+00:00,264.08,419.17,122.11,18.97,22.81,1.16,0.0,94.82
2020-10-29 05:00:00+00:00,490.0,621.44,164.61,21.54,19.64,1.27,0.0,94.84
2020-10-29 06:00:00+00:00,677.0,730.22,181.31,25.72,14.35,1.67,0.0,94.84
2020-10-29 07:00:00+00:00,803.42,784.23,194.87,28.08,12.01,2.94,0.0,94.79
2020-10-29 08:00:00+00:00,845.62,778.61,208.6,29.15,11.09,2.98,0.0,94.71
2020-10-29 09:00:00+00:00,815.9,755.88,216.51,29.84,10.32,3.0,0.0,94.63
2020-10-29 10:00:00+00:00,710.85,719.32,193.06,30.24,9.77,3.09,0.0,94.58
2020-10-29 11:00:00+00:00,535.38,612.63,187.37,30.23,9.52,3.26,0.0,94.55
2020-10-29 12:00:00+00:00,315.77,432.09,146.92,29.71,9.63,3.44,0.0,94.55
2020-10-29 13:00:00+00:00,104.85,163.35,72.94,27.76,10.74,2.71,0.0,94.58
2020-10-29 14:00:00+00:00,0.0,0.0,0.0,23.3,14.27,3.01,0.0,94.61
2020-10-29 15:00:00+00:00,0.0,0.0,0.0,21.62,16.22,3.31,0.0,94.67
2020-10-29 16:00:00+00:00,0.0,0.0,0.0,20.53,17.92,3.44,0.0,94.72
2020-10-29 17:00:00+00:00,0.0,0.0,0.0,19.51,19.9,3.46,0.0,94.75
2020-10-29 18:00:00+00:00,0.0,0.0,0.0,18.57,22.1,3.38,0.0,94.75
2020-10-29 19:00:00+00:00,0.0,0.0,0.0,17.73,24.56,3.21,0.0,94.74
2020-10-29 20:00:00+00:00,0.0,0.0,0.0,17.07,27.0,2.94,0.0,94.71
2020-10-29 21:00:00+00:00,0.0,0.0,0.0,16.72,29.27,2.62,0.0,94.69
2020-10-29 22:00:00+00:00,0.0,0.0,0.0,16.7,30.98,2.19,0.0,94.68
2020-10-29 23:00:00+00:00,0.0,0.0,0.0,16.83,32.23,1.74,0.0,94.68
2020-10-30 00:00:00+00:00,0.0,0.0,0.0,17.08,33.04,1.19,0.0,94.68
2020-10-30 01:00:00+00:00,0.0,0.0,0.0,17.1,33.94,0.68,0.0,94.71
2020-10-30 02:00:00+00:00,0.0,0.0,0.0,16.84,35.39,0.33,0.0,94.75
2020-10-30 03:00:00+00:00,54.05,76.83,40.81,16.78,36.34,0.31,0.0,94.8
2020-10-30 04:00:00+00:00,259.48,412.03,120.94,18.32,33.64,0.51,0.0,94.85
2020-10-30 05:00:00+00:00,484.05,613.55,164.3,20.6,30.07,0.59,0.0,94.88
2020-10-30 06:00:00+00:00,670.5,715.68,189.32,24.88,26.61,2.01,0.0,94.88
2020-10-30 07:00:00+00:00,795.45,774.83,196.09,27.07,22.82,2.97,0.0,94.83
2020-10-30 08:00:00+00:00,869.55,919.46,141.7,28.19,20.49,3.06,0.0,94.76
2020-10-30 09:00:00+00:00,840.85,914.27,140.55,28.95,18.91,3.12,0.0,94.69
2020-10-30 10:00:00+00:00,735.78,891.46,125.99,29.36,17.86,3.18,0.0,94.63
2020-10-30 11:00:00+00:00,565.45,802.02,126.83,29.37,17.4,3.2,0.0,94.6
2020-10-30 12:00:00+00:00,345.5,653.72,105.13,28.85,17.63,3.23,0.0,94.59
2020-10-30 13:00:00+00:00,118.78,358.01,57.75,27.38,19.16,2.69,0.0,94.6
2020-10-30 14:00:00+00:00,0.0,0.0,0.0,23.33,24.91,2.61,0.0,94.63
2020-10-30 15:00:00+00:00,0.0,0.0,0.0,21.79,27.95,2.86,0.0,94.66
2020-10-30 16:00:00+00:00,0.0,0.0,0.0,20.82,30.1,2.97,0.0,94.71
2020-10-30 17:00:00+00:00,0.0,0.0,0.0,19.93,32.14,3.02,0.0,94.74
2020-10-30 18:00:00+00:00,0.0,0.0,0.0,19.14,33.83,3.0,0.0,94.74
2020-10-30 19:00:00+00:00,0.0,0.0,0.0,18.43,35.15,2.91,0.0,94.73
2020-10-30 20:00:00+00:00,0.0,0.0,0.0,17.91,36.01,2.75,0.0,94.71
2020-10-30 21:00:00+00:00,0.0,0.0,0.0,17.54,36.63,2.58,0.0,94.7
2020-10-30 22:00:00+00:00,0.0,0.0,0.0,17.26,37.13,2.45,0.0,94.69
2020-10-30 23:00:00+00:00,0.0,0.0,0.0,17.04,37.57,2.32,0.0,94.69
2020-10-31 00:00:00+00:00,0.0,0.0,0.0,16.84,38.05,2.21,0.0,94.69
2020-10-31 01:00:00+00:00,0.0,0.0,0.0,16.62,38.76,2.16,0.0,94.72
2020-10-31 02:00:00+00:00,0.0,0.0,0.0,16.34,39.8,2.17,0.0,94.76
2020-10-31 03:00:00+00:00,58.58,139.12,40.17,16.25,40.46,2.19,0.0,94.81
2020-10-31 04:00:00+00:00,277.92,549.48,100.0,19.16,34.1,2.22,0.0,94.86
2020-10-31 05:00:00+00:00,504.25,724.55,135.56,22.31,28.43,2.6,0.0,94.89
2020-10-31 06:00:00+00:00,688.28,814.16,153.26,25.98,22.18,3.86,0.0,94.9
2020-10-31 07:00:00+00:00,811.17,864.29,157.75,27.68,19.33,4.47,0.0,94.86
2020-10-31 08:00:00+00:00,834.35,749.72,222.13,28.74,17.55,4.45,0.0,94.78
2020-10-31 09:00:00+00:00,801.85,728.38,225.2,29.54,16.19,4.35,0.0,94.7
2020-10-31 10:00:00+00:00,694.7,681.9,203.2,29.99,15.37,4.27,0.0,94.64
2020-10-31 11:00:00+00:00,517.05,539.01,209.66,30.06,15.06,4.22,0.0,94.6
2020-10-31 12:00:00+00:00,301.0,387.53,152.1,29.6,15.35,4.2,0.0,94.57
2020-10-31 13:00:00+00:00,93.1,109.22,71.17,27.94,16.98,3.32,0.0,94.58
2020-10-31 14:00:00+00:00,0.0,0.0,0.0,23.51,22.34,3.21,0.0,94.59
2020-10-31 15:00:00+00:00,0.0,0.0,0.0,21.97,24.48,3.54,0.0,94.62
2020-10-31 16:00:00+00:00,0.0,0.0,0.0,21.02,25.59,3.64,0.0,94.66
2020-10-31 17:00:00+00:00,0.0,0.0,0.0,20.1,26.58,3.65,0.0,94.69
2020-10-31 18:00:00+00:00,0.0,0.0,0.0,19.22,27.67,3.62,0.0,94.7
2020-10-31 19:00:00+00:00,0.0,0.0,0.0,18.39,29.07,3.53,0.0,94.7
2020-10-31 20:00:00+00:00,0.0,0.0,0.0,17.66,30.81,3.43,0.0,94.69
2020-10-31 21:00:00+00:00,0.0,0.0,0.0,17.05,32.56,3.37,0.0,94.69
2020-10-31 22:00:00+00:00,0.0,0.0,0.0,16.54,34.2,3.3,0.0,94.69
2020-10-31 23:00:00+00:00,0.0,0.0,0.0,16.1,35.75,3.23,0.0,94.68
2020-11-01 00:00:00+00:00,0.0,0.0,0.0,15.76,37.04,3.16,0.0,94.69
2020-11-01 01:00:00+00:00,0.0,0.0,0.0,15.46,38.29,3.12,0.0,94.72
2020-11-01 02:00:00+00:00,0.0,0.0,0.0,15.19,39.33,3.1,0.0,94.77
2020-11-01 03:00:00+00:00,48.13,88.89,35.96,15.33,39.18,3.02,0.0,94.83
2020-11-01 04:00:00+00:00,237.69,390.38,109.62,19.22,30.72,3.04,0.0,94.89
2020-11-01 05:00:00+00:00,429.46,517.12,162.9,22.45,25.14,3.26,0.0,94.93
2020-11-01 06:00:00+00:00,603.16,615.43,192.76,26.49,19.04,4.52,0.0,94.96
2020-11-01 07:00:00+00:00,795.28,812.22,177.44,28.51,16.33,4.73,0.0,94.93
2020-11-01 08:00:00+00:00,850.67,875.15,159.07,29.52,14.66,4.36,0.0,94.88
2020-11-01 09:00:00+00:00,821.47,870.35,156.5,30.15,13.35,3.98,0.0,94.81
2020-11-01 10:00:00+00:00,717.22,840.38,143.75,30.44,12.35,3.65,0.0,94.75
2020-11-01 11:00:00+00:00,547.8,759.99,136.02,30.34,11.82,3.41,0.0,94.7
2020-11-01 12:00:00+00:00,330.58,614.04,107.61,29.75,11.83,3.28,0.0,94.69
2020-11-01 13:00:00+00:00,108.32,303.95,57.84,27.77,13.15,2.52,0.0,94.69
2020-11-01 14:00:00+00:00,0.0,0.0,0.0,23.5,17.21,2.84,0.0,94.72
2020-11-01 15:00:00+00:00,0.0,0.0,0.0,21.88,19.69,3.18,0.0,94.78
2020-11-01 16:00:00+00:00,0.0,0.0,0.0,20.81,22.21,3.33,0.0,94.83
2020-11-01 17:00:00+00:00,0.0,0.0,0.0,19.86,25.19,3.37,0.0,94.86
2020-11-01 18:00:00+00:00,0.0,0.0,0.0,19.02,28.34,3.34,0.0,94.87
2020-11-01 19:00:00+00:00,0.0,0.0,0.0,18.27,31.43,3.24,0.0,94.86
2020-11-01 20:00:00+00:00,0.0,0.0,0.0,17.63,34.14,3.09,0.0,94.83
2020-11-01 21:00:00+00:00,0.0,0.0,0.0,17.17,36.31,2.97,0.0,94.82
2020-11-01 22:00:00+00:00,0.0,0.0,0.0,16.86,38.05,2.87,0.0,94.81
2020-11-01 23:00:00+00:00,0.0,0.0,0.0,16.61,39.62,2.81,0.0,94.81
2020-11-02 00:00:00+00:00,0.0,0.0,0.0,16.36,41.23,2.76,0.0,94.81
2020-11-02 01:00:00+00:00,0.0,0.0,0.0,16.11,42.89,2.74,0.0,94.82
2020-11-02 02:00:00+00:00,0.0,0.0,0.0,15.85,44.64,2.75,0.0,94.87
2020-11-02 03:00:00+00:00,56.3,162.01,36.19,15.88,45.5,2.73,0.0,94.91
2020-11-02 04:00:00+00:00,276.12,589.69,91.12,19.42,37.08,2.77,0.0,94.96
2020-11-02 05:00:00+00:00,501.6,765.19,119.69,22.59,30.92,3.03,0.0,95.01
2020-11-02 06:00:00+00:00,684.97,849.81,134.39,26.65,23.09,4.0,0.0,95.03
2020-11-02 07:00:00+00:00,806.97,902.02,137.1,28.64,19.4,3.91,0.0,95.02
2020-11-02 08:00:00+00:00,832.1,790.8,202.43,29.75,17.49,3.59,0.0,94.96
2020-11-02 09:00:00+00:00,800.75,776.15,196.93,30.49,16.2,3.43,0.0,94.89
2020-11-02 10:00:00+00:00,695.9,730.11,187.13,30.88,15.35,3.35,0.0,94.81
2020-11-02 11:00:00+00:00,523.3,634.48,174.17,30.89,14.93,3.27,0.0,94.77
2020-11-02 12:00:00+00:00,306.52,466.34,133.07,30.4,15.07,3.17,0.0,94.75
2020-11-02 13:00:00+00:00,96.3,188.53,63.66,28.54,16.7,2.43,0.0,94.75
2020-11-02 14:00:00+00:00,0.0,0.0,0.0,24.26,21.65,2.81,0.0,94.77
2020-11-02 15:00:00+00:00,0.0,0.0,0.0,22.56,24.05,3.24,0.0,94.8
2020-11-02 16:00:00+00:00,0.0,0.0,0.0,21.48,25.34,3.45,0.0,94.85
2020-11-02 17:00:00+00:00,0.0,0.0,0.0,20.54,25.98,3.55,0.0,94.89
2020-11-02 18:00:00+00:00,0.0,0.0,0.0,19.66,26.31,3.56,0.0,94.9
2020-11-02 19:00:00+00:00,0.0,0.0,0.0,18.85,26.84,3.5,0.0,94.89
2020-11-02 20:00:00+00:00,0.0,0.0,0.0,18.11,27.59,3.42,0.0,94.87
2020-11-02 21:00:00+00:00,0.0,0.0,0.0,17.52,28.33,3.41,0.0,94.86
2020-11-02 22:00:00+00:00,0.0,0.0,0.0,17.03,29.14,3.46,0.0,94.84
2020-11-02 23:00:00+00:00,0.0,0.0,0.0,16.6,30.18,3.51,0.0,94.83
2020-11-03 00:00:00+00:00,0.0,0.0,0.0,16.22,31.41,3.57,0.0,94.81
2020-11-03 01:00:00+00:00,0.0,0.0,0.0,15.88,32.86,3.63,0.0,94.82
2020-11-03 02:00:00+00:00,0.0,0.0,0.0,15.58,34.45,3.72,0.0,94.85
2020-11-03 03:00:00+00:00,49.83,85.24,38.01,15.72,35.35,3.7,0.0,94.88
2020-11-03 04:00:00+00:00,258.55,467.99,107.37,19.61,28.66,4.49,0.0,94.92
2020-11-03 05:00:00+00:00,482.65,655.92,152.17,22.61,24.57,4.37,0.0,94.96
2020-11-03 06:00:00+00:00,666.75,760.74,168.61,26.98,18.93,5.1,0.0,94.97
2020-11-03 07:00:00+00:00,790.5,817.49,175.81,29.36,15.81,4.23,0.0,94.93
2020-11-03 08:00:00+00:00,834.17,812.37,192.64,30.45,14.52,3.25,0.0,94.87
2020-11-03 09:00:00+00:00,804.75,808.02,183.23,31.08,13.6,2.63,0.0,94.8
2020-11-03 10:00:00+00:00,702.65,772.99,171.91,31.32,13.04,2.2,0.0,94.74
2020-11-03 11:00:00+00:00,530.58,682.69,158.14,31.19,12.8,2.01,0.0,94.71
2020-11-03 12:00:00+00:00,314.05,525.85,122.78,30.57,13.05,2.07,0.0,94.68
2020-11-03 13:00:00+00:00,98.28,215.0,58.81,28.65,14.54,1.89,0.0,94.68
2020-11-03 14:00:00+00:00,0.0,0.0,0.0,24.66,18.78,2.5,0.0,94.7
2020-11-03 15:00:00+00:00,0.0,0.0,0.0,22.83,21.52,2.95,0.0,94.75
2020-11-03 16:00:00+00:00,0.0,0.0,0.0,21.63,23.87,3.19,0.0,94.79
2020-11-03 17:00:00+00:00,0.0,0.0,0.0,20.63,26.01,3.3,0.0,94.82
2020-11-03 18:00:00+00:00,0.0,0.0,0.0,19.72,27.91,3.36,0.0,94.82
2020-11-03 19:00:00+00:00,0.0,0.0,0.0,18.9,29.57,3.38,0.0,94.79
2020-11-03 20:00:00+00:00,0.0,0.0,0.0,18.17,31.02,3.4,0.0,94.76
2020-11-03 21:00:00+00:00,0.0,0.0,0.0,17.58,32.18,3.47,0.0,94.73
2020-11-03 22:00:00+00:00,0.0,0.0,0.0,17.07,33.07,3.52,0.0,94.71
2020-11-03 23:00:00+00:00,0.0,0.0,0.0,16.63,33.84,3.56,0.0,94.69
2020-11-04 00:00:00+00:00,0.0,0.0,0.0,16.21,34.67,3.62,0.0,94.68
2020-11-04 01:00:00+00:00,0.0,0.0,0.0,15.86,35.37,3.67,0.0,94.68
2020-11-04 02:00:00+00:00,0.0,0.0,0.0,15.54,36.12,3.71,0.0,94.71
2020-11-04 03:00:00+00:00,49.4,106.35,36.34,15.65,35.88,3.69,0.0,94.74
2020-11-04 04:00:00+00:00,259.2,506.71,100.47,19.65,27.89,4.31,0.0,94.78
2020-11-04 05:00:00+00:00,483.05,690.7,139.2,22.76,23.04,4.57,0.0,94.79
2020-11-04 06:00:00+00:00,590.47,605.43,190.7,26.78,17.78,3.91,0.0,94.8
2020-11-04 07:00:00+00:00,789.33,852.84,156.52,29.21,14.72,2.76,0.0,94.75
2020-11-04 08:00:00+00:00,832.15,831.61,180.94,30.39,13.11,1.97,0.0,94.66
2020-11-04 09:00:00+00:00,803.7,828.92,172.1,31.06,12.1,1.93,0.0,94.56
2020-11-04 10:00:00+00:00,700.8,790.55,163.95,31.3,11.53,2.09,0.0,94.48
2020-11-04 11:00:00+00:00,529.67,700.24,151.16,31.11,11.38,2.39,0.0,94.43
2020-11-04 12:00:00+00:00,312.8,542.43,117.87,30.42,11.66,2.62,0.0,94.4
2020-11-04 13:00:00+00:00,97.25,231.8,56.1,28.34,13.23,2.14,0.0,94.41
2020-11-04 14:00:00+00:00,0.0,0.0,0.0,24.38,17.11,2.46,0.0,94.44
2020-11-04 15:00:00+00:00,0.0,0.0,0.0,22.77,19.3,2.69,0.0,94.48
2020-11-04 16:00:00+00:00,0.0,0.0,0.0,21.68,21.04,2.79,0.0,94.52
2020-11-04 17:00:00+00:00,0.0,0.0,0.0,20.71,22.71,2.84,0.0,94.53
2020-11-04 18:00:00+00:00,0.0,0.0,0.0,19.84,24.22,2.87,0.0,94.51
2020-11-04 19:00:00+00:00,0.0,0.0,0.0,19.04,25.65,2.91,0.0,94.49
2020-11-04 20:00:00+00:00,0.0,0.0,0.0,18.31,26.91,2.97,0.0,94.45
2020-11-04 21:00:00+00:00,0.0,0.0,0.0,17.66,27.95,3.07,0.0,94.42
2020-11-04 22:00:00+00:00,0.0,0.0,0.0,17.07,28.7,3.22,0.0,94.39
2020-11-04 23:00:00+00:00,0.0,0.0,0.0,16.58,29.04,3.35,0.0,94.37
2020-11-05 00:00:00+00:00,0.0,0.0,0.0,16.18,29.12,3.44,0.0,94.35
2020-11-05 01:00:00+00:00,0.0,0.0,0.0,15.8,28.92,3.53,0.0,94.37
2020-11-05 02:00:00+00:00,0.0,0.0,0.0,15.43,28.76,3.62,0.0,94.39
2020-11-05 03:00:00+00:00,47.8,97.1,36.15,15.41,27.94,3.65,0.0,94.43
2020-11-05 04:00:00+00:00,261.23,524.63,99.21,19.36,21.25,4.01,0.0,94.5
2020-11-05 05:00:00+00:00,483.8,698.99,137.67,22.55,17.08,4.5,0.0,94.53
2020-11-05 06:00:00+00:00,669.72,805.46,155.3,26.35,13.92,3.77,0.0,94.54
2020-11-05 07:00:00+00:00,794.58,864.94,156.19,28.94,12.41,3.08,0.0,94.5
2020-11-05 08:00:00+00:00,818.88,765.41,213.37,29.93,11.53,2.36,0.0,94.41
2020-11-05 09:00:00+00:00,790.45,761.88,202.2,30.52,10.86,1.88,0.0,94.31
2020-11-05 10:00:00+00:00,688.4,723.0,191.39,30.74,10.41,1.54,0.0,94.22
2020-11-05 11:00:00+00:00,516.92,633.39,171.88,30.6,10.21,1.35,0.0,94.17
2020-11-05 12:00:00+00:00,301.6,481.16,129.44,30.02,10.41,1.18,0.0,94.15
2020-11-05 13:00:00+00:00,90.28,170.34,58.81,28.44,11.33,0.89,0.0,94.18
2020-11-05 14:00:00+00:00,0.0,0.0,0.0,26.03,13.15,1.31,0.0,94.21
2020-11-05 15:00:00+00:00,0.0,0.0,0.0,23.92,15.12,2.04,0.0,94.25
2020-11-05 16:00:00+00:00,0.0,0.0,0.0,21.63,17.79,2.83,0.0,94.3
2020-11-05 17:00:00+00:00,0.0,0.0,0.0,19.98,20.28,3.37,0.0,94.32
2020-11-05 18:00:00+00:00,0.0,0.0,0.0,18.91,22.36,3.65,0.0,94.33
2020-11-05 19:00:00+00:00,0.0,0.0,0.0,18.02,24.3,3.74,0.0,94.31
2020-11-05 20:00:00+00:00,0.0,0.0,0.0,17.25,26.27,3.74,0.0,94.3
2020-11-05 21:00:00+00:00,0.0,0.0,0.0,16.61,28.16,3.74,0.0,94.29
2020-11-05 22:00:00+00:00,0.0,0.0,0.0,16.15,29.81,3.77,0.0,94.27
2020-11-05 23:00:00+00:00,0.0,0.0,0.0,15.76,31.48,3.82,0.0,94.25
2020-11-06 00:00:00+00:00,0.0,0.0,0.0,15.42,33.04,3.86,0.0,94.25
2020-11-06 01:00:00+00:00,0.0,0.0,0.0,15.1,34.44,3.88,0.0,94.28
2020-11-06 02:00:00+00:00,0.0,0.0,0.0,14.83,35.42,3.92,0.0,94.35
2020-11-06 03:00:00+00:00,46.2,80.07,35.88,15.0,35.24,3.93,0.0,94.42
2020-11-06 04:00:00+00:00,255.23,489.22,103.49,18.85,27.62,4.79,0.0,94.48
2020-11-06 05:00:00+00:00,471.05,661.08,146.09,21.93,22.62,4.72,0.0,94.52
2020-11-06 06:00:00+00:00,654.85,742.24,178.42,26.4,16.64,6.03,0.0,94.54
2020-11-06 07:00:00+00:00,782.22,831.61,168.1,28.94,13.78,5.99,0.0,94.51
2020-11-06 08:00:00+00:00,840.78,914.8,146.92,30.08,12.32,5.02,0.0,94.44
2020-11-06 09:00:00+00:00,810.38,898.77,145.54,30.79,11.38,4.23,0.0,94.36
2020-11-06 10:00:00+00:00,705.78,854.33,140.84,30.99,10.94,3.7,0.0,94.31
2020-11-06 11:00:00+00:00,532.6,766.44,128.47,31.09,10.71,3.35,0.0,94.29
2020-11-06 12:00:00+00:00,315.65,617.58,100.05,30.43,10.98,3.36,0.0,94.28
2020-11-06 13:00:00+00:00,94.22,244.55,50.52,27.77,12.73,2.63,0.0,94.29
2020-11-06 14:00:00+00:00,0.0,0.0,0.0,24.5,15.45,3.45,0.0,94.32
2020-11-06 15:00:00+00:00,0.0,0.0,0.0,22.74,17.19,3.96,0.0,94.39
2020-11-06 16:00:00+00:00,0.0,0.0,0.0,21.4,18.72,4.21,0.0,94.47
2020-11-06 17:00:00+00:00,0.0,0.0,0.0,20.42,20.09,4.28,0.0,94.52
2020-11-06 18:00:00+00:00,0.0,0.0,0.0,19.55,21.54,4.25,0.0,94.54
2020-11-06 19:00:00+00:00,0.0,0.0,0.0,18.69,23.07,4.13,0.0,94.53
2020-11-06 20:00:00+00:00,0.0,0.0,0.0,18.05,24.52,4.06,0.0,94.51
2020-11-06 21:00:00+00:00,0.0,0.0,0.0,17.47,25.88,3.98,0.0,94.48
2020-11-06 22:00:00+00:00,0.0,0.0,0.0,16.82,27.21,3.92,0.0,94.47
2020-11-06 23:00:00+00:00,0.0,0.0,0.0,16.24,28.23,3.89,0.0,94.47
2020-11-07 00:00:00+00:00,0.0,0.0,0.0,15.8,28.87,3.86,0.0,94.49
2020-11-07 01:00:00+00:00,0.0,0.0,0.0,15.43,29.32,3.86,0.0,94.53
2020-11-07 02:00:00+00:00,0.0,0.0,0.0,15.1,29.52,3.85,0.0,94.59
2020-11-07 03:00:00+00:00,43.85,97.47,33.0,15.12,29.07,3.77,0.0,94.65
2020-11-07 04:00:00+00:00,248.05,516.23,91.53,18.62,23.0,4.77,0.0,94.7
2020-11-07 05:00:00+00:00,464.73,707.74,120.75,21.58,19.04,4.58,0.0,94.73
2020-11-07 06:00:00+00:00,644.62,801.88,139.77,25.83,15.24,5.55,0.0,94.73
2020-11-07 07:00:00+00:00,765.75,855.41,142.98,28.51,13.72,5.82,0.0,94.67
2020-11-07 08:00:00+00:00,781.05,700.13,230.48,29.79,12.91,4.92,0.0,94.58
2020-11-07 09:00:00+00:00,750.38,687.97,226.8,30.58,12.29,4.22,0.0,94.5
2020-11-07 10:00:00+00:00,648.65,638.64,209.96,30.96,11.99,3.81,0.0,94.44
2020-11-07 11:00:00+00:00,480.85,543.54,182.25,30.87,12.01,3.71,0.0,94.4
2020-11-07 12:00:00+00:00,272.58,370.48,136.53,30.22,12.5,3.82,0.0,94.39
2020-11-07 13:00:00+00:00,77.85,111.56,54.76,27.98,14.31,3.02,0.0,94.4
2020-11-07 14:00:00+00:00,0.0,0.0,0.0,23.73,18.67,3.44,0.0,94.42
2020-11-07 15:00:00+00:00,0.0,0.0,0.0,22.42,20.44,3.73,0.0,94.47
2020-11-07 16:00:00+00:00,0.0,0.0,0.0,21.56,21.78,3.88,0.0,94.51
2020-11-07 17:00:00+00:00,0.0,0.0,0.0,20.74,23.16,3.94,0.0,94.54
2020-11-07 18:00:00+00:00,0.0,0.0,0.0,19.91,24.64,3.95,0.0,94.54
2020-11-07 19:00:00+00:00,0.0,0.0,0.0,19.15,26.1,3.99,0.0,94.54
2020-11-07 20:00:00+00:00,0.0,0.0,0.0,18.5,27.47,4.05,0.0,94.52
2020-11-07 21:00:00+00:00,0.0,0.0,0.0,17.95,28.65,4.08,0.0,94.52
2020-11-07 22:00:00+00:00,0.0,0.0,0.0,17.44,29.89,4.04,0.0,94.52
2020-11-07 23:00:00+00:00,0.0,0.0,0.0,16.92,31.21,3.91,0.0,94.53
2020-11-08 00:00:00+00:00,0.0,0.0,0.0,16.45,32.56,3.82,0.0,94.54
2020-11-08 01:00:00+00:00,0.0,0.0,0.0,16.1,33.81,3.8,0.0,94.58
2020-11-08 02:00:00+00:00,0.0,0.0,0.0,15.82,34.86,3.82,0.0,94.63
2020-11-08 03:00:00+00:00,34.1,23.95,35.39,15.91,35.01,3.82,0.0,94.68
2020-11-08 04:00:00+00:00,208.35,262.89,129.53,19.04,29.02,5.12,0.0,94.72
2020-11-08 05:00:00+00:00,413.65,526.56,153.35,21.66,24.81,4.56,0.0,94.75
2020-11-08 06:00:00+00:00,615.95,673.83,180.55,25.57,19.65,5.86,0.0,94.76
2020-11-08 07:00:00+00:00,735.67,739.73,186.64,28.38,16.42,6.16,0.0,94.72
2020-11-08 08:00:00+00:00,796.25,824.58,162.54,29.96,14.76,5.34,0.0,94.64
2020-11-08 09:00:00+00:00,766.88,811.52,166.11,30.94,13.81,4.87,0.0,94.56
2020-11-08 10:00:00+00:00,669.15,780.85,153.0,31.36,13.37,4.51,0.0,94.51
2020-11-08 11:00:00+00:00,505.2,701.18,136.5,31.36,13.37,4.15,0.0,94.5
2020-11-08 12:00:00+00:00,295.75,557.18,102.36,30.91,13.79,4.01,0.0,94.51
2020-11-08 13:00:00+00:00,84.57,200.49,49.71,28.71,15.77,3.0,0.0,94.55
2020-11-08 14:00:00+00:00,0.0,0.0,0.0,24.92,19.86,3.49,0.0,94.61
2020-11-08 15:00:00+00:00,0.0,0.0,0.0,23.86,21.43,3.92,0.0,94.67
2020-11-08 16:00:00+00:00,0.0,0.0,0.0,22.87,23.15,4.09,0.0,94.73
2020-11-08 17:00:00+00:00,0.0,0.0,0.0,21.79,25.37,4.06,0.0,94.78
2020-11-08 18:00:00+00:00,0.0,0.0,0.0,20.83,27.78,3.93,0.0,94.8
2020-11-08 19:00:00+00:00,0.0,0.0,0.0,19.99,30.35,3.8,0.0,94.79
2020-11-08 20:00:00+00:00,0.0,0.0,0.0,19.26,33.05,3.69,0.0,94.77
2020-11-08 21:00:00+00:00,0.0,0.0,0.0,18.64,35.9,3.59,0.0,94.77
2020-11-08 22:00:00+00:00,0.0,0.0,0.0,18.14,39.0,3.52,0.0,94.76
2020-11-08 23:00:00+00:00,0.0,0.0,0.0,17.7,42.41,3.43,0.0,94.76
2020-11-09 00:00:00+00:00,0.0,0.0,0.0,17.31,46.0,3.34,0.0,94.76
2020-11-09 01:00:00+00:00,0.0,0.0,0.0,16.99,49.61,3.27,0.0,94.79
2020-11-09 02:00:00+00:00,0.0,0.0,0.0,16.7,53.18,3.19,0.0,94.85
2020-11-09 03:00:00+00:00,39.72,90.93,31.39,16.71,55.57,3.05,0.0,94.91
2020-11-09 04:00:00+00:00,235.8,483.19,90.26,19.89,47.1,3.66,0.0,94.96
2020-11-09 05:00:00+00:00,446.55,689.79,116.57,22.44,41.41,3.48,0.0,94.99
2020-11-09 06:00:00+00:00,623.03,785.47,135.49,26.59,33.22,5.45,0.0,95.0
2020-11-09 07:00:00+00:00,743.88,841.86,135.93,28.96,28.08,5.87,0.0,94.96
2020-11-09 08:00:00+00:00,760.75,712.98,202.49,30.31,24.81,5.4,0.0,94.88
2020-11-09 09:00:00+00:00,731.97,700.42,198.76,31.27,22.7,4.98,0.0,94.78
2020-11-09 10:00:00+00:00,632.55,649.54,194.48,31.78,21.65,4.66,0.0,94.7
2020-11-09 11:00:00+00:00,469.55,560.73,168.85,31.8,21.42,4.38,0.0,94.65
2020-11-09 12:00:00+00:00,266.75,406.61,120.62,31.27,21.97,4.19,0.0,94.63
2020-11-09 13:00:00+00:00,74.57,128.75,50.48,29.5,24.31,3.21,0.0,94.63
2020-11-09 14:00:00+00:00,0.0,0.0,0.0,25.55,30.77,3.19,0.0,94.65
2020-11-09 15:00:00+00:00,0.0,0.0,0.0,24.33,33.3,3.52,0.0,94.68
2020-11-09 16:00:00+00:00,0.0,0.0,0.0,23.52,35.19,3.68,0.0,94.72
2020-11-09 17:00:00+00:00,0.0,0.0,0.0,22.72,37.1,3.73,0.0,94.74
2020-11-09 18:00:00+00:00,0.0,0.0,0.0,21.91,39.14,3.71,0.0,94.73
2020-11-09 19:00:00+00:00,0.0,0.0,0.0,21.11,41.28,3.62,0.0,94.71
2020-11-09 20:00:00+00:00,0.0,0.0,0.0,20.37,43.38,3.5,0.0,94.68
2020-11-09 21:00:00+00:00,0.0,0.0,0.0,19.76,45.1,3.42,0.0,94.64
2020-11-09 22:00:00+00:00,0.0,0.0,0.0,19.26,46.64,3.41,0.0,94.61
2020-11-09 23:00:00+00:00,0.0,0.0,0.0,18.83,47.97,3.41,0.0,94.59
2020-11-10 00:00:00+00:00,0.0,0.0,0.0,18.47,49.13,3.4,0.0,94.58
2020-11-10 01:00:00+00:00,0.0,0.0,0.0,18.19,49.93,3.43,0.0,94.58
2020-11-10 02:00:00+00:00,0.0,0.0,0.0,17.95,50.55,3.49,0.0,94.61
2020-11-10 03:00:00+00:00,35.28,48.71,28.53,17.97,50.22,3.46,0.0,94.64
2020-11-10 04:00:00+00:00,221.65,389.78,100.9,20.9,41.44,4.62,0.0,94.68
2020-11-10 05:00:00+00:00,430.52,593.43,141.94,23.6,34.7,4.33,0.0,94.71
2020-11-10 06:00:00+00:00,609.4,708.18,161.24,27.5,27.04,6.43,0.0,94.72
2020-11-10 07:00:00+00:00,731.28,768.07,169.75,29.52,23.42,6.37,0.0,94.68
2020-11-10 08:00:00+00:00,782.72,820.61,158.08,30.92,20.65,6.07,0.0,94.62
2020-11-10 09:00:00+00:00,756.25,817.46,152.94,31.86,18.57,5.67,0.0,94.54
2020-11-10 10:00:00+00:00,603.28,615.51,192.78,32.37,17.23,5.31,0.0,94.47
2020-11-10 11:00:00+00:00,444.73,523.99,166.18,32.35,16.62,5.06,0.0,94.44
2020-11-10 12:00:00+00:00,290.23,555.18,100.24,31.76,16.76,4.89,0.0,94.43
2020-11-10 13:00:00+00:00,81.28,202.94,47.28,29.68,18.7,3.4,0.0,94.45
2020-11-10 14:00:00+00:00,0.0,0.0,0.0,25.55,23.99,3.27,0.0,94.48
2020-11-10 15:00:00+00:00,0.0,0.0,0.0,24.21,26.5,3.48,0.0,94.53
2020-11-10 16:00:00+00:00,0.0,0.0,0.0,23.29,28.66,3.59,0.0,94.58
2020-11-10 17:00:00+00:00,0.0,0.0,0.0,22.47,30.68,3.68,0.0,94.6
2020-11-10 18:00:00+00:00,0.0,0.0,0.0,21.72,32.52,3.75,0.0,94.59
2020-11-10 19:00:00+00:00,0.0,0.0,0.0,21.01,34.32,3.77,0.0,94.56
2020-11-10 20:00:00+00:00,0.0,0.0,0.0,20.34,36.13,3.75,0.0,94.52
2020-11-10 21:00:00+00:00,0.0,0.0,0.0,19.71,38.28,3.72,0.0,94.48
2020-11-10 22:00:00+00:00,0.0,0.0,0.0,19.15,40.64,3.7,0.0,94.46
2020-11-10 23:00:00+00:00,0.0,0.0,0.0,18.67,43.07,3.7,0.0,94.46
2020-11-11 00:00:00+00:00,0.0,0.0,0.0,18.29,45.33,3.74,0.0,94.46
2020-11-11 01:00:00+00:00,0.0,0.0,0.0,18.0,47.27,3.85,0.0,94.49
2020-11-11 02:00:00+00:00,0.0,0.0,0.0,17.75,48.85,3.98,0.0,94.53
2020-11-11 03:00:00+00:00,38.4,111.45,27.53,17.8,49.17,4.12,0.0,94.57
2020-11-11 04:00:00+00:00,236.77,526.18,83.29,20.83,40.92,5.72,0.0,94.62
2020-11-11 05:00:00+00:00,449.23,715.46,111.65,23.63,34.62,5.29,0.0,94.66
2020-11-11 06:00:00+00:00,626.35,803.15,130.79,27.9,25.72,6.64,0.0,94.67
2020-11-11 07:00:00+00:00,741.97,849.53,134.47,30.5,19.84,6.59,0.0,94.62
2020-11-11 08:00:00+00:00,771.15,765.66,189.92,32.06,16.85,6.31,0.0,94.54
2020-11-11 09:00:00+00:00,743.1,740.59,195.48,32.92,15.4,5.88,0.0,94.46
2020-11-11 10:00:00+00:00,642.17,700.01,177.68,33.22,14.66,5.35,0.0,94.4
2020-11-11 11:00:00+00:00,476.58,603.38,158.55,33.01,14.36,4.87,0.0,94.38
2020-11-11 12:00:00+00:00,269.6,433.85,117.06,32.27,14.59,4.53,0.0,94.38
2020-11-11 13:00:00+00:00,72.72,126.99,49.84,29.77,16.72,3.05,0.0,94.4
2020-11-11 14:00:00+00:00,0.0,0.0,0.0,25.43,21.88,3.47,0.0,94.44
2020-11-11 15:00:00+00:00,0.0,0.0,0.0,24.01,24.33,3.8,0.0,94.48
2020-11-11 16:00:00+00:00,0.0,0.0,0.0,23.03,26.31,4.0,0.0,94.53
2020-11-11 17:00:00+00:00,0.0,0.0,0.0,22.11,28.17,4.15,0.0,94.55
2020-11-11 18:00:00+00:00,0.0,0.0,0.0,21.24,30.01,4.2,0.0,94.56
2020-11-11 19:00:00+00:00,0.0,0.0,0.0,20.44,31.71,4.21,0.0,94.55
2020-11-11 20:00:00+00:00,0.0,0.0,0.0,19.73,33.46,4.24,0.0,94.53
2020-11-11 21:00:00+00:00,0.0,0.0,0.0,19.13,35.34,4.31,0.0,94.53
2020-11-11 22:00:00+00:00,0.0,0.0,0.0,18.66,37.24,4.36,0.0,94.53
2020-11-11 23:00:00+00:00,0.0,0.0,0.0,18.24,39.03,4.41,0.0,94.54
2020-11-12 00:00:00+00:00,0.0,0.0,0.0,17.9,40.46,4.43,0.0,94.55
2020-11-12 01:00:00+00:00,0.0,0.0,0.0,17.58,41.6,4.42,0.0,94.58
2020-11-12 02:00:00+00:00,0.0,0.0,0.0,17.28,42.57,4.39,0.0,94.63
2020-11-12 03:00:00+00:00,34.4,57.72,27.9,17.26,42.8,4.39,0.0,94.68
2020-11-12 04:00:00+00:00,225.0,441.72,92.82,20.43,35.25,5.85,0.0,94.72
2020-11-12 05:00:00+00:00,437.85,636.55,134.58,23.3,29.65,5.6,0.0,94.75
2020-11-12 06:00:00+00:00,617.38,740.89,157.54,27.43,21.95,6.01,0.0,94.75
2020-11-12 07:00:00+00:00,739.5,809.54,157.98,30.2,16.19,6.36,0.0,94.7
2020-11-12 08:00:00+00:00,769.9,747.73,194.02,31.48,13.43,5.75,0.0,94.62
2020-11-12 09:00:00+00:00,743.0,738.8,191.75,32.37,11.79,5.24,0.0,94.53
2020-11-12 10:00:00+00:00,645.5,692.85,186.01,32.85,10.86,4.87,0.0,94.46
2020-11-12 11:00:00+00:00,479.12,607.22,160.43,32.81,10.55,4.56,0.0,94.4
2020-11-12 12:00:00+00:00,272.35,445.07,117.15,32.2,10.79,4.2,0.0,94.39
2020-11-12 13:00:00+00:00,73.05,131.4,49.82,29.32,12.91,2.65,0.0,94.4
2020-11-12 14:00:00+00:00,0.0,0.0,0.0,25.36,16.89,2.91,0.0,94.45
2020-11-12 15:00:00+00:00,0.0,0.0,0.0,23.8,19.47,3.21,0.0,94.51
2020-11-12 16:00:00+00:00,0.0,0.0,0.0,22.57,22.09,3.6,0.0,94.54
2020-11-12 17:00:00+00:00,0.0,0.0,0.0,21.65,24.6,3.88,0.0,94.57
2020-11-12 18:00:00+00:00,0.0,0.0,0.0,20.95,26.77,4.09,0.0,94.57
2020-11-12 19:00:00+00:00,0.0,0.0,0.0,20.39,28.4,4.33,0.0,94.54
2020-11-12 20:00:00+00:00,0.0,0.0,0.0,19.95,29.56,4.61,0.0,94.5
2020-11-12 21:00:00+00:00,0.0,0.0,0.0,19.57,30.58,4.81,0.0,94.46
2020-11-12 22:00:00+00:00,0.0,0.0,0.0,19.27,31.43,4.95,0.0,94.45
2020-11-12 23:00:00+00:00,0.0,0.0,0.0,18.95,32.27,4.98,0.0,94.45
2020-11-13 00:00:00+00:00,0.0,0.0,0.0,18.54,33.25,4.8,0.0,94.47
2020-11-13 01:00:00+00:00,0.0,0.0,0.0,18.04,34.4,4.48,0.0,94.51
2020-11-13 02:00:00+00:00,0.0,0.0,0.0,17.52,35.57,4.1,0.0,94.58
2020-11-13 03:00:00+00:00,33.65,58.88,29.26,17.14,36.62,3.66,0.0,94.65
2020-11-13 04:00:00+00:00,224.1,463.31,88.26,19.77,31.4,4.44,0.0,94.72
2020-11-13 05:00:00+00:00,434.05,652.46,125.64,22.19,27.53,4.06,0.0,94.76
2020-11-13 06:00:00+00:00,611.83,750.06,149.97,26.29,22.11,3.89,0.0,94.78
2020-11-13 07:00:00+00:00,730.85,816.76,149.0,29.55,18.68,4.03,0.0,94.73
2020-11-13 08:00:00+00:00,769.28,779.75,176.78,30.89,17.21,3.3,0.0,94.63
2020-11-13 09:00:00+00:00,744.12,776.4,172.9,31.72,16.3,2.65,0.0,94.54
2020-11-13 10:00:00+00:00,643.8,733.66,164.38,32.19,15.77,2.2,0.0,94.47
2020-11-13 11:00:00+00:00,481.52,656.02,143.7,32.21,15.75,1.82,0.0,94.44
2020-11-13 12:00:00+00:00,275.52,487.28,108.15,31.76,16.15,1.48,0.0,94.44
2020-11-13 13:00:00+00:00,73.47,172.16,46.76,29.86,18.18,1.29,0.0,94.45
2020-11-13 14:00:00+00:00,0.0,0.0,0.0,26.26,23.41,2.64,0.0,94.49
2020-11-13 15:00:00+00:00,0.0,0.0,0.0,24.32,30.26,3.91,0.0,94.56
2020-11-13 16:00:00+00:00,0.0,0.0,0.0,23.04,41.27,5.01,0.0,94.63
2020-11-13 17:00:00+00:00,0.0,0.0,0.0,21.64,55.75,5.99,0.0,94.71
2020-11-13 18:00:00+00:00,0.0,0.0,0.0,20.49,68.16,6.56,0.0,94.75
2020-11-13 19:00:00+00:00,0.0,0.0,0.0,19.84,72.65,6.42,0.0,94.76
2020-11-13 20:00:00+00:00,0.0,0.0,0.0,19.24,72.71,5.61,0.0,94.75
2020-11-13 21:00:00+00:00,0.0,0.0,0.0,18.61,70.71,4.69,0.0,94.74
2020-11-13 22:00:00+00:00,0.0,0.0,0.0,17.93,69.18,4.05,0.0,94.75
2020-11-13 23:00:00+00:00,0.0,0.0,0.0,17.26,69.81,3.88,0.0,94.75
2020-11-14 00:00:00+00:00,0.0,0.0,0.0,16.67,71.13,3.78,0.0,94.76
2020-11-14 01:00:00+00:00,0.0,0.0,0.0,16.16,71.93,3.6,0.0,94.78
2020-11-14 02:00:00+00:00,0.0,0.0,0.0,15.73,71.85,3.39,0.0,94.82
2020-11-14 03:00:00+00:00,25.58,2.16,25.61,15.52,69.78,3.6,0.0,94.86
2020-11-14 04:00:00+00:00,180.07,160.76,122.0,16.82,58.57,4.7,0.0,94.91
2020-11-14 05:00:00+00:00,371.17,326.99,197.35,19.5,40.77,5.98,0.0,94.93
2020-11-14 06:00:00+00:00,550.47,457.28,246.62,21.77,34.75,5.32,0.0,94.94
2020-11-14 07:00:00+00:00,675.22,536.93,258.38,23.46,33.86,4.1,0.0,94.89
2020-11-14 08:00:00+00:00,722.5,564.35,267.14,24.77,32.92,3.16,0.0,94.82
2020-11-14 09:00:00+00:00,697.05,558.95,259.0,25.67,31.63,2.42,0.0,94.72
2020-11-14 10:00:00+00:00,598.92,505.24,248.61,26.18,30.66,1.85,0.0,94.64
2020-11-14 11:00:00+00:00,433.92,414.5,203.83,26.28,30.29,1.55,0.0,94.61
2020-11-14 12:00:00+00:00,235.98,250.44,143.98,25.91,30.78,1.52,0.0,94.6
2020-11-14 13:00:00+00:00,59.15,32.81,50.1,24.86,32.58,1.56,0.0,94.62
2020-11-14 14:00:00+00:00,0.0,0.0,0.0,22.05,38.21,2.04,0.0,94.65
2020-11-14 15:00:00+00:00,0.0,0.0,0.0,20.89,40.24,2.57,0.0,94.68
2020-11-14 16:00:00+00:00,0.0,0.0,0.0,20.09,40.95,2.81,0.0,94.72
2020-11-14 17:00:00+00:00,0.0,0.0,0.0,19.27,40.93,2.95,0.0,94.74
2020-11-14 18:00:00+00:00,0.0,0.0,0.0,18.42,40.31,2.94,0.0,94.73
2020-11-14 19:00:00+00:00,0.0,0.0,0.0,17.54,39.5,2.81,0.0,94.71
2020-11-14 20:00:00+00:00,0.0,0.0,0.0,16.69,38.81,2.64,0.0,94.68
2020-11-14 21:00:00+00:00,0.0,0.0,0.0,15.92,38.49,2.44,0.0,94.64
2020-11-14 22:00:00+00:00,0.0,0.0,0.0,15.29,38.33,2.27,0.0,94.63
2020-11-14 23:00:00+00:00,0.0,0.0,0.0,14.79,38.23,2.16,0.0,94.62
2020-11-15 00:00:00+00:00,0.0,0.0,0.0,14.39,38.12,2.09,0.0,94.61
2020-11-15 01:00:00+00:00,0.0,0.0,0.0,14.04,38.05,2.06,0.0,94.62
2020-11-15 02:00:00+00:00,0.0,0.0,0.0,13.72,38.09,2.06,0.0,94.65
2020-11-15 03:00:00+00:00,28.2,17.68,27.39,13.62,37.78,2.09,0.0,94.69
2020-11-15 04:00:00+00:00,202.93,322.0,107.84,15.85,32.22,2.94,0.0,94.74
2020-11-15 05:00:00+00:00,407.05,524.92,153.68,18.36,27.2,3.61,0.0,94.76
2020-11-15 06:00:00+00:00,584.25,647.09,179.5,21.93,24.75,5.09,0.0,94.76
2020-11-15 07:00:00+00:00,703.92,714.01,188.69,24.19,26.99,5.45,0.0,94.71
2020-11-15 08:00:00+00:00,766.03,796.58,169.15,25.9,27.43,5.51,0.0,94.63
2020-11-15 09:00:00+00:00,741.2,791.97,164.09,27.23,26.83,5.43,0.0,94.53
2020-11-15 10:00:00+00:00,641.75,758.67,153.77,28.03,26.1,5.32,0.0,94.45
2020-11-15 11:00:00+00:00,482.52,683.78,134.45,28.26,25.78,5.24,0.0,94.4
2020-11-15 12:00:00+00:00,279.17,539.54,100.42,27.89,26.14,5.18,0.0,94.39
2020-11-15 13:00:00+00:00,73.53,171.49,46.02,26.24,28.58,3.9,0.0,94.41
2020-11-15 14:00:00+00:00,0.0,0.0,0.0,22.77,35.03,3.51,0.0,94.45
2020-11-15 15:00:00+00:00,0.0,0.0,0.0,21.81,36.98,3.95,0.0,94.5
2020-11-15 16:00:00+00:00,0.0,0.0,0.0,21.1,38.52,4.27,0.0,94.54
2020-11-15 17:00:00+00:00,0.0,0.0,0.0,20.38,40.34,4.45,0.0,94.55
2020-11-15 18:00:00+00:00,0.0,0.0,0.0,19.68,42.32,4.57,0.0,94.55
2020-11-15 19:00:00+00:00,0.0,0.0,0.0,19.0,44.54,4.6,0.0,94.51
2020-11-15 20:00:00+00:00,0.0,0.0,0.0,18.39,46.83,4.65,0.0,94.48
2020-11-15 21:00:00+00:00,0.0,0.0,0.0,17.86,49.21,4.69,0.0,94.44
2020-11-15 22:00:00+00:00,0.0,0.0,0.0,17.45,51.39,4.83,0.0,94.41
2020-11-15 23:00:00+00:00,0.0,0.0,0.0,17.11,53.58,5.06,0.0,94.4
2020-11-16 00:00:00+00:00,0.0,0.0,0.0,16.81,55.78,5.25,0.0,94.39
2020-11-16 01:00:00+00:00,0.0,0.0,0.0,16.48,58.1,5.29,0.0,94.42
2020-11-16 02:00:00+00:00,0.0,0.0,0.0,16.12,60.31,5.11,0.0,94.47
2020-11-16 03:00:00+00:00,29.38,35.87,27.16,15.9,61.79,5.0,0.0,94.54
2020-11-16 04:00:00+00:00,211.8,413.61,95.32,17.49,56.27,5.96,0.0,94.61
2020-11-16 05:00:00+00:00,418.27,598.49,142.93,20.12,47.82,5.3,0.0,94.64
2020-11-16 06:00:00+00:00,593.38,713.62,156.81,24.48,35.41,7.73,0.0,94.67
2020-11-16 07:00:00+00:00,713.53,768.46,168.72,27.21,27.44,7.79,0.0,94.63
2020-11-16 08:00:00+00:00,728.15,618.5,243.12,28.87,22.91,7.17,0.0,94.55
2020-11-16 09:00:00+00:00,704.47,616.49,235.04,29.97,20.17,6.57,0.0,94.47
2020-11-16 10:00:00+00:00,608.47,570.69,225.23,30.56,18.63,6.03,0.0,94.41
2020-11-16 11:00:00+00:00,445.9,478.2,191.22,30.66,18.04,5.47,0.0,94.37
2020-11-16 12:00:00+00:00,247.12,312.88,133.98,30.18,18.29,4.83,0.0,94.36
2020-11-16 13:00:00+00:00,63.5,70.06,49.03,27.73,20.96,2.84,0.0,94.37
2020-11-16 14:00:00+00:00,0.0,0.0,0.0,24.36,25.39,2.7,0.0,94.41
2020-11-16 15:00:00+00:00,0.0,0.0,0.0,23.28,26.95,2.71,0.0,94.47
2020-11-16 16:00:00+00:00,0.0,0.0,0.0,22.2,28.79,2.95,0.0,94.52
2020-11-16 17:00:00+00:00,0.0,0.0,0.0,21.18,30.72,3.26,0.0,94.55
2020-11-16 18:00:00+00:00,0.0,0.0,0.0,20.37,32.48,3.41,0.0,94.56
2020-11-16 19:00:00+00:00,0.0,0.0,0.0,19.69,34.14,3.32,0.0,94.56
2020-11-16 20:00:00+00:00,0.0,0.0,0.0,18.95,35.96,3.02,0.0,94.56
2020-11-16 21:00:00+00:00,0.0,0.0,0.0,18.12,38.02,2.52,0.0,94.56
2020-11-16 22:00:00+00:00,0.0,0.0,0.0,17.37,40.03,1.92,0.0,94.58
2020-11-16 23:00:00+00:00,0.0,0.0,0.0,17.1,40.8,1.37,0.0,94.6
2020-11-17 00:00:00+00:00,0.0,0.0,0.0,17.18,40.68,1.01,0.0,94.63
2020-11-17 01:00:00+00:00,0.0,0.0,0.0,17.2,40.8,0.81,0.0,94.66
2020-11-17 02:00:00+00:00,0.0,0.0,0.0,17.18,41.1,0.53,0.0,94.71
2020-11-17 03:00:00+00:00,26.92,17.21,26.21,17.08,41.55,0.36,0.0,94.78
2020-11-17 04:00:00+00:00,199.95,321.93,106.8,18.33,38.5,0.7,0.0,94.84
2020-11-17 05:00:00+00:00,404.15,518.83,163.21,20.68,33.15,1.34,0.0,94.86
2020-11-17 06:00:00+00:00,582.1,643.12,179.66,24.63,25.3,2.34,0.0,94.87
2020-11-17 07:00:00+00:00,704.42,711.09,194.2,28.15,20.35,3.52,0.0,94.81
2020-11-17 08:00:00+00:00,759.85,777.8,178.66,29.78,18.53,3.4,0.0,94.7
2020-11-17 09:00:00+00:00,736.78,775.27,173.41,30.76,17.4,3.01,0.0,94.6
2020-11-17 10:00:00+00:00,637.17,739.34,163.05,31.19,16.8,2.57,0.0,94.51
2020-11-17 11:00:00+00:00,477.15,658.41,143.0,31.16,16.65,2.13,0.0,94.47
2020-11-17 12:00:00+00:00,273.52,505.69,106.19,30.63,17.05,1.69,0.0,94.44
2020-11-17 13:00:00+00:00,71.5,172.43,45.44,28.88,18.82,0.82,0.0,94.44
2020-11-17 14:00:00+00:00,0.0,0.0,0.0,27.07,21.05,0.45,0.0,94.46
2020-11-17 15:00:00+00:00,0.0,0.0,0.0,25.62,23.21,0.97,0.0,94.5
2020-11-17 16:00:00+00:00,0.0,0.0,0.0,23.64,26.55,1.63,0.0,94.54
2020-11-17 17:00:00+00:00,0.0,0.0,0.0,21.79,30.41,2.02,0.0,94.56
2020-11-17 18:00:00+00:00,0.0,0.0,0.0,20.52,33.75,2.08,0.0,94.58
2020-11-17 19:00:00+00:00,0.0,0.0,0.0,19.77,36.34,1.85,0.0,94.58
2020-11-17 20:00:00+00:00,0.0,0.0,0.0,19.42,38.47,1.37,0.0,94.57
2020-11-17 21:00:00+00:00,0.0,0.0,0.0,19.08,41.42,1.13,0.0,94.58
2020-11-17 22:00:00+00:00,0.0,0.0,0.0,18.01,48.24,1.77,0.0,94.6
2020-11-17 23:00:00+00:00,0.0,0.0,0.0,16.52,59.84,2.41,0.0,94.62
2020-11-18 00:00:00+00:00,0.0,0.0,0.0,15.42,73.67,2.67,0.0,94.64
2020-11-18 01:00:00+00:00,0.0,0.0,0.0,14.72,86.98,2.71,0.0,94.67
2020-11-18 02:00:00+00:00,0.0,0.0,0.0,14.34,97.11,2.74,0.0,94.73
2020-11-18 03:00:00+00:00,26.3,30.12,25.56,14.43,100.0,2.76,0.0,94.78
2020-11-18 04:00:00+00:00,198.25,362.16,96.5,16.25,92.09,3.48,0.0,94.83
2020-11-18 05:00:00+00:00,394.95,530.96,155.95,18.87,79.53,3.43,0.0,94.86
2020-11-18 06:00:00+00:00,571.33,605.6,199.47,21.57,64.16,3.33,0.0,94.88
2020-11-18 07:00:00+00:00,691.78,692.53,195.76,24.16,47.47,2.57,0.0,94.84
2020-11-18 08:00:00+00:00,709.85,595.3,246.37,26.07,37.2,2.04,0.0,94.76
2020-11-18 09:00:00+00:00,686.4,592.09,237.22,27.2,31.85,1.67,0.0,94.66
2020-11-18 10:00:00+00:00,592.42,535.71,231.93,27.82,28.84,1.27,0.0,94.58
2020-11-18 11:00:00+00:00,431.62,439.6,196.61,28.0,27.21,1.12,0.0,94.55
2020-11-18 12:00:00+00:00,234.93,271.01,134.17,27.68,26.99,1.47,0.0,94.54
2020-11-18 13:00:00+00:00,59.47,53.55,47.98,26.14,29.69,1.85,0.0,94.57
2020-11-18 14:00:00+00:00,0.0,0.0,0.0,22.67,38.91,2.85,0.0,94.61
2020-11-18 15:00:00+00:00,0.0,0.0,0.0,21.62,45.19,3.49,0.0,94.67
2020-11-18 16:00:00+00:00,0.0,0.0,0.0,20.85,50.89,4.06,0.0,94.72
2020-11-18 17:00:00+00:00,0.0,0.0,0.0,19.92,55.79,4.16,0.0,94.75
2020-11-18 18:00:00+00:00,0.0,0.0,0.0,18.94,59.64,3.93,0.0,94.75
2020-11-18 19:00:00+00:00,0.0,0.0,0.0,18.04,62.51,3.62,0.0,94.73
2020-11-18 20:00:00+00:00,0.0,0.0,0.0,17.21,64.46,3.27,0.0,94.7
2020-11-18 21:00:00+00:00,0.0,0.0,0.0,16.42,65.76,2.86,0.0,94.69
2020-11-18 22:00:00+00:00,0.0,0.0,0.0,15.72,66.33,2.57,0.0,94.7
2020-11-18 23:00:00+00:00,0.0,0.0,0.0,15.09,66.7,2.41,0.0,94.71
2020-11-19 00:00:00+00:00,0.0,0.0,0.0,14.53,67.07,2.3,0.0,94.73
2020-11-19 01:00:00+00:00,0.0,0.0,0.0,14.05,67.6,2.22,0.0,94.75
2020-11-19 02:00:00+00:00,0.0,0.0,0.0,13.66,68.5,2.18,0.0,94.79
2020-11-19 03:00:00+00:00,22.7,3.53,23.73,13.48,69.23,2.19,0.0,94.83
2020-11-19 04:00:00+00:00,179.12,205.13,113.59,15.58,60.64,3.18,0.0,94.88
2020-11-19 05:00:00+00:00,374.52,387.92,190.21,18.18,52.96,3.87,0.0,94.9
2020-11-19 06:00:00+00:00,551.92,516.5,217.27,21.6,46.18,5.14,0.0,94.91
2020-11-19 07:00:00+00:00,674.6,587.24,234.0,23.97,38.86,5.49,0.0,94.86
2020-11-19 08:00:00+00:00,741.19,750.0,184.16,26.47,28.87,5.55,0.0,94.77
2020-11-19 09:00:00+00:00,712.4,674.57,212.22,27.87,23.75,5.29,0.0,94.66
2020-11-19 10:00:00+00:00,616.58,626.38,205.4,28.47,21.4,5.12,0.0,94.57
2020-11-19 11:00:00+00:00,453.88,526.04,182.94,28.46,20.59,5.1,0.0,94.53
2020-11-19 12:00:00+00:00,252.18,357.29,126.41,27.83,21.03,5.12,0.0,94.52
2020-11-19 13:00:00+00:00,63.78,91.11,47.8,25.71,23.97,3.8,0.0,94.55
2020-11-19 14:00:00+00:00,0.0,0.0,0.0,22.0,30.72,3.61,0.0,94.6
2020-11-19 15:00:00+00:00,0.0,0.0,0.0,20.99,33.73,3.86,0.0,94.65
2020-11-19 16:00:00+00:00,0.0,0.0,0.0,20.23,36.82,3.99,0.0,94.68
2020-11-19 17:00:00+00:00,0.0,0.0,0.0,19.54,40.3,4.11,0.0,94.69
2020-11-19 18:00:00+00:00,0.0,0.0,0.0,18.9,43.8,4.2,0.0,94.69
2020-11-19 19:00:00+00:00,0.0,0.0,0.0,18.3,46.98,4.24,0.0,94.67
2020-11-19 20:00:00+00:00,0.0,0.0,0.0,17.7,50.03,4.19,0.0,94.63
2020-11-19 21:00:00+00:00,0.0,0.0,0.0,17.13,53.09,4.11,0.0,94.62
2020-11-19 22:00:00+00:00,0.0,0.0,0.0,16.61,56.15,4.04,0.0,94.61
2020-11-19 23:00:00+00:00,0.0,0.0,0.0,16.09,59.19,3.91,0.0,94.61
2020-11-20 00:00:00+00:00,0.0,0.0,0.0,15.6,62.03,3.81,0.0,94.63
2020-11-20 01:00:00+00:00,0.0,0.0,0.0,15.2,64.54,3.83,0.0,94.67
2020-11-20 02:00:00+00:00,0.0,0.0,0.0,14.9,66.45,3.95,0.0,94.72
2020-11-20 03:00:00+00:00,25.98,46.8,24.07,14.79,67.33,4.08,0.0,94.77
2020-11-20 04:00:00+00:00,207.45,465.51,83.09,17.12,58.04,5.58,0.0,94.82
2020-11-20 05:00:00+00:00,416.5,659.45,124.34,19.65,49.4,5.25,0.0,94.85
2020-11-20 06:00:00+00:00,526.12,567.44,174.12,23.77,36.87,7.19,0.0,94.85
2020-11-20 07:00:00+00:00,712.03,839.46,135.43,26.15,29.16,7.24,0.0,94.8
2020-11-20 08:00:00+00:00,743.22,746.87,188.63,27.5,24.49,6.83,0.0,94.71
2020-11-20 09:00:00+00:00,720.12,744.84,181.54,28.33,21.58,6.61,0.0,94.6
2020-11-20 10:00:00+00:00,625.85,696.0,179.02,28.74,19.98,6.54,0.0,94.51
2020-11-20 11:00:00+00:00,463.7,597.13,161.72,28.62,19.5,6.57,0.0,94.47
2020-11-20 12:00:00+00:00,260.67,430.4,114.66,27.93,20.05,6.57,0.0,94.45
2020-11-20 13:00:00+00:00,65.55,121.84,46.14,25.93,22.6,5.15,0.0,94.45
2020-11-20 14:00:00+00:00,0.0,0.0,0.0,22.3,28.5,4.27,0.0,94.48
2020-11-20 15:00:00+00:00,0.0,0.0,0.0,21.27,30.84,4.64,0.0,94.53
2020-11-20 16:00:00+00:00,0.0,0.0,0.0,20.4,33.13,4.75,0.0,94.59
2020-11-20 17:00:00+00:00,0.0,0.0,0.0,19.56,35.51,4.78,0.0,94.63
2020-11-20 18:00:00+00:00,0.0,0.0,0.0,18.77,37.86,4.76,0.0,94.64
2020-11-20 19:00:00+00:00,0.0,0.0,0.0,18.08,39.98,4.73,0.0,94.65
2020-11-20 20:00:00+00:00,0.0,0.0,0.0,17.45,42.12,4.7,0.0,94.63
2020-11-20 21:00:00+00:00,0.0,0.0,0.0,16.94,44.2,4.67,0.0,94.62
2020-11-20 22:00:00+00:00,0.0,0.0,0.0,16.58,46.01,4.73,0.0,94.6
2020-11-20 23:00:00+00:00,0.0,0.0,0.0,16.26,47.68,4.87,0.0,94.58
2020-11-21 00:00:00+00:00,0.0,0.0,0.0,15.9,49.29,4.99,0.0,94.57
2020-11-21 01:00:00+00:00,0.0,0.0,0.0,15.46,50.62,4.94,0.0,94.58
2020-11-21 02:00:00+00:00,0.0,0.0,0.0,14.98,51.43,4.75,0.0,94.62
2020-11-21 03:00:00+00:00,25.27,47.72,23.36,14.68,51.1,4.6,0.0,94.66
2020-11-21 04:00:00+00:00,207.02,473.1,82.23,16.91,42.99,5.93,0.0,94.69
2020-11-21 05:00:00+00:00,418.23,668.1,124.3,19.62,35.54,5.36,0.0,94.71
2020-11-21 06:00:00+00:00,595.33,772.79,142.23,23.97,26.79,7.43,0.0,94.71
2020-11-21 07:00:00+00:00,717.15,845.79,138.13,26.48,22.09,7.78,0.0,94.65
2020-11-21 08:00:00+00:00,741.3,730.08,197.23,27.97,19.31,7.08,0.0,94.57
2020-11-21 09:00:00+00:00,718.17,733.12,189.49,29.07,17.27,6.36,0.0,94.46
2020-11-21 10:00:00+00:00,624.88,689.45,182.7,29.74,15.91,5.66,0.0,94.37
2020-11-21 11:00:00+00:00,460.38,584.75,164.99,29.9,15.26,5.15,0.0,94.3
2020-11-21 12:00:00+00:00,257.05,408.53,119.49,29.44,15.33,4.7,0.0,94.28
2020-11-21 13:00:00+00:00,62.72,99.68,44.75,26.42,18.11,2.95,0.0,94.29
2020-11-21 14:00:00+00:00,0.0,0.0,0.0,22.53,22.76,3.34,0.0,94.33
2020-11-21 15:00:00+00:00,0.0,0.0,0.0,21.23,24.53,3.59,0.0,94.38
2020-11-21 16:00:00+00:00,0.0,0.0,0.0,20.23,26.04,3.78,0.0,94.44
2020-11-21 17:00:00+00:00,0.0,0.0,0.0,19.38,27.39,3.93,0.0,94.47
2020-11-21 18:00:00+00:00,0.0,0.0,0.0,18.7,28.66,4.17,0.0,94.49
2020-11-21 19:00:00+00:00,0.0,0.0,0.0,18.2,29.57,4.51,0.0,94.49
2020-11-21 20:00:00+00:00,0.0,0.0,0.0,17.79,30.41,4.78,0.0,94.47
2020-11-21 21:00:00+00:00,0.0,0.0,0.0,17.23,31.42,4.49,0.0,94.45
2020-11-21 22:00:00+00:00,0.0,0.0,0.0,16.45,33.01,3.7,0.0,94.44
2020-11-21 23:00:00+00:00,0.0,0.0,0.0,15.72,34.76,2.99,0.0,94.45
2020-11-22 00:00:00+00:00,0.0,0.0,0.0,15.38,36.76,3.52,0.0,94.51
2020-11-22 01:00:00+00:00,0.0,0.0,0.0,15.56,41.58,4.75,0.0,94.58
2020-11-22 02:00:00+00:00,0.0,0.0,0.0,15.24,55.21,4.7,0.0,94.65
2020-11-22 03:00:00+00:00,20.3,6.27,19.47,14.99,72.8,4.5,0.0,94.72
2020-11-22 04:00:00+00:00,172.9,234.71,102.99,16.73,74.12,5.79,0.0,94.79
2020-11-22 05:00:00+00:00,365.3,418.16,174.89,19.39,56.43,7.01,0.0,94.83
2020-11-22 06:00:00+00:00,538.58,547.76,200.97,21.79,43.25,6.27,0.0,94.86
2020-11-22 07:00:00+00:00,657.45,613.88,216.24,23.61,37.31,5.04,0.0,94.82
2020-11-22 08:00:00+00:00,743.62,813.41,153.12,25.07,33.17,4.31,0.0,94.75
2020-11-22 09:00:00+00:00,717.7,803.74,151.98,26.11,30.35,4.0,0.0,94.67
2020-11-22 10:00:00+00:00,619.05,750.52,148.08,26.68,28.77,4.08,0.0,94.6
2020-11-22 11:00:00+00:00,460.4,642.73,140.74,26.72,28.48,4.27,0.0,94.58
2020-11-22 12:00:00+00:00,258.8,462.96,105.24,26.17,29.37,4.34,0.0,94.58
2020-11-22 13:00:00+00:00,63.12,120.86,44.26,24.56,32.39,3.64,0.0,94.62
2020-11-22 14:00:00+00:00,0.0,0.0,0.0,21.33,39.17,3.37,0.0,94.68
2020-11-22 15:00:00+00:00,0.0,0.0,0.0,20.33,40.68,4.08,0.0,94.76
2020-11-22 16:00:00+00:00,0.0,0.0,0.0,19.37,41.05,4.59,0.0,94.82
2020-11-22 17:00:00+00:00,0.0,0.0,0.0,18.32,40.61,4.6,0.0,94.85
2020-11-22 18:00:00+00:00,0.0,0.0,0.0,17.26,40.27,4.16,0.0,94.87
2020-11-22 19:00:00+00:00,0.0,0.0,0.0,16.3,40.92,3.68,0.0,94.87
2020-11-22 20:00:00+00:00,0.0,0.0,0.0,15.4,42.65,3.22,0.0,94.86
2020-11-22 21:00:00+00:00,0.0,0.0,0.0,14.67,44.34,2.95,0.0,94.84
2020-11-22 22:00:00+00:00,0.0,0.0,0.0,14.04,45.88,2.79,0.0,94.82
2020-11-22 23:00:00+00:00,0.0,0.0,0.0,13.51,47.2,2.7,0.0,94.81
2020-11-23 00:00:00+00:00,0.0,0.0,0.0,13.06,48.41,2.7,0.0,94.82
2020-11-23 01:00:00+00:00,0.0,0.0,0.0,12.68,49.54,2.77,0.0,94.85
2020-11-23 02:00:00+00:00,0.0,0.0,0.0,12.33,50.82,2.79,0.0,94.9
2020-11-23 03:00:00+00:00,18.92,2.27,19.33,12.11,51.69,2.72,0.0,94.94
2020-11-23 04:00:00+00:00,173.32,237.12,103.43,14.04,45.68,3.78,0.0,94.98
2020-11-23 05:00:00+00:00,371.15,434.19,169.12,16.61,38.9,3.75,0.0,95.02
2020-11-23 06:00:00+00:00,551.47,574.37,206.92,19.76,30.81,4.01,0.0,95.05
2020-11-23 07:00:00+00:00,678.75,670.33,205.2,21.59,27.22,3.35,0.0,95.01
2020-11-23 08:00:00+00:00,716.8,639.77,231.36,23.08,25.21,2.73,0.0,94.92
2020-11-23 09:00:00+00:00,695.75,651.84,217.98,24.31,24.08,2.58,0.0,94.81
2020-11-23 10:00:00+00:00,603.33,606.04,213.13,25.1,23.43,2.79,0.0,94.73
2020-11-23 11:00:00+00:00,444.62,515.62,182.16,25.37,23.28,3.08,0.0,94.69
2020-11-23 12:00:00+00:00,246.98,353.26,124.44,25.04,23.83,3.38,0.0,94.68
2020-11-23 13:00:00+00:00,60.15,80.06,46.01,23.34,26.35,2.77,0.0,94.71
2020-11-23 14:00:00+00:00,0.0,0.0,0.0,19.87,32.27,3.03,0.0,94.78
2020-11-23 15:00:00+00:00,0.0,0.0,0.0,18.74,34.16,3.32,0.0,94.83
2020-11-23 16:00:00+00:00,0.0,0.0,0.0,17.64,36.16,3.27,0.0,94.87
2020-11-23 17:00:00+00:00,0.0,0.0,0.0,16.56,38.41,3.23,0.0,94.9
2020-11-23 18:00:00+00:00,0.0,0.0,0.0,15.69,40.36,3.33,0.0,94.92
2020-11-23 19:00:00+00:00,0.0,0.0,0.0,14.84,42.46,3.35,0.0,94.94
2020-11-23 20:00:00+00:00,0.0,0.0,0.0,14.05,44.58,3.16,0.0,94.93
2020-11-23 21:00:00+00:00,0.0,0.0,0.0,13.34,46.48,2.88,0.0,94.9
2020-11-23 22:00:00+00:00,0.0,0.0,0.0,12.77,47.92,2.61,0.0,94.87
2020-11-23 23:00:00+00:00,0.0,0.0,0.0,12.38,48.84,2.45,0.0,94.85
2020-11-24 00:00:00+00:00,0.0,0.0,0.0,12.12,49.36,2.32,0.0,94.84
2020-11-24 01:00:00+00:00,0.0,0.0,0.0,11.9,49.65,2.25,0.0,94.85
2020-11-24 02:00:00+00:00,0.0,0.0,0.0,11.69,49.8,2.17,0.0,94.88
2020-11-24 03:00:00+00:00,19.92,10.31,20.53,11.53,49.9,2.1,0.0,94.9
2020-11-24 04:00:00+00:00,181.98,312.22,98.17,13.59,43.32,2.4,0.0,94.95
2020-11-24 05:00:00+00:00,384.25,520.24,154.61,16.01,36.82,2.85,0.0,94.98
2020-11-24 06:00:00+00:00,561.3,646.6,178.08,19.29,30.89,3.51,0.0,94.98
2020-11-24 07:00:00+00:00,681.8,711.35,187.46,21.14,28.14,2.91,0.0,94.95
2020-11-24 08:00:00+00:00,754.9,851.89,144.05,22.66,26.01,2.52,0.0,94.87
2020-11-24 09:00:00+00:00,724.6,823.39,158.29,23.82,24.53,2.58,0.0,94.76
2020-11-24 10:00:00+00:00,627.7,772.94,146.87,24.52,23.75,2.84,0.0,94.68
2020-11-24 11:00:00+00:00,469.9,697.86,134.15,24.7,23.68,3.1,0.0,94.62
2020-11-24 12:00:00+00:00,269.48,530.82,101.19,24.28,24.42,3.3,0.0,94.59
2020-11-24 13:00:00+00:00,67.45,167.75,42.7,22.41,27.67,2.53,0.0,94.6
2020-11-24 14:00:00+00:00,0.0,0.0,0.0,18.92,35.01,2.96,0.0,94.62
2020-11-24 15:00:00+00:00,0.0,0.0,0.0,17.78,38.67,3.3,0.0,94.67
2020-11-24 16:00:00+00:00,0.0,0.0,0.0,16.8,41.79,3.46,0.0,94.71
2020-11-24 17:00:00+00:00,0.0,0.0,0.0,15.73,44.67,3.37,0.0,94.74
2020-11-24 18:00:00+00:00,0.0,0.0,0.0,14.64,46.83,3.07,0.0,94.75
2020-11-24 19:00:00+00:00,0.0,0.0,0.0,13.68,47.9,2.75,0.0,94.74
2020-11-24 20:00:00+00:00,0.0,0.0,0.0,12.88,48.02,2.46,0.0,94.72
2020-11-24 21:00:00+00:00,0.0,0.0,0.0,12.34,47.52,2.1,0.0,94.71
2020-11-24 22:00:00+00:00,0.0,0.0,0.0,12.17,46.24,1.73,0.0,94.69
2020-11-24 23:00:00+00:00,0.0,0.0,0.0,12.13,44.96,1.44,0.0,94.68
2020-11-25 00:00:00+00:00,0.0,0.0,0.0,12.04,44.14,1.29,0.0,94.66
2020-11-25 01:00:00+00:00,0.0,0.0,0.0,11.85,43.83,1.27,0.0,94.67
2020-11-25 02:00:00+00:00,0.0,0.0,0.0,11.6,43.8,1.37,0.0,94.71
2020-11-25 03:00:00+00:00,20.98,34.52,18.81,11.28,44.08,1.59,0.0,94.75
2020-11-25 04:00:00+00:00,195.12,450.96,81.76,13.11,38.68,2.01,0.0,94.77
2020-11-25 05:00:00+00:00,404.42,658.22,122.16,15.45,32.99,2.54,0.0,94.8
2020-11-25 06:00:00+00:00,581.67,771.92,137.7,19.2,28.07,3.8,0.0,94.81
2020-11-25 07:00:00+00:00,703.67,830.24,145.08,21.55,25.98,4.11,0.0,94.76
2020-11-25 08:00:00+00:00,733.42,744.71,188.44,23.25,23.94,3.94,0.0,94.7
2020-11-25 09:00:00+00:00,709.8,733.01,187.93,24.65,22.09,3.66,0.0,94.61
2020-11-25 10:00:00+00:00,615.2,672.9,190.59,25.5,20.84,3.53,0.0,94.52
2020-11-25 11:00:00+00:00,453.55,568.59,167.79,25.62,20.54,3.6,0.0,94.47
2020-11-25 12:00:00+00:00,251.43,390.14,119.22,25.07,21.08,3.8,0.0,94.45
2020-11-25 13:00:00+00:00,60.62,91.9,45.28,22.68,24.33,3.0,0.0,94.46
2020-11-25 14:00:00+00:00,0.0,0.0,0.0,19.01,30.51,3.56,0.0,94.49
2020-11-25 15:00:00+00:00,0.0,0.0,0.0,18.05,32.12,4.08,0.0,94.53
2020-11-25 16:00:00+00:00,0.0,0.0,0.0,17.27,32.92,4.41,0.0,94.57
2020-11-25 17:00:00+00:00,0.0,0.0,0.0,16.37,33.72,4.57,0.0,94.6
2020-11-25 18:00:00+00:00,0.0,0.0,0.0,15.44,34.67,4.56,0.0,94.6
2020-11-25 19:00:00+00:00,0.0,0.0,0.0,14.5,36.0,4.37,0.0,94.59
2020-11-25 20:00:00+00:00,0.0,0.0,0.0,13.67,37.41,4.21,0.0,94.56
2020-11-25 21:00:00+00:00,0.0,0.0,0.0,13.01,38.54,4.18,0.0,94.54
2020-11-25 22:00:00+00:00,0.0,0.0,0.0,12.48,39.48,4.18,0.0,94.52
2020-11-25 23:00:00+00:00,0.0,0.0,0.0,12.02,40.25,4.14,0.0,94.51
2020-11-26 00:00:00+00:00,0.0,0.0,0.0,11.64,40.61,4.1,0.0,94.5
2020-11-26 01:00:00+00:00,0.0,0.0,0.0,11.34,40.87,4.08,0.0,94.53
2020-11-26 02:00:00+00:00,0.0,0.0,0.0,11.14,40.98,4.11,0.0,94.57
2020-11-26 03:00:00+00:00,17.65,8.85,18.85,11.13,40.58,4.13,0.0,94.63
2020-11-26 04:00:00+00:00,168.32,281.48,97.14,13.56,34.31,5.49,0.0,94.68
2020-11-26 05:00:00+00:00,357.58,465.2,159.68,16.23,28.48,5.08,0.0,94.69
2020-11-26 06:00:00+00:00,527.03,566.38,200.25,20.28,22.21,6.53,0.0,94.68
2020-11-26 07:00:00+00:00,663.7,699.86,190.05,23.26,19.24,6.89,0.0,94.63
2020-11-26 08:00:00+00:00,730.25,794.97,165.38,25.26,17.29,6.54,0.0,94.54
2020-11-26 09:00:00+00:00,705.75,787.44,157.65,26.51,16.08,6.23,0.0,94.45
2020-11-26 10:00:00+00:00,614.65,739.06,155.17,27.15,15.52,5.95,0.0,94.37
2020-11-26 11:00:00+00:00,413.35,345.74,254.01,27.03,15.66,5.74,0.0,94.34
2020-11-26 12:00:00+00:00,232.3,211.19,167.58,26.14,16.55,5.53,0.0,94.34
2020-11-26 13:00:00+00:00,56.3,43.88,49.91,23.72,19.13,3.9,0.0,94.37
2020-11-26 14:00:00+00:00,0.0,0.0,0.0,21.03,22.24,3.92,0.0,94.42
2020-11-26 15:00:00+00:00,0.0,0.0,0.0,20.17,23.2,4.31,0.0,94.46
2020-11-26 16:00:00+00:00,0.0,0.0,0.0,19.6,23.77,4.78,0.0,94.43
2020-11-26 17:00:00+00:00,0.0,0.0,0.0,18.96,24.74,4.74,0.0,94.47
2020-11-26 18:00:00+00:00,0.0,0.0,0.0,18.57,25.57,4.65,0.0,94.5
2020-11-26 19:00:00+00:00,0.0,0.0,0.0,18.33,26.17,5.01,0.0,94.48
2020-11-26 20:00:00+00:00,0.0,0.0,0.0,18.05,26.85,5.08,0.0,94.48
2020-11-26 21:00:00+00:00,0.0,0.0,0.0,18.0,27.15,5.27,0.0,94.46
2020-11-26 22:00:00+00:00,0.0,0.0,0.0,17.95,27.91,5.16,0.0,94.49
2020-11-26 23:00:00+00:00,0.0,0.0,0.0,17.58,29.78,3.95,0.0,94.53
2020-11-27 00:00:00+00:00,0.0,0.0,0.0,16.94,31.9,2.69,0.01,94.6
2020-11-27 01:00:00+00:00,0.0,0.0,0.0,16.62,32.75,3.18,0.01,94.71
2020-11-27 02:00:00+00:00,0.0,0.0,0.0,16.49,36.61,4.92,0.01,94.8
2020-11-27 03:00:00+00:00,9.77,0.0,10.06,15.69,50.71,5.89,0.01,94.87
2020-11-27 04:00:00+00:00,62.5,1.65,54.69,15.58,60.84,4.87,0.0,94.91
2020-11-27 05:00:00+00:00,130.73,4.05,112.24,16.81,56.49,1.49,0.0,94.92
2020-11-27 06:00:00+00:00,178.85,8.94,155.25,18.59,47.1,2.07,0.0,94.92
2020-11-27 07:00:00+00:00,217.73,13.34,181.8,20.3,39.35,3.95,0.0,94.9
2020-11-27 08:00:00+00:00,371.1,2.38,309.83,21.15,36.3,4.93,0.0,94.84
2020-11-27 09:00:00+00:00,281.73,2.57,236.23,20.96,37.61,4.78,0.0,94.78
2020-11-27 10:00:00+00:00,253.52,0.0,217.67,21.05,37.08,4.38,0.0,94.72
2020-11-27 11:00:00+00:00,153.55,0.0,129.96,21.5,35.82,3.95,0.0,94.68
2020-11-27 12:00:00+00:00,84.88,0.0,73.63,21.92,35.48,3.07,0.0,94.66
2020-11-27 13:00:00+00:00,30.02,0.0,27.28,20.94,39.08,1.89,0.0,94.68
2020-11-27 14:00:00+00:00,0.0,0.0,0.0,19.74,44.74,2.62,0.0,94.72
2020-11-27 15:00:00+00:00,0.0,0.0,0.0,19.54,48.3,3.39,0.0,94.76
2020-11-27 16:00:00+00:00,0.0,0.0,0.0,19.73,50.04,4.74,0.0,94.77
2020-11-27 17:00:00+00:00,0.0,0.0,0.0,19.6,52.13,6.3,0.0,94.71
2020-11-27 18:00:00+00:00,0.0,0.0,0.0,18.63,56.57,5.28,0.0,94.7
2020-11-27 19:00:00+00:00,0.0,0.0,0.0,18.52,57.19,4.63,0.0,94.72
2020-11-27 20:00:00+00:00,0.0,0.0,0.0,18.64,55.67,5.58,0.0,94.67
2020-11-27 21:00:00+00:00,0.0,0.0,0.0,18.37,55.24,5.72,0.01,94.62
2020-11-27 22:00:00+00:00,0.0,0.0,0.0,17.98,57.84,4.79,0.19,94.6
2020-11-27 23:00:00+00:00,0.0,0.0,0.0,17.44,64.26,3.39,0.78,94.65
2020-11-28 00:00:00+00:00,0.0,0.0,0.0,16.97,70.62,2.02,1.05,94.74
2020-11-28 01:00:00+00:00,0.0,0.0,0.0,16.87,73.71,1.36,0.84,94.8
2020-11-28 02:00:00+00:00,0.0,0.0,0.0,16.79,75.74,0.88,0.47,94.91
2020-11-28 03:00:00+00:00,10.57,0.0,12.02,16.42,78.63,1.63,0.16,94.95
2020-11-28 04:00:00+00:00,111.3,21.99,100.01,16.96,74.41,4.19,0.11,94.95
2020-11-28 05:00:00+00:00,228.25,77.24,183.23,19.0,60.43,5.37,0.06,94.94
2020-11-28 06:00:00+00:00,353.48,173.69,220.83,21.51,48.1,6.54,0.04,94.95
2020-11-28 07:00:00+00:00,479.88,287.11,246.24,22.62,45.65,7.09,0.02,94.9
2020-11-28 08:00:00+00:00,504.33,210.12,297.28,23.21,45.27,7.04,0.01,94.8
2020-11-28 09:00:00+00:00,486.0,222.8,274.33,24.01,43.84,6.83,0.0,94.68
2020-11-28 10:00:00+00:00,396.52,224.34,239.23,24.97,41.44,6.52,0.0,94.58
2020-11-28 11:00:00+00:00,279.0,124.67,209.94,25.64,39.48,6.42,0.0,94.52
2020-11-28 12:00:00+00:00,148.12,38.6,126.58,25.53,39.5,6.57,0.0,94.49
2020-11-28 13:00:00+00:00,39.62,0.8,39.38,24.3,42.8,5.7,0.0,94.48
2020-11-28 14:00:00+00:00,0.0,0.0,0.0,21.98,50.05,4.64,0.0,94.5
2020-11-28 15:00:00+00:00,0.0,0.0,0.0,21.21,53.5,5.3,0.0,94.54
2020-11-28 16:00:00+00:00,0.0,0.0,0.0,20.41,56.96,5.36,0.0,94.56
2020-11-28 17:00:00+00:00,0.0,0.0,0.0,19.54,60.46,4.9,0.0,94.57
2020-11-28 18:00:00+00:00,0.0,0.0,0.0,18.86,63.28,4.66,0.0,94.57
2020-11-28 19:00:00+00:00,0.0,0.0,0.0,18.34,65.57,4.64,0.0,94.54
2020-11-28 20:00:00+00:00,0.0,0.0,0.0,17.9,67.68,4.76,0.0,94.51
2020-11-28 21:00:00+00:00,0.0,0.0,0.0,17.48,69.54,4.7,0.0,94.47
2020-11-28 22:00:00+00:00,0.0,0.0,0.0,17.03,71.36,4.41,0.01,94.43
2020-11-28 23:00:00+00:00,0.0,0.0,0.0,16.52,73.8,3.73,0.12,94.44
2020-11-29 00:00:00+00:00,0.0,0.0,0.0,16.14,75.95,3.26,0.23,94.46
2020-11-29 01:00:00+00:00,0.0,0.0,0.0,16.45,75.72,3.67,0.18,94.53
2020-11-29 02:00:00+00:00,0.0,0.0,0.0,16.72,76.7,4.06,0.1,94.6
2020-11-29 03:00:00+00:00,14.65,3.27,15.47,16.87,76.17,4.23,0.05,94.65
2020-11-29 04:00:00+00:00,156.55,242.52,93.35,17.58,71.05,4.39,0.01,94.68
2020-11-29 05:00:00+00:00,341.1,419.49,157.0,19.81,57.39,5.22,0.0,94.72
2020-11-29 06:00:00+00:00,513.97,566.21,186.75,22.95,44.17,6.79,0.0,94.72
2020-11-29 07:00:00+00:00,634.0,657.7,192.72,25.15,40.2,6.37,0.0,94.68
2020-11-29 08:00:00+00:00,669.25,630.96,207.98,26.61,38.17,5.46,0.0,94.58
2020-11-29 09:00:00+00:00,515.78,463.74,193.39,27.44,37.05,4.62,0.01,94.48
2020-11-29 10:00:00+00:00,391.45,245.04,221.22,27.8,36.66,3.88,0.01,94.41
2020-11-29 11:00:00+00:00,262.75,202.26,166.67,27.76,36.89,3.22,0.01,94.37
2020-11-29 12:00:00+00:00,146.32,125.23,106.98,27.17,38.31,2.51,0.01,94.37
2020-11-29 13:00:00+00:00,40.03,15.41,39.87,25.84,42.71,1.29,0.0,94.42
2020-11-29 14:00:00+00:00,0.0,0.0,0.0,24.15,45.93,1.33,0.01,94.48
2020-11-29 15:00:00+00:00,0.0,0.0,0.0,23.08,48.87,1.74,0.02,94.56
2020-11-29 16:00:00+00:00,0.0,0.0,0.0,22.1,51.9,1.89,0.03,94.62
2020-11-29 17:00:00+00:00,0.0,0.0,0.0,21.1,55.2,1.83,0.04,94.67
2020-11-29 18:00:00+00:00,0.0,0.0,0.0,20.12,59.16,1.73,0.02,94.69
2020-11-29 19:00:00+00:00,0.0,0.0,0.0,19.32,63.05,1.93,0.01,94.71
2020-11-29 20:00:00+00:00,0.0,0.0,0.0,18.59,67.6,2.25,0.01,94.69
2020-11-29 21:00:00+00:00,0.0,0.0,0.0,17.77,73.02,2.41,0.0,94.68
2020-11-29 22:00:00+00:00,0.0,0.0,0.0,17.12,77.85,2.58,0.0,94.68
2020-11-29 23:00:00+00:00,0.0,0.0,0.0,16.36,83.24,2.74,0.0,94.69
2020-11-30 00:00:00+00:00,0.0,0.0,0.0,15.65,88.21,2.99,0.0,94.7
2020-11-30 01:00:00+00:00,0.0,0.0,0.0,15.12,91.54,3.16,0.0,94.71
2020-11-30 02:00:00+00:00,0.0,0.0,0.0,14.61,94.02,2.91,0.0,94.76
2020-11-30 03:00:00+00:00,10.4,0.58,13.45,14.26,94.75,2.68,0.0,94.82
2020-11-30 04:00:00+00:00,77.25,44.11,65.46,15.23,87.75,3.51,0.0,94.88
2020-11-30 05:00:00+00:00,131.07,52.7,102.18,17.15,76.82,2.81,0.01,94.93
2020-11-30 06:00:00+00:00,190.0,18.58,157.11,19.59,63.02,2.36,0.01,94.94
2020-11-30 07:00:00+00:00,257.1,23.98,211.31,21.96,51.23,3.25,0.02,94.9
2020-11-30 08:00:00+00:00,254.82,19.82,207.17,23.5,45.38,3.84,0.03,94.82
2020-11-30 09:00:00+00:00,263.52,27.95,210.63,24.4,42.45,4.11,0.02,94.71
2020-11-30 10:00:00+00:00,294.2,242.74,167.24,24.78,41.02,4.33,0.01,94.63
2020-11-30 11:00:00+00:00,219.8,187.28,139.44,24.65,41.04,4.29,0.01,94.6
2020-11-30 12:00:00+00:00,134.62,111.91,98.73,23.89,43.26,4.0,0.01,94.6
2020-11-30 13:00:00+00:00,39.2,16.44,37.99,22.73,47.18,3.16,0.03,94.64
2020-11-30 14:00:00+00:00,0.0,0.0,0.0,21.18,53.02,2.04,0.04,94.68
2020-11-30 15:00:00+00:00,0.0,0.0,0.0,20.65,56.11,2.26,0.03,94.74
2020-11-30 16:00:00+00:00,0.0,0.0,0.0,20.13,59.23,2.78,0.01,94.76
2020-11-30 17:00:00+00:00,0.0,0.0,0.0,19.52,62.57,3.46,0.0,94.75
2020-11-30 18:00:00+00:00,0.0,0.0,0.0,18.78,66.48,3.81,0.0,94.74
2020-11-30 19:00:00+00:00,0.0,0.0,0.0,17.85,71.04,3.9,0.0,94.7
2020-11-30 20:00:00+00:00,0.0,0.0,0.0,17.06,74.8,4.24,0.0,94.66
2020-11-30 21:00:00+00:00,0.0,0.0,0.0,16.33,78.24,4.43,0.0,94.62
2020-11-30 22:00:00+00:00,0.0,0.0,0.0,15.67,81.34,4.21,0.0,94.6
2020-11-30 23:00:00+00:00,0.0,0.0,0.0,15.05,84.11,3.74,0.0,94.59
2020-12-01 00:00:00+00:00,0.0,0.0,0.0,14.45,86.54,3.0,0.01,94.62
2020-12-01 01:00:00+00:00,0.0,0.0,0.0,14.05,87.83,2.31,0.03,94.67
2020-12-01 02:00:00+00:00,0.0,0.0,0.0,14.23,85.97,2.09,0.11,94.76
2020-12-01 03:00:00+00:00,10.15,0.0,10.65,14.43,84.28,2.14,0.3,94.83
2020-12-01 04:00:00+00:00,75.35,0.41,64.94,14.85,81.35,3.1,0.49,94.87
2020-12-01 05:00:00+00:00,154.02,3.17,133.82,15.69,77.34,4.13,0.5,94.89
2020-12-01 06:00:00+00:00,211.95,50.22,176.42,17.06,74.12,4.86,0.37,94.88
2020-12-01 07:00:00+00:00,276.65,36.77,214.34,18.62,69.12,5.17,0.21,94.84
2020-12-01 08:00:00+00:00,249.75,50.33,197.02,20.33,61.4,5.34,0.08,94.76
2020-12-01 09:00:00+00:00,245.75,32.29,199.02,21.71,54.74,5.52,0.02,94.67
2020-12-01 10:00:00+00:00,209.52,48.14,160.91,22.59,50.52,5.69,0.0,94.59
2020-12-01 11:00:00+00:00,175.85,107.84,124.31,22.54,49.94,5.72,0.0,94.56
2020-12-01 12:00:00+00:00,113.47,109.16,83.4,21.94,51.74,5.51,0.01,94.56
2020-12-01 13:00:00+00:00,38.05,31.37,33.41,20.84,55.98,4.67,0.01,94.6
2020-12-01 14:00:00+00:00,0.0,0.0,0.0,18.92,64.61,2.72,0.01,94.65
2020-12-01 15:00:00+00:00,0.0,0.0,0.0,18.04,69.4,2.45,0.01,94.7
2020-12-01 16:00:00+00:00,0.0,0.0,0.0,17.35,73.11,2.43,0.0,94.73
2020-12-01 17:00:00+00:00,0.0,0.0,0.0,16.65,76.75,2.53,0.0,94.73
2020-12-01 18:00:00+00:00,0.0,0.0,0.0,16.17,79.46,2.69,0.0,94.73
2020-12-01 19:00:00+00:00,0.0,0.0,0.0,15.84,81.56,2.89,0.0,94.71
2020-12-01 20:00:00+00:00,0.0,0.0,0.0,15.54,83.71,3.06,0.0,94.68
2020-12-01 21:00:00+00:00,0.0,0.0,0.0,15.22,86.48,3.18,0.0,94.67
2020-12-01 22:00:00+00:00,0.0,0.0,0.0,14.9,89.43,3.3,0.0,94.67
2020-12-01 23:00:00+00:00,0.0,0.0,0.0,14.55,92.93,3.3,0.0,94.67
2020-12-02 00:00:00+00:00,0.0,0.0,0.0,14.44,95.16,2.93,0.0,94.69
2020-12-02 01:00:00+00:00,0.0,0.0,0.0,14.58,95.63,2.5,0.0,94.74
2020-12-02 02:00:00+00:00,0.0,0.0,0.0,14.85,95.2,2.46,0.0,94.81
2020-12-02 03:00:00+00:00,12.15,5.32,15.04,15.13,94.76,2.9,0.0,94.85
2020-12-02 04:00:00+00:00,107.2,111.22,84.85,15.81,92.26,3.58,0.0,94.88
2020-12-02 05:00:00+00:00,188.73,112.73,144.45,17.24,86.15,4.28,0.0,94.89
2020-12-02 06:00:00+00:00,256.48,27.88,218.36,19.44,71.7,5.18,0.0,94.87
2020-12-02 07:00:00+00:00,338.98,295.09,190.39,22.21,52.27,5.81,0.0,94.81
2020-12-02 08:00:00+00:00,417.25,204.35,283.88,24.24,42.21,5.89,0.0,94.71
2020-12-02 09:00:00+00:00,434.52,183.54,275.27,25.43,38.12,5.9,0.0,94.61
2020-12-02 10:00:00+00:00,407.83,335.54,192.78,25.47,37.82,5.76,0.0,94.54
2020-12-02 11:00:00+00:00,300.2,236.28,173.2,24.88,39.59,5.16,0.0,94.53
2020-12-02 12:00:00+00:00,171.73,162.39,115.27,24.3,41.53,4.19,0.0,94.52
2020-12-02 13:00:00+00:00,47.28,35.87,41.27,23.09,47.07,2.32,0.0,94.53
2020-12-02 14:00:00+00:00,0.0,0.0,0.0,20.79,53.26,2.45,0.0,94.57
2020-12-02 15:00:00+00:00,0.0,0.0,0.0,19.85,54.92,2.76,0.0,94.62
2020-12-02 16:00:00+00:00,0.0,0.0,0.0,19.27,55.61,3.09,0.0,94.65
2020-12-02 17:00:00+00:00,0.0,0.0,0.0,18.83,56.05,3.41,0.0,94.67
2020-12-02 18:00:00+00:00,0.0,0.0,0.0,18.46,56.37,3.67,0.0,94.66
2020-12-02 19:00:00+00:00,0.0,0.0,0.0,18.05,56.95,3.82,0.0,94.64
2020-12-02 20:00:00+00:00,0.0,0.0,0.0,17.57,58.01,3.84,0.0,94.61
2020-12-02 21:00:00+00:00,0.0,0.0,0.0,17.11,59.79,3.84,0.0,94.59
2020-12-02 22:00:00+00:00,0.0,0.0,0.0,16.67,62.18,3.83,0.0,94.58
2020-12-02 23:00:00+00:00,0.0,0.0,0.0,16.21,64.68,3.61,0.0,94.57
2020-12-03 00:00:00+00:00,0.0,0.0,0.0,15.84,66.91,3.22,0.0,94.59
2020-12-03 01:00:00+00:00,0.0,0.0,0.0,15.55,68.71,2.72,0.0,94.64
2020-12-03 02:00:00+00:00,0.0,0.0,0.0,15.5,69.59,2.32,0.0,94.72
2020-12-03 03:00:00+00:00,12.57,10.85,14.05,15.66,69.27,2.0,0.0,94.78
2020-12-03 04:00:00+00:00,150.93,292.19,82.95,17.25,62.85,2.22,0.0,94.82
2020-12-03 05:00:00+00:00,339.12,501.41,134.47,19.24,56.29,2.17,0.0,94.84
2020-12-03 06:00:00+00:00,508.23,607.42,168.46,22.68,46.98,4.62,0.0,94.83
2020-12-03 07:00:00+00:00,623.3,700.22,168.05,25.38,40.72,5.55,0.0,94.78
2020-12-03 08:00:00+00:00,686.45,738.23,169.74,27.04,37.01,5.18,0.0,94.7
2020-12-03 09:00:00+00:00,654.5,717.51,173.83,28.1,34.79,4.68,0.0,94.61
2020-12-03 10:00:00+00:00,546.75,579.61,198.19,28.58,33.85,4.34,0.0,94.55
2020-12-03 11:00:00+00:00,409.33,497.01,172.69,28.44,34.12,4.01,0.0,94.53
2020-12-03 12:00:00+00:00,232.62,404.46,111.29,27.77,35.56,3.81,0.0,94.54
2020-12-03 13:00:00+00:00,59.12,107.73,47.84,25.75,42.2,2.69,0.0,94.57
2020-12-03 14:00:00+00:00,0.0,0.0,0.0,23.03,48.56,3.27,0.0,94.62
2020-12-03 15:00:00+00:00,0.0,0.0,0.0,22.29,49.87,3.93,0.0,94.67
2020-12-03 16:00:00+00:00,0.0,0.0,0.0,21.73,50.92,4.46,0.0,94.69
2020-12-03 17:00:00+00:00,0.0,0.0,0.0,21.03,52.67,4.74,0.0,94.7
2020-12-03 18:00:00+00:00,0.0,0.0,0.0,20.27,54.74,4.88,0.0,94.67
2020-12-03 19:00:00+00:00,0.0,0.0,0.0,19.56,56.92,4.98,0.0,94.63
2020-12-03 20:00:00+00:00,0.0,0.0,0.0,18.87,59.32,4.98,0.0,94.58
2020-12-03 21:00:00+00:00,0.0,0.0,0.0,18.25,61.92,5.2,0.0,94.53
2020-12-03 22:00:00+00:00,0.0,0.0,0.0,17.64,64.76,5.31,0.0,94.49
2020-12-03 23:00:00+00:00,0.0,0.0,0.0,16.93,67.89,4.75,0.0,94.49
2020-12-04 00:00:00+00:00,0.0,0.0,0.0,16.15,71.27,3.9,0.0,94.5
2020-12-04 01:00:00+00:00,0.0,0.0,0.0,15.52,74.06,3.42,0.0,94.53
2020-12-04 02:00:00+00:00,0.0,0.0,0.0,15.08,75.78,3.19,0.0,94.58
2020-12-04 03:00:00+00:00,13.27,32.74,12.44,14.79,76.54,2.91,0.0,94.64
2020-12-04 04:00:00+00:00,167.0,455.88,65.41,16.42,68.1,3.76,0.0,94.7
2020-12-04 05:00:00+00:00,367.15,664.96,99.53,18.85,58.17,3.44,0.0,94.74
2020-12-04 06:00:00+00:00,539.45,771.95,116.78,22.34,46.92,5.61,0.0,94.77
2020-12-04 07:00:00+00:00,658.0,835.48,121.73,25.11,40.27,6.04,0.0,94.74
2020-12-04 08:00:00+00:00,680.28,719.27,176.1,26.85,36.85,5.53,0.0,94.65
2020-12-04 09:00:00+00:00,662.0,708.1,171.25,27.92,34.74,5.05,0.0,94.57
2020-12-04 10:00:00+00:00,575.47,668.27,162.59,28.49,33.54,4.69,0.0,94.49
2020-12-04 11:00:00+00:00,427.25,570.58,147.16,28.58,33.2,4.48,0.0,94.44
2020-12-04 12:00:00+00:00,239.55,414.09,103.55,28.09,33.95,4.38,0.0,94.42
2020-12-04 13:00:00+00:00,59.12,123.78,40.66,25.89,40.16,2.96,0.0,94.42
2020-12-04 14:00:00+00:00,0.0,0.0,0.0,22.8,47.43,3.31,0.0,94.45
2020-12-04 15:00:00+00:00,0.0,0.0,0.0,22.01,48.76,3.83,0.0,94.5
2020-12-04 16:00:00+00:00,0.0,0.0,0.0,21.31,50.2,4.12,0.0,94.53
2020-12-04 17:00:00+00:00,0.0,0.0,0.0,20.53,52.12,4.1,0.0,94.55
2020-12-04 18:00:00+00:00,0.0,0.0,0.0,19.8,54.13,4.07,0.0,94.55
2020-12-04 19:00:00+00:00,0.0,0.0,0.0,19.1,56.33,4.03,0.0,94.53
2020-12-04 20:00:00+00:00,0.0,0.0,0.0,18.44,58.54,4.07,0.0,94.5
2020-12-04 21:00:00+00:00,0.0,0.0,0.0,17.94,60.6,4.47,0.02,94.45
2020-12-04 22:00:00+00:00,0.0,0.0,0.0,17.34,63.22,4.46,0.02,94.43
2020-12-04 23:00:00+00:00,0.0,0.0,0.0,16.53,66.63,3.57,0.02,94.42
2020-12-05 00:00:00+00:00,0.0,0.0,0.0,15.82,69.65,2.85,0.0,94.43
2020-12-05 01:00:00+00:00,0.0,0.0,0.0,15.23,72.19,2.27,0.0,94.47
2020-12-05 02:00:00+00:00,0.0,0.0,0.0,14.83,74.01,2.01,0.0,94.51
2020-12-05 03:00:00+00:00,11.62,11.56,12.12,14.54,75.18,1.96,0.0,94.56
2020-12-05 04:00:00+00:00,151.4,331.38,77.19,16.3,67.02,2.71,0.0,94.62
2020-12-05 05:00:00+00:00,338.55,520.36,129.58,18.66,58.39,4.0,0.0,94.65
2020-12-05 06:00:00+00:00,503.77,627.91,155.75,21.5,47.63,5.83,0.0,94.65
2020-12-05 07:00:00+00:00,634.3,740.73,151.31,24.18,37.72,6.74,0.0,94.59
2020-12-05 08:00:00+00:00,675.22,708.88,177.23,26.27,31.42,6.96,0.0,94.47
2020-12-05 09:00:00+00:00,659.5,704.46,176.53,27.69,28.26,6.85,0.0,94.35
2020-12-05 10:00:00+00:00,576.62,677.14,159.72,28.45,26.89,6.6,0.0,94.24
2020-12-05 11:00:00+00:00,423.98,572.15,146.57,28.65,26.52,6.34,0.0,94.18
2020-12-05 12:00:00+00:00,233.77,371.04,119.11,28.21,27.2,5.94,0.0,94.14
2020-12-05 13:00:00+00:00,56.35,79.4,45.81,25.79,32.98,3.81,0.0,94.15
2020-12-05 14:00:00+00:00,0.0,0.0,0.0,22.69,39.45,3.89,0.0,94.16
2020-12-05 15:00:00+00:00,0.0,0.0,0.0,21.95,40.25,4.76,0.0,94.19
2020-12-05 16:00:00+00:00,0.0,0.0,0.0,21.22,41.21,5.53,0.0,94.22
2020-12-05 17:00:00+00:00,0.0,0.0,0.0,20.36,42.82,5.82,0.0,94.22
2020-12-05 18:00:00+00:00,0.0,0.0,0.0,19.53,44.55,5.74,0.0,94.21
2020-12-05 19:00:00+00:00,0.0,0.0,0.0,18.95,45.69,5.81,0.0,94.18
2020-12-05 20:00:00+00:00,0.0,0.0,0.0,18.75,45.63,6.18,0.0,94.15
2020-12-05 21:00:00+00:00,0.0,0.0,0.0,18.61,45.46,6.01,0.0,94.13
2020-12-05 22:00:00+00:00,0.0,0.0,0.0,18.32,46.01,5.25,0.0,94.13
2020-12-05 23:00:00+00:00,0.0,0.0,0.0,18.6,44.86,5.11,0.02,94.14
2020-12-06 00:00:00+00:00,0.0,0.0,0.0,18.79,44.62,4.84,0.02,94.15
2020-12-06 01:00:00+00:00,0.0,0.0,0.0,18.8,46.55,4.78,0.01,94.2
2020-12-06 02:00:00+00:00,0.0,0.0,0.0,18.73,51.43,4.56,0.0,94.25
2020-12-06 03:00:00+00:00,9.43,3.28,12.85,18.44,57.21,3.96,0.0,94.29
2020-12-06 04:00:00+00:00,132.43,223.12,82.36,18.87,57.03,4.74,0.0,94.34
2020-12-06 05:00:00+00:00,329.25,500.36,130.72,20.69,42.22,5.56,0.0,94.39
2020-12-06 06:00:00+00:00,531.15,689.32,152.21,23.14,26.1,6.65,0.0,94.4
2020-12-06 07:00:00+00:00,661.75,788.78,149.5,24.54,23.01,6.62,0.0,94.38
2020-12-06 08:00:00+00:00,706.4,764.77,167.58,25.35,22.37,6.41,0.0,94.31
2020-12-06 09:00:00+00:00,694.3,782.11,160.15,25.78,21.93,6.41,0.0,94.23
2020-12-06 10:00:00+00:00,610.88,763.36,147.52,25.8,21.76,6.61,0.0,94.19
2020-12-06 11:00:00+00:00,459.27,690.26,126.47,25.41,22.27,6.89,0.0,94.2
2020-12-06 12:00:00+00:00,265.0,520.08,100.29,24.44,23.61,7.07,0.0,94.25
2020-12-06 13:00:00+00:00,67.35,182.44,42.4,22.48,26.54,5.96,0.0,94.33
2020-12-06 14:00:00+00:00,0.0,0.0,0.0,19.22,32.13,4.55,0.0,94.43
2020-12-06 15:00:00+00:00,0.0,0.0,0.0,17.97,33.09,5.13,0.0,94.53
2020-12-06 16:00:00+00:00,0.0,0.0,0.0,16.76,35.2,5.32,0.0,94.6
2020-12-06 17:00:00+00:00,0.0,0.0,0.0,15.56,38.36,5.07,0.0,94.66
2020-12-06 18:00:00+00:00,0.0,0.0,0.0,14.38,42.05,4.51,0.0,94.68
2020-12-06 19:00:00+00:00,0.0,0.0,0.0,13.22,46.15,3.82,0.0,94.69
2020-12-06 20:00:00+00:00,0.0,0.0,0.0,12.22,50.01,3.38,0.0,94.68
2020-12-06 21:00:00+00:00,0.0,0.0,0.0,11.36,54.29,3.18,0.0,94.69
2020-12-06 22:00:00+00:00,0.0,0.0,0.0,10.67,58.62,3.13,0.0,94.7
2020-12-06 23:00:00+00:00,0.0,0.0,0.0,10.11,63.19,3.19,0.0,94.72
2020-12-07 00:00:00+00:00,0.0,0.0,0.0,9.64,68.01,3.3,0.0,94.76
2020-12-07 01:00:00+00:00,0.0,0.0,0.0,9.22,72.99,3.35,0.0,94.81
2020-12-07 02:00:00+00:00,0.0,0.0,0.0,8.81,78.31,3.28,0.0,94.89
2020-12-07 03:00:00+00:00,12.75,34.44,13.75,8.48,83.01,3.1,0.0,94.96
2020-12-07 04:00:00+00:00,173.55,508.87,61.99,10.21,75.88,4.16,0.0,95.03
2020-12-07 05:00:00+00:00,385.58,750.86,90.38,13.06,63.08,4.28,0.0,95.09
2020-12-07 06:00:00+00:00,567.35,881.53,99.09,16.32,48.19,5.11,0.0,95.12
2020-12-07 07:00:00+00:00,693.62,943.86,95.59,18.24,40.13,5.0,0.0,95.12
2020-12-07 08:00:00+00:00,729.65,861.82,136.94,19.69,34.39,4.96,0.0,95.06
2020-12-07 09:00:00+00:00,714.58,860.56,136.09,20.65,30.63,4.8,0.0,94.96
2020-12-07 10:00:00+00:00,630.03,842.82,125.84,21.15,28.41,4.72,0.0,94.89
2020-12-07 11:00:00+00:00,474.85,761.36,112.12,21.13,27.59,4.81,0.0,94.88
2020-12-07 12:00:00+00:00,276.27,580.12,94.28,20.51,28.23,4.85,0.0,94.89
2020-12-07 13:00:00+00:00,71.75,221.33,41.17,18.64,32.72,3.67,0.0,94.94
2020-12-07 14:00:00+00:00,0.0,0.0,0.0,15.24,42.29,3.14,0.0,95.01
2020-12-07 15:00:00+00:00,0.0,0.0,0.0,14.2,46.19,3.24,0.0,95.08
2020-12-07 16:00:00+00:00,0.0,0.0,0.0,13.3,49.98,3.22,0.0,95.1
2020-12-07 17:00:00+00:00,0.0,0.0,0.0,12.43,54.19,3.19,0.0,95.12
2020-12-07 18:00:00+00:00,0.0,0.0,0.0,11.58,57.99,3.06,0.0,95.13
2020-12-07 19:00:00+00:00,0.0,0.0,0.0,10.83,60.82,2.95,0.0,95.12
2020-12-07 20:00:00+00:00,0.0,0.0,0.0,10.17,62.7,2.84,0.0,95.1
2020-12-07 21:00:00+00:00,0.0,0.0,0.0,9.58,64.07,2.74,0.0,95.08
2020-12-07 22:00:00+00:00,0.0,0.0,0.0,9.03,65.56,2.66,0.0,95.07
2020-12-07 23:00:00+00:00,0.0,0.0,0.0,8.55,66.9,2.55,0.0,95.07
2020-12-08 00:00:00+00:00,0.0,0.0,0.0,8.17,68.09,2.38,0.0,95.07
2020-12-08 01:00:00+00:00,0.0,0.0,0.0,7.89,69.27,2.24,0.0,95.09
2020-12-08 02:00:00+00:00,0.0,0.0,0.0,7.69,70.56,2.1,0.0,95.15
2020-12-08 03:00:00+00:00,12.0,41.44,12.64,7.68,70.94,1.88,0.0,95.21
2020-12-08 04:00:00+00:00,170.2,522.73,58.53,9.63,62.33,1.73,0.0,95.28
2020-12-08 05:00:00+00:00,376.95,751.1,82.22,11.94,53.8,1.45,0.0,95.33
2020-12-08 06:00:00+00:00,555.95,873.08,92.54,16.32,39.35,2.38,0.0,95.34
2020-12-08 07:00:00+00:00,682.38,942.42,91.78,18.6,31.79,3.06,0.0,95.31
2020-12-08 08:00:00+00:00,736.55,938.08,104.19,20.07,27.62,3.48,0.0,95.22
2020-12-08 09:00:00+00:00,721.2,931.82,104.6,21.08,25.07,3.75,0.0,95.11
2020-12-08 10:00:00+00:00,629.65,890.28,101.99,21.69,23.48,3.93,0.0,95.02
2020-12-08 11:00:00+00:00,477.55,824.41,89.71,21.84,22.79,4.14,0.0,94.97
2020-12-08 12:00:00+00:00,280.88,658.23,75.58,21.4,23.06,4.16,0.0,94.96
2020-12-08 13:00:00+00:00,75.93,294.31,37.56,18.94,29.48,2.62,0.0,94.97
2020-12-08 14:00:00+00:00,0.0,0.0,0.0,15.75,35.66,2.64,0.0,95.01
2020-12-08 15:00:00+00:00,0.0,0.0,0.0,14.8,37.67,2.66,0.0,95.08
2020-12-08 16:00:00+00:00,0.0,0.0,0.0,14.01,39.75,2.61,0.0,95.12
2020-12-08 17:00:00+00:00,0.0,0.0,0.0,13.3,41.94,2.47,0.0,95.14
2020-12-08 18:00:00+00:00,0.0,0.0,0.0,12.74,43.91,2.21,0.0,95.13
2020-12-08 19:00:00+00:00,0.0,0.0,0.0,12.43,45.54,1.84,0.0,95.1
2020-12-08 20:00:00+00:00,0.0,0.0,0.0,12.34,46.33,1.36,0.0,95.08
2020-12-08 21:00:00+00:00,0.0,0.0,0.0,12.26,46.99,0.76,0.0,95.06
2020-12-08 22:00:00+00:00,0.0,0.0,0.0,11.91,48.18,0.4,0.0,95.03
2020-12-08 23:00:00+00:00,0.0,0.0,0.0,11.35,49.88,0.81,0.0,95.01
2020-12-09 00:00:00+00:00,0.0,0.0,0.0,10.73,51.61,1.23,0.0,94.99
2020-12-09 01:00:00+00:00,0.0,0.0,0.0,10.17,53.09,1.61,0.0,95.0
2020-12-09 02:00:00+00:00,0.0,0.0,0.0,9.62,54.34,1.98,0.0,95.03
2020-12-09 03:00:00+00:00,10.82,28.96,12.13,9.3,54.64,2.23,0.0,95.06
2020-12-09 04:00:00+00:00,161.12,492.48,60.55,11.46,47.43,2.16,0.0,95.1
2020-12-09 05:00:00+00:00,365.88,697.35,92.39,14.68,37.61,2.81,0.0,95.12
2020-12-09 06:00:00+00:00,545.05,829.46,106.26,18.22,30.02,2.17,0.0,95.11
2020-12-09 07:00:00+00:00,673.55,892.56,109.78,21.54,24.07,1.71,0.0,95.07
2020-12-09 08:00:00+00:00,703.15,791.69,153.68,23.19,22.07,1.36,0.0,94.97
2020-12-09 09:00:00+00:00,687.67,780.19,158.39,24.23,20.95,1.37,0.0,94.85
2020-12-09 10:00:00+00:00,601.62,740.02,151.96,24.82,20.25,1.61,0.0,94.76
2020-12-09 11:00:00+00:00,450.65,640.71,139.45,24.93,20.11,1.84,0.0,94.71
2020-12-09 12:00:00+00:00,257.45,482.34,101.02,24.47,20.67,1.74,0.0,94.69
2020-12-09 13:00:00+00:00,65.55,156.17,42.68,22.65,26.48,0.68,0.0,94.69
2020-12-09 14:00:00+00:00,0.0,0.0,0.0,21.15,27.33,0.56,0.0,94.72
2020-12-09 15:00:00+00:00,0.0,0.0,0.0,19.23,29.77,1.76,0.0,94.76
2020-12-09 16:00:00+00:00,0.0,0.0,0.0,16.94,34.24,2.67,0.0,94.79
2020-12-09 17:00:00+00:00,0.0,0.0,0.0,15.32,37.62,3.24,0.0,94.8
2020-12-09 18:00:00+00:00,0.0,0.0,0.0,14.32,39.94,3.49,0.0,94.8
2020-12-09 19:00:00+00:00,0.0,0.0,0.0,13.52,41.88,3.53,0.0,94.79
2020-12-09 20:00:00+00:00,0.0,0.0,0.0,12.81,43.44,3.47,0.0,94.77
2020-12-09 21:00:00+00:00,0.0,0.0,0.0,12.21,44.55,3.38,0.0,94.76
2020-12-09 22:00:00+00:00,0.0,0.0,0.0,11.77,45.31,3.32,0.0,94.75
2020-12-09 23:00:00+00:00,0.0,0.0,0.0,11.42,45.46,3.33,0.0,94.73
2020-12-10 00:00:00+00:00,0.0,0.0,0.0,11.12,45.69,3.37,0.0,94.73
2020-12-10 01:00:00+00:00,0.0,0.0,0.0,10.83,46.12,3.41,0.0,94.76
2020-12-10 02:00:00+00:00,0.0,0.0,0.0,10.55,46.77,3.41,0.0,94.8
2020-12-10 03:00:00+00:00,9.32,2.38,11.78,10.27,47.81,3.35,0.0,94.86
2020-12-10 04:00:00+00:00,143.3,277.7,83.14,12.68,41.3,4.02,0.0,94.92
2020-12-10 05:00:00+00:00,340.75,517.82,134.71,15.1,35.93,4.54,0.0,94.97
2020-12-10 06:00:00+00:00,519.7,657.56,164.13,18.42,29.67,4.39,0.0,94.98
2020-12-10 07:00:00+00:00,645.88,721.62,179.56,21.29,25.0,4.39,0.0,94.93
2020-12-10 08:00:00+00:00,724.5,861.32,135.8,23.06,22.48,3.97,0.0,94.84
2020-12-10 09:00:00+00:00,707.38,842.99,142.0,23.96,21.53,3.67,0.0,94.75
2020-12-10 10:00:00+00:00,617.2,790.86,141.35,24.29,21.49,3.65,0.0,94.68
2020-12-10 11:00:00+00:00,465.2,706.62,125.3,24.1,22.23,3.86,0.0,94.67
2020-12-10 12:00:00+00:00,268.42,532.18,99.01,23.3,23.87,4.14,0.0,94.69
2020-12-10 13:00:00+00:00,70.43,191.54,42.45,20.54,30.14,3.07,0.0,94.74
2020-12-10 14:00:00+00:00,0.0,0.0,0.0,17.17,37.69,3.53,0.0,94.79
2020-12-10 15:00:00+00:00,0.0,0.0,0.0,16.11,41.17,3.77,0.0,94.86
2020-12-10 16:00:00+00:00,0.0,0.0,0.0,15.03,45.12,3.76,0.0,94.91
2020-12-10 17:00:00+00:00,0.0,0.0,0.0,13.93,49.33,3.58,0.0,94.95
2020-12-10 18:00:00+00:00,0.0,0.0,0.0,12.89,53.21,3.36,0.0,94.96
2020-12-10 19:00:00+00:00,0.0,0.0,0.0,11.96,56.45,3.18,0.0,94.95
2020-12-10 20:00:00+00:00,0.0,0.0,0.0,11.17,59.01,3.07,0.0,94.93
2020-12-10 21:00:00+00:00,0.0,0.0,0.0,10.49,61.26,3.0,0.0,94.93
2020-12-10 22:00:00+00:00,0.0,0.0,0.0,9.92,63.01,2.98,0.0,94.92
2020-12-10 23:00:00+00:00,0.0,0.0,0.0,9.42,64.77,2.97,0.0,94.91
2020-12-11 00:00:00+00:00,0.0,0.0,0.0,8.93,67.08,2.88,0.0,94.91
2020-12-11 01:00:00+00:00,0.0,0.0,0.0,8.46,69.94,2.73,0.0,94.92
2020-12-11 02:00:00+00:00,0.0,0.0,0.0,8.05,73.22,2.54,0.0,94.96
2020-12-11 03:00:00+00:00,8.95,5.68,11.1,7.77,76.11,2.37,0.0,95.02
2020-12-11 04:00:00+00:00,144.75,324.42,73.52,9.78,67.85,2.79,0.0,95.07
2020-12-11 05:00:00+00:00,345.23,566.88,121.94,12.04,59.27,2.49,0.0,95.12
2020-12-11 06:00:00+00:00,526.17,721.28,142.18,15.82,45.19,2.41,0.0,95.14
2020-12-11 07:00:00+00:00,656.95,791.74,150.79,17.94,38.31,2.08,0.0,95.11
2020-12-11 08:00:00+00:00,697.85,750.77,171.86,20.32,31.15,1.95,0.0,95.02
2020-12-11 09:00:00+00:00,681.67,734.72,178.46,21.94,26.79,1.88,0.0,94.9
2020-12-11 10:00:00+00:00,594.72,687.15,171.89,22.69,24.52,1.82,0.0,94.81
2020-12-11 11:00:00+00:00,441.17,589.72,150.4,22.85,23.62,1.92,0.0,94.75
2020-12-11 12:00:00+00:00,248.05,398.48,118.33,22.35,24.01,2.18,0.0,94.75
2020-12-11 13:00:00+00:00,62.2,90.4,47.24,19.73,30.51,2.11,0.0,94.76
2020-12-11 14:00:00+00:00,0.0,0.0,0.0,16.31,35.48,3.14,0.0,94.8
2020-12-11 15:00:00+00:00,0.0,0.0,0.0,15.17,37.23,3.49,0.0,94.88
2020-12-11 16:00:00+00:00,0.0,0.0,0.0,14.07,39.52,3.55,0.0,94.94
2020-12-11 17:00:00+00:00,0.0,0.0,0.0,12.91,42.54,3.3,0.0,94.97
2020-12-11 18:00:00+00:00,0.0,0.0,0.0,11.85,46.06,2.97,0.0,95.0
2020-12-11 19:00:00+00:00,0.0,0.0,0.0,10.99,49.57,2.77,0.0,94.99
2020-12-11 20:00:00+00:00,0.0,0.0,0.0,10.27,53.07,2.65,0.0,94.94
2020-12-11 21:00:00+00:00,0.0,0.0,0.0,9.69,56.17,2.5,0.0,94.91
2020-12-11 22:00:00+00:00,0.0,0.0,0.0,9.28,58.77,2.33,0.0,94.9
2020-12-11 23:00:00+00:00,0.0,0.0,0.0,9.0,60.81,2.16,0.0,94.89
2020-12-12 00:00:00+00:00,0.0,0.0,0.0,8.95,61.82,1.91,0.0,94.9
2020-12-12 01:00:00+00:00,0.0,0.0,0.0,9.0,62.15,1.67,0.0,94.92
2020-12-12 02:00:00+00:00,0.0,0.0,0.0,8.94,62.69,1.56,0.0,94.95
2020-12-12 03:00:00+00:00,8.27,2.15,10.47,9.09,62.23,1.25,0.0,95.02
2020-12-12 04:00:00+00:00,136.68,247.04,80.33,10.42,57.06,1.12,0.0,95.07
2020-12-12 05:00:00+00:00,335.02,501.95,134.3,12.42,50.21,1.23,0.0,95.1
2020-12-12 06:00:00+00:00,515.85,654.59,164.17,16.44,37.01,2.19,0.0,95.12
2020-12-12 07:00:00+00:00,644.42,726.13,175.34,18.92,30.73,2.21,0.0,95.07
2020-12-12 08:00:00+00:00,712.17,820.32,150.5,20.42,28.04,1.79,0.0,94.99
2020-12-12 09:00:00+00:00,697.45,814.96,149.52,21.63,26.06,1.65,0.0,94.88
2020-12-12 10:00:00+00:00,611.17,776.98,142.77,22.29,24.9,1.63,0.0,94.8
2020-12-12 11:00:00+00:00,461.65,674.16,135.06,22.38,24.64,1.51,0.0,94.77
2020-12-12 12:00:00+00:00,266.83,512.14,100.71,21.93,25.21,1.46,0.0,94.79
2020-12-12 13:00:00+00:00,70.57,171.59,43.53,19.84,31.17,1.41,0.0,94.82
2020-12-12 14:00:00+00:00,0.0,0.0,0.0,16.91,35.12,2.27,0.0,94.87
2020-12-12 15:00:00+00:00,0.0,0.0,0.0,15.52,37.72,2.72,0.0,94.94
2020-12-12 16:00:00+00:00,0.0,0.0,0.0,14.47,40.19,2.91,0.0,94.99
2020-12-12 17:00:00+00:00,0.0,0.0,0.0,13.55,42.58,2.93,0.0,95.01
2020-12-12 18:00:00+00:00,0.0,0.0,0.0,12.7,45.12,2.84,0.0,95.02
2020-12-12 19:00:00+00:00,0.0,0.0,0.0,11.89,47.59,2.7,0.0,95.02
2020-12-12 20:00:00+00:00,0.0,0.0,0.0,11.16,49.82,2.5,0.0,95.0
2020-12-12 21:00:00+00:00,0.0,0.0,0.0,10.59,51.74,2.23,0.0,94.99
2020-12-12 22:00:00+00:00,0.0,0.0,0.0,10.31,52.83,1.86,0.0,94.99
2020-12-12 23:00:00+00:00,0.0,0.0,0.0,10.19,53.49,1.47,0.0,94.97
2020-12-13 00:00:00+00:00,0.0,0.0,0.0,10.13,53.83,1.06,0.0,94.97
2020-12-13 01:00:00+00:00,0.0,0.0,0.0,10.04,54.29,0.62,0.0,94.98
2020-12-13 02:00:00+00:00,0.0,0.0,0.0,9.83,55.33,0.26,0.0,95.03
2020-12-13 03:00:00+00:00,8.48,8.28,10.62,9.6,56.22,0.27,0.0,95.06
2020-12-13 04:00:00+00:00,147.6,377.37,71.71,10.5,53.18,0.51,0.0,95.09
2020-12-13 05:00:00+00:00,353.62,628.09,111.2,12.45,46.75,0.66,0.0,95.11
2020-12-13 06:00:00+00:00,538.67,767.1,130.71,16.59,35.45,0.94,0.0,95.11
2020-12-13 07:00:00+00:00,663.75,831.78,137.67,20.3,27.95,1.12,0.0,95.05
2020-12-13 08:00:00+00:00,710.58,795.4,163.19,22.02,25.06,1.31,0.0,94.96
2020-12-13 09:00:00+00:00,696.97,792.04,161.57,22.99,23.65,1.54,0.0,94.84
2020-12-13 10:00:00+00:00,611.97,752.23,155.36,23.43,22.91,1.62,0.0,94.76
2020-12-13 11:00:00+00:00,460.55,656.0,142.75,23.41,22.61,1.6,0.0,94.73
2020-12-13 12:00:00+00:00,265.35,490.84,108.64,22.86,23.1,1.53,0.0,94.72
2020-12-13 13:00:00+00:00,71.65,172.1,46.49,20.7,28.73,1.25,0.0,94.74
2020-12-13 14:00:00+00:00,0.0,0.0,0.0,18.14,31.89,1.87,0.0,94.79
2020-12-13 15:00:00+00:00,0.0,0.0,0.0,16.36,35.14,2.41,0.0,94.86
2020-12-13 16:00:00+00:00,0.0,0.0,0.0,14.91,38.67,2.71,0.0,94.91
2020-12-13 17:00:00+00:00,0.0,0.0,0.0,13.66,42.53,2.81,0.0,94.94
2020-12-13 18:00:00+00:00,0.0,0.0,0.0,12.57,46.3,2.72,0.0,94.95
2020-12-13 19:00:00+00:00,0.0,0.0,0.0,11.63,49.82,2.53,0.0,94.95
2020-12-13 20:00:00+00:00,0.0,0.0,0.0,10.94,52.6,2.26,0.0,94.93
2020-12-13 21:00:00+00:00,0.0,0.0,0.0,10.48,54.59,1.98,0.0,94.9
2020-12-13 22:00:00+00:00,0.0,0.0,0.0,10.26,55.87,1.65,0.0,94.88
2020-12-13 23:00:00+00:00,0.0,0.0,0.0,10.19,56.36,1.28,0.0,94.87
2020-12-14 00:00:00+00:00,0.0,0.0,0.0,10.0,57.2,1.1,0.0,94.86
2020-12-14 01:00:00+00:00,0.0,0.0,0.0,9.7,58.5,1.14,0.0,94.88
2020-12-14 02:00:00+00:00,0.0,0.0,0.0,9.32,59.92,1.31,0.0,94.92
2020-12-14 03:00:00+00:00,8.07,6.73,10.05,9.1,60.58,1.48,0.0,94.97
2020-12-14 04:00:00+00:00,145.57,369.67,71.88,10.56,54.72,1.54,0.0,95.01
2020-12-14 05:00:00+00:00,350.85,604.39,116.58,13.3,45.39,2.16,0.0,95.05
2020-12-14 06:00:00+00:00,533.65,753.95,137.52,17.44,34.34,2.65,0.0,95.08
2020-12-14 07:00:00+00:00,665.8,816.1,148.53,20.5,27.79,2.0,0.0,95.03
2020-12-14 08:00:00+00:00,718.05,812.45,160.83,21.96,24.4,1.35,0.0,94.94
2020-12-14 09:00:00+00:00,704.17,807.66,159.59,22.87,21.76,1.29,0.0,94.83
2020-12-14 10:00:00+00:00,619.35,774.01,151.12,23.34,19.91,1.49,0.0,94.73
2020-12-14 11:00:00+00:00,466.8,668.91,144.36,23.34,19.11,1.8,0.0,94.68
2020-12-14 12:00:00+00:00,270.35,509.26,112.54,22.73,19.39,2.21,0.0,94.67
2020-12-14 13:00:00+00:00,71.82,141.14,53.73,19.69,26.14,2.15,0.0,94.69
2020-12-14 14:00:00+00:00,0.0,0.0,0.0,16.13,31.32,3.0,0.0,94.73
2020-12-14 15:00:00+00:00,0.0,0.0,0.0,14.84,34.04,3.35,0.0,94.79
2020-12-14 16:00:00+00:00,0.0,0.0,0.0,13.92,36.33,3.47,0.0,94.83
2020-12-14 17:00:00+00:00,0.0,0.0,0.0,13.08,38.28,3.5,0.0,94.83
2020-12-14 18:00:00+00:00,0.0,0.0,0.0,12.27,40.15,3.49,0.0,94.81
2020-12-14 19:00:00+00:00,0.0,0.0,0.0,11.51,41.98,3.42,0.0,94.78
2020-12-14 20:00:00+00:00,0.0,0.0,0.0,10.82,43.58,3.33,0.0,94.75
2020-12-14 21:00:00+00:00,0.0,0.0,0.0,10.23,45.2,3.23,0.0,94.74
2020-12-14 22:00:00+00:00,0.0,0.0,0.0,9.74,46.58,3.15,0.0,94.72
2020-12-14 23:00:00+00:00,0.0,0.0,0.0,9.33,47.74,3.1,0.0,94.71
2020-12-15 00:00:00+00:00,0.0,0.0,0.0,8.93,49.05,3.1,0.0,94.71
2020-12-15 01:00:00+00:00,0.0,0.0,0.0,8.54,50.24,3.17,0.0,94.73
2020-12-15 02:00:00+00:00,0.0,0.0,0.0,8.16,51.43,3.29,0.0,94.77
2020-12-15 03:00:00+00:00,7.22,2.68,10.13,7.87,52.49,3.42,0.0,94.82
2020-12-15 04:00:00+00:00,125.62,165.98,92.59,10.66,43.52,3.65,0.0,94.89
2020-12-15 05:00:00+00:00,309.75,367.1,193.35,13.82,35.55,4.62,0.0,94.93
2020-12-15 06:00:00+00:00,494.55,436.46,272.62,17.76,27.86,5.31,0.0,94.95
2020-12-15 07:00:00+00:00,666.2,824.11,146.39,20.66,22.74,5.93,0.0,94.91
2020-12-15 08:00:00+00:00,711.08,810.51,190.98,22.05,20.07,6.16,0.0,94.83
2020-12-15 09:00:00+00:00,688.08,713.85,234.69,22.91,18.0,6.45,0.0,94.74
2020-12-15 10:00:00+00:00,609.17,721.5,169.69,23.33,16.58,6.66,0.0,94.65
2020-12-15 11:00:00+00:00,449.65,586.35,176.68,23.19,16.07,6.64,0.0,94.61
2020-12-15 12:00:00+00:00,253.52,340.01,145.61,22.39,16.59,6.43,0.0,94.61
2020-12-15 13:00:00+00:00,66.9,70.71,58.43,19.38,20.85,4.41,0.0,94.65
2020-12-15 14:00:00+00:00,0.0,0.0,0.0,15.69,26.92,4.25,0.0,94.68
2020-12-15 15:00:00+00:00,0.0,0.0,0.0,14.69,28.82,4.58,0.0,94.73
2020-12-15 16:00:00+00:00,0.0,0.0,0.0,13.76,30.72,4.7,0.0,94.78
2020-12-15 17:00:00+00:00,0.0,0.0,0.0,12.81,32.69,4.67,0.0,94.78
2020-12-15 18:00:00+00:00,0.0,0.0,0.0,11.92,34.55,4.58,0.0,94.78
2020-12-15 19:00:00+00:00,0.0,0.0,0.0,11.15,36.12,4.55,0.0,94.76
2020-12-15 20:00:00+00:00,0.0,0.0,0.0,10.5,37.34,4.58,0.0,94.72
2020-12-15 21:00:00+00:00,0.0,0.0,0.0,9.97,38.18,4.52,0.0,94.69
2020-12-15 22:00:00+00:00,0.0,0.0,0.0,9.55,38.63,4.45,0.0,94.67
2020-12-15 23:00:00+00:00,0.0,0.0,0.0,9.19,38.92,4.39,0.0,94.65
2020-12-16 00:00:00+00:00,0.0,0.0,0.0,8.91,39.13,4.33,0.0,94.65
2020-12-16 01:00:00+00:00,0.0,0.0,0.0,8.7,39.15,4.28,0.0,94.67
2020-12-16 02:00:00+00:00,0.0,0.0,0.0,9.16,37.58,4.28,0.0,94.72
2020-12-16 03:00:00+00:00,7.3,5.13,10.52,9.58,36.17,4.33,0.0,94.75
2020-12-16 04:00:00+00:00,139.25,336.96,72.99,11.31,32.01,5.51,0.0,94.79
2020-12-16 05:00:00+00:00,340.0,555.74,130.95,13.55,27.83,5.43,0.0,94.83
2020-12-16 06:00:00+00:00,516.08,670.77,157.23,17.41,22.26,6.67,0.0,94.84
2020-12-16 07:00:00+00:00,645.28,744.18,173.52,20.71,17.86,7.54,0.0,94.79
2020-12-16 08:00:00+00:00,686.92,692.39,207.03,22.58,15.81,6.77,0.0,94.7
2020-12-16 09:00:00+00:00,682.3,731.68,181.45,23.84,14.73,6.12,0.0,94.6
2020-12-16 10:00:00+00:00,597.78,680.09,180.16,24.48,14.36,5.52,0.0,94.52
2020-12-16 11:00:00+00:00,445.85,569.07,162.52,24.53,14.51,5.06,0.0,94.49
2020-12-16 12:00:00+00:00,252.4,379.43,129.17,23.89,15.24,4.51,0.0,94.49
2020-12-16 13:00:00+00:00,65.95,80.89,54.06,20.48,20.96,3.03,0.0,94.52
2020-12-16 14:00:00+00:00,0.0,0.0,0.0,17.46,24.63,3.68,0.0,94.57
2020-12-16 15:00:00+00:00,0.0,0.0,0.0,16.6,25.79,4.06,0.0,94.63
2020-12-16 16:00:00+00:00,0.0,0.0,0.0,15.8,27.32,4.44,0.0,94.68
2020-12-16 17:00:00+00:00,0.0,0.0,0.0,15.1,28.94,4.77,0.0,94.7
2020-12-16 18:00:00+00:00,0.0,0.0,0.0,14.41,30.63,4.87,0.0,94.7
2020-12-16 19:00:00+00:00,0.0,0.0,0.0,13.55,32.57,4.73,0.0,94.68
2020-12-16 20:00:00+00:00,0.0,0.0,0.0,12.73,34.56,4.62,0.0,94.65
2020-12-16 21:00:00+00:00,0.0,0.0,0.0,12.22,36.16,4.57,0.0,94.65
2020-12-16 22:00:00+00:00,0.0,0.0,0.0,11.83,37.87,4.52,0.0,94.63
2020-12-16 23:00:00+00:00,0.0,0.0,0.0,11.54,39.49,4.49,0.0,94.63
2020-12-17 00:00:00+00:00,0.0,0.0,0.0,11.3,40.8,4.44,0.0,94.63
2020-12-17 01:00:00+00:00,0.0,0.0,0.0,11.07,42.13,4.36,0.0,94.65
2020-12-17 02:00:00+00:00,0.0,0.0,0.0,10.73,43.7,4.23,0.0,94.7
2020-12-17 03:00:00+00:00,6.28,0.51,9.37,10.51,45.07,4.12,0.0,94.73
2020-12-17 04:00:00+00:00,125.6,233.32,77.28,12.78,39.63,5.15,0.0,94.76
2020-12-17 05:00:00+00:00,314.55,437.23,142.3,15.42,34.35,4.96,0.0,94.79
2020-12-17 06:00:00+00:00,493.05,593.59,174.1,19.37,28.72,6.02,0.0,94.79
2020-12-17 07:00:00+00:00,620.5,666.92,190.78,22.67,23.88,7.25,0.0,94.75
2020-12-17 08:00:00+00:00,705.3,811.28,155.6,24.43,20.91,6.5,0.0,94.65
2020-12-17 09:00:00+00:00,692.53,804.06,152.27,25.57,19.15,5.86,0.0,94.56
2020-12-17 10:00:00+00:00,607.5,762.73,146.12,26.12,18.39,5.13,0.0,94.5
2020-12-17 11:00:00+00:00,460.08,653.81,140.54,26.12,18.42,4.39,0.0,94.47
2020-12-17 12:00:00+00:00,267.25,482.75,108.49,25.48,19.32,3.49,0.0,94.47
2020-12-17 13:00:00+00:00,75.05,168.78,46.66,22.13,25.8,2.23,0.0,94.5
2020-12-17 14:00:00+00:00,0.0,0.0,0.0,19.28,29.95,2.78,0.0,94.54
2020-12-17 15:00:00+00:00,0.0,0.0,0.0,17.72,34.17,3.42,0.0,94.6
2020-12-17 16:00:00+00:00,0.0,0.0,0.0,16.69,39.27,3.91,0.0,94.65
2020-12-17 17:00:00+00:00,0.0,0.0,0.0,15.77,45.54,4.23,0.0,94.67
2020-12-17 18:00:00+00:00,0.0,0.0,0.0,14.93,50.64,4.36,0.0,94.67
2020-12-17 19:00:00+00:00,0.0,0.0,0.0,14.07,54.66,4.06,0.0,94.65
2020-12-17 20:00:00+00:00,0.0,0.0,0.0,13.21,58.48,3.54,0.0,94.62
2020-12-17 21:00:00+00:00,0.0,0.0,0.0,12.53,61.65,3.02,0.0,94.6
2020-12-17 22:00:00+00:00,0.0,0.0,0.0,12.01,64.11,2.51,0.0,94.58
2020-12-17 23:00:00+00:00,0.0,0.0,0.0,11.75,65.33,1.87,0.0,94.58
2020-12-18 00:00:00+00:00,0.0,0.0,0.0,11.51,66.05,1.24,0.0,94.59
2020-12-18 01:00:00+00:00,0.0,0.0,0.0,11.35,66.32,0.99,0.0,94.62
2020-12-18 02:00:00+00:00,0.0,0.0,0.0,11.09,67.06,1.24,0.0,94.68
2020-12-18 03:00:00+00:00,5.78,0.62,9.28,10.57,69.71,1.59,0.0,94.75
2020-12-18 04:00:00+00:00,113.3,141.17,83.53,11.84,65.0,2.4,0.0,94.82
2020-12-18 05:00:00+00:00,290.27,324.01,166.09,13.98,57.38,2.7,0.0,94.88
2020-12-18 06:00:00+00:00,458.0,416.85,228.97,17.29,46.12,1.52,0.0,94.91
2020-12-18 07:00:00+00:00,588.55,554.14,231.33,19.92,38.26,0.71,0.0,94.86
2020-12-18 08:00:00+00:00,659.92,594.06,238.03,21.62,33.72,0.75,0.0,94.77
2020-12-18 09:00:00+00:00,653.75,600.18,233.61,22.68,30.97,0.86,0.0,94.65
2020-12-18 10:00:00+00:00,578.2,577.84,209.98,23.33,29.22,1.11,0.0,94.56
2020-12-18 11:00:00+00:00,428.1,461.02,191.98,23.52,28.45,1.63,0.0,94.51
2020-12-18 12:00:00+00:00,239.07,278.94,146.99,23.14,28.79,2.32,0.0,94.5
2020-12-18 13:00:00+00:00,63.47,39.37,54.1,20.9,33.5,2.24,0.0,94.52
2020-12-18 14:00:00+00:00,0.0,0.0,0.0,17.78,40.93,3.11,0.0,94.58
2020-12-18 15:00:00+00:00,0.0,0.0,0.0,16.86,44.05,3.46,0.0,94.66
2020-12-18 16:00:00+00:00,0.0,0.0,0.0,16.02,47.0,3.49,0.0,94.73
2020-12-18 17:00:00+00:00,0.0,0.0,0.0,15.16,50.39,3.49,0.0,94.77
2020-12-18 18:00:00+00:00,0.0,0.0,0.0,14.28,54.74,3.54,0.0,94.79
2020-12-18 19:00:00+00:00,0.0,0.0,0.0,13.37,60.36,3.52,0.0,94.82
2020-12-18 20:00:00+00:00,0.0,0.0,0.0,12.49,67.08,3.48,0.0,94.83
2020-12-18 21:00:00+00:00,0.0,0.0,0.0,11.7,74.41,3.54,0.0,94.83
2020-12-18 22:00:00+00:00,0.0,0.0,0.0,11.04,80.93,3.62,0.0,94.81
2020-12-18 23:00:00+00:00,0.0,0.0,0.0,10.7,84.54,3.76,0.0,94.8
2020-12-19 00:00:00+00:00,0.0,0.0,0.0,10.82,84.8,4.29,0.0,94.81
2020-12-19 01:00:00+00:00,0.0,0.0,0.0,10.78,85.52,4.09,0.0,94.83
2020-12-19 02:00:00+00:00,0.0,0.0,0.0,10.69,86.21,3.84,0.0,94.9
2020-12-19 03:00:00+00:00,4.95,0.0,5.67,10.74,85.65,4.05,0.0,94.98
2020-12-19 04:00:00+00:00,85.18,6.26,77.2,11.4,81.02,4.56,0.0,95.06
2020-12-19 05:00:00+00:00,207.5,20.93,176.48,13.56,67.52,5.81,0.0,95.12
2020-12-19 06:00:00+00:00,321.08,29.75,267.72,15.64,58.37,5.96,0.0,95.16
2020-12-19 07:00:00+00:00,436.55,76.52,327.4,16.91,54.14,5.15,0.0,95.15
2020-12-19 08:00:00+00:00,499.3,114.51,359.4,17.73,51.59,4.72,0.0,95.08
2020-12-19 09:00:00+00:00,543.5,230.6,354.4,18.26,50.07,4.66,0.0,95.0
2020-12-19 10:00:00+00:00,364.1,58.76,305.3,18.59,49.37,4.62,0.0,94.93
2020-12-19 11:00:00+00:00,274.92,42.63,227.02,18.67,49.53,4.54,0.0,94.91
2020-12-19 12:00:00+00:00,162.2,29.81,138.88,18.32,51.06,4.64,0.0,94.91
2020-12-19 13:00:00+00:00,48.92,7.7,44.33,17.45,54.79,4.48,0.0,94.94
2020-12-19 14:00:00+00:00,0.0,0.0,0.0,15.85,62.21,3.51,0.0,95.01
2020-12-19 15:00:00+00:00,0.0,0.0,0.0,15.05,67.4,3.83,0.0,95.09
2020-12-19 16:00:00+00:00,0.0,0.0,0.0,14.38,72.27,3.89,0.0,95.14
2020-12-19 17:00:00+00:00,0.0,0.0,0.0,13.83,76.43,3.76,0.0,95.15
2020-12-19 18:00:00+00:00,0.0,0.0,0.0,13.22,80.73,3.44,0.0,95.15
2020-12-19 19:00:00+00:00,0.0,0.0,0.0,12.6,84.67,3.17,0.0,95.12
2020-12-19 20:00:00+00:00,0.0,0.0,0.0,11.95,88.55,3.06,0.0,95.08
2020-12-19 21:00:00+00:00,0.0,0.0,0.0,11.46,91.34,3.01,0.0,95.06
2020-12-19 22:00:00+00:00,0.0,0.0,0.0,10.91,93.8,2.91,0.0,95.06
2020-12-19 23:00:00+00:00,0.0,0.0,0.0,10.43,94.94,2.89,0.0,95.06
2020-12-20 00:00:00+00:00,0.0,0.0,0.0,10.04,94.26,2.87,0.0,95.08
2020-12-20 01:00:00+00:00,0.0,0.0,0.0,9.66,93.2,2.8,0.0,95.11
2020-12-20 02:00:00+00:00,0.0,0.0,0.0,9.3,92.44,2.68,0.0,95.17
2020-12-20 03:00:00+00:00,4.8,0.0,7.39,9.14,91.15,2.56,0.0,95.24
2020-12-20 04:00:00+00:00,88.2,33.62,78.08,10.6,81.63,3.53,0.0,95.3
2020-12-20 05:00:00+00:00,209.95,115.39,167.02,12.83,69.35,3.62,0.0,95.35
2020-12-20 06:00:00+00:00,340.2,128.01,232.47,16.05,53.65,4.24,0.0,95.36
2020-12-20 07:00:00+00:00,503.8,343.49,281.22,18.03,48.33,3.73,0.0,95.32
2020-12-20 08:00:00+00:00,511.75,223.23,296.05,19.31,45.65,3.22,0.0,95.24
2020-12-20 09:00:00+00:00,527.12,272.74,293.38,20.06,43.92,2.99,0.0,95.13
2020-12-20 10:00:00+00:00,458.42,299.36,249.44,20.38,43.09,3.0,0.0,95.07
2020-12-20 11:00:00+00:00,352.55,242.67,226.79,20.44,42.86,3.1,0.0,95.06
2020-12-20 12:00:00+00:00,206.75,167.93,151.17,20.07,43.73,3.41,0.0,95.07
2020-12-20 13:00:00+00:00,60.62,30.68,52.4,19.05,46.26,3.26,0.0,95.1
2020-12-20 14:00:00+00:00,0.0,0.0,0.0,17.22,51.24,2.83,0.0,95.15
2020-12-20 15:00:00+00:00,0.0,0.0,0.0,16.58,52.35,3.54,0.0,95.22
2020-12-20 16:00:00+00:00,0.0,0.0,0.0,15.57,54.74,3.73,0.0,95.25
2020-12-20 17:00:00+00:00,0.0,0.0,0.0,14.45,57.65,3.57,0.0,95.27
2020-12-20 18:00:00+00:00,0.0,0.0,0.0,13.25,61.42,3.16,0.0,95.25
2020-12-20 19:00:00+00:00,0.0,0.0,0.0,12.34,64.54,2.84,0.0,95.24
2020-12-20 20:00:00+00:00,0.0,0.0,0.0,11.6,67.19,2.61,0.0,95.2
2020-12-20 21:00:00+00:00,0.0,0.0,0.0,10.95,69.77,2.44,0.0,95.16
2020-12-20 22:00:00+00:00,0.0,0.0,0.0,10.38,72.35,2.31,0.0,95.15
2020-12-20 23:00:00+00:00,0.0,0.0,0.0,9.87,74.61,2.2,0.0,95.15
2020-12-21 00:00:00+00:00,0.0,0.0,0.0,9.43,76.73,2.09,0.0,95.16
2020-12-21 01:00:00+00:00,0.0,0.0,0.0,9.16,77.77,2.02,0.0,95.19
2020-12-21 02:00:00+00:00,0.0,0.0,0.0,9.42,76.08,1.81,0.0,95.25
2020-12-21 03:00:00+00:00,5.32,0.66,8.78,9.69,74.13,1.47,0.0,95.31
2020-12-21 04:00:00+00:00,106.07,109.61,88.14,10.85,67.93,1.7,0.0,95.36
2020-12-21 05:00:00+00:00,260.85,167.04,204.19,12.79,58.86,1.56,0.0,95.4
2020-12-21 06:00:00+00:00,412.58,191.33,299.18,15.59,49.01,1.83,0.0,95.41
2020-12-21 07:00:00+00:00,526.9,538.15,199.18,17.32,44.48,1.68,0.0,95.35
2020-12-21 08:00:00+00:00,652.92,589.26,235.18,18.82,41.41,1.52,0.0,95.25
2020-12-21 09:00:00+00:00,657.15,631.25,217.43,20.05,39.03,1.43,0.0,95.13
2020-12-21 10:00:00+00:00,579.85,608.53,195.73,20.73,37.63,1.36,0.0,95.03
2020-12-21 11:00:00+00:00,433.77,513.51,175.12,20.97,37.06,1.53,0.0,94.99
2020-12-21 12:00:00+00:00,249.95,362.95,123.78,20.7,37.56,2.0,0.0,95.0
2020-12-21 13:00:00+00:00,70.88,90.32,53.37,19.17,41.25,2.02,0.0,95.03
2020-12-21 14:00:00+00:00,0.0,0.0,0.0,16.27,48.98,2.73,0.0,95.09
2020-12-21 15:00:00+00:00,0.0,0.0,0.0,15.4,50.85,3.13,0.0,95.14
2020-12-21 16:00:00+00:00,0.0,0.0,0.0,14.59,52.13,3.29,0.0,95.17
2020-12-21 17:00:00+00:00,0.0,0.0,0.0,13.67,54.08,3.21,0.0,95.18
2020-12-21 18:00:00+00:00,0.0,0.0,0.0,12.72,56.82,2.96,0.0,95.18
2020-12-21 19:00:00+00:00,0.0,0.0,0.0,11.83,60.01,2.68,0.0,95.16
2020-12-21 20:00:00+00:00,0.0,0.0,0.0,11.04,63.23,2.42,0.0,95.14
2020-12-21 21:00:00+00:00,0.0,0.0,0.0,10.41,65.81,2.17,0.0,95.13
2020-12-21 22:00:00+00:00,0.0,0.0,0.0,9.97,67.64,1.92,0.0,95.12
2020-12-21 23:00:00+00:00,0.0,0.0,0.0,9.69,68.66,1.7,0.0,95.1
2020-12-22 00:00:00+00:00,0.0,0.0,0.0,9.59,68.87,1.45,0.0,95.1
2020-12-22 01:00:00+00:00,0.0,0.0,0.0,9.61,68.54,1.16,0.0,95.13
2020-12-22 02:00:00+00:00,0.0,0.0,0.0,9.64,67.93,0.91,0.0,95.17
2020-12-22 03:00:00+00:00,5.18,1.41,8.07,9.64,67.58,0.69,0.0,95.21
2020-12-22 04:00:00+00:00,118.68,217.2,72.88,10.67,62.98,0.62,0.0,95.25
2020-12-22 05:00:00+00:00,311.95,506.52,122.43,12.55,55.42,0.67,0.0,95.28
2020-12-22 06:00:00+00:00,496.92,665.59,146.65,16.24,44.3,1.5,0.0,95.27
2020-12-22 07:00:00+00:00,617.17,671.54,187.73,19.28,39.27,1.39,0.0,95.19
2020-12-22 08:00:00+00:00,676.12,676.99,200.48,21.15,36.51,0.85,0.0,95.07
2020-12-22 09:00:00+00:00,663.83,664.77,200.23,22.22,34.6,0.46,0.0,94.94
2020-12-22 10:00:00+00:00,567.05,619.68,188.44,22.95,33.01,0.5,0.0,94.84
2020-12-22 11:00:00+00:00,441.58,552.15,170.87,23.15,32.33,0.75,0.0,94.79
2020-12-22 12:00:00+00:00,261.02,416.6,122.23,22.77,32.81,1.13,0.0,94.8
2020-12-22 13:00:00+00:00,76.55,117.09,55.56,20.68,37.48,1.53,0.0,94.84
2020-12-22 14:00:00+00:00,0.0,0.0,0.0,17.67,44.41,2.65,0.0,94.87
2020-12-22 15:00:00+00:00,0.0,0.0,0.0,16.57,47.08,3.16,0.0,94.93
2020-12-22 16:00:00+00:00,0.0,0.0,0.0,15.5,49.66,3.38,0.0,94.97
2020-12-22 17:00:00+00:00,0.0,0.0,0.0,14.4,52.22,3.37,0.0,95.0
2020-12-22 18:00:00+00:00,0.0,0.0,0.0,13.3,55.0,3.12,0.0,95.0
2020-12-22 19:00:00+00:00,0.0,0.0,0.0,12.29,57.68,2.79,0.0,94.97
2020-12-22 20:00:00+00:00,0.0,0.0,0.0,11.45,60.17,2.57,0.0,94.94
2020-12-22 21:00:00+00:00,0.0,0.0,0.0,10.84,61.93,2.52,0.0,94.9
2020-12-22 22:00:00+00:00,0.0,0.0,0.0,10.35,63.11,2.56,0.0,94.86
2020-12-22 23:00:00+00:00,0.0,0.0,0.0,9.91,64.22,2.62,0.0,94.81
2020-12-23 00:00:00+00:00,0.0,0.0,0.0,9.55,65.27,2.7,0.0,94.79
2020-12-23 01:00:00+00:00,0.0,0.0,0.0,9.29,66.06,2.83,0.0,94.82
2020-12-23 02:00:00+00:00,0.0,0.0,0.0,9.15,66.46,3.02,0.0,94.88
2020-12-23 03:00:00+00:00,5.12,2.77,7.54,9.15,66.5,3.14,0.0,94.93
2020-12-23 04:00:00+00:00,127.35,305.8,70.4,11.71,56.18,3.87,0.0,94.97
2020-12-23 05:00:00+00:00,330.38,576.62,115.11,14.47,47.1,4.18,0.0,95.0
2020-12-23 06:00:00+00:00,511.98,720.43,136.79,18.58,36.61,5.14,0.0,94.99
2020-12-23 07:00:00+00:00,644.62,794.55,146.42,21.27,32.04,4.9,0.0,94.91
2020-12-23 08:00:00+00:00,686.97,706.81,193.67,22.76,29.77,4.32,0.0,94.79
2020-12-23 09:00:00+00:00,679.72,703.96,193.78,23.63,28.52,3.72,0.0,94.67
2020-12-23 10:00:00+00:00,602.7,667.57,185.63,24.03,27.86,3.29,0.0,94.57
2020-12-23 11:00:00+00:00,450.85,541.87,184.95,24.0,27.69,2.94,0.0,94.51
2020-12-23 12:00:00+00:00,258.62,357.54,140.49,23.46,28.4,2.62,0.0,94.5
2020-12-23 13:00:00+00:00,73.82,70.34,63.69,20.82,33.79,1.94,0.0,94.53
2020-12-23 14:00:00+00:00,0.0,0.0,0.0,17.93,40.1,2.57,0.0,94.57
2020-12-23 15:00:00+00:00,0.0,0.0,0.0,16.56,43.68,3.02,0.0,94.63
2020-12-23 16:00:00+00:00,0.0,0.0,0.0,15.67,46.26,3.26,0.0,94.67
2020-12-23 17:00:00+00:00,0.0,0.0,0.0,14.99,48.15,3.36,0.0,94.68
2020-12-23 18:00:00+00:00,0.0,0.0,0.0,14.06,51.03,3.51,0.0,94.66
2020-12-23 19:00:00+00:00,0.0,0.0,0.0,13.39,53.17,3.59,0.0,94.6
2020-12-23 20:00:00+00:00,0.0,0.0,0.0,12.91,54.63,3.62,0.0,94.55
2020-12-23 21:00:00+00:00,0.0,0.0,0.0,12.6,55.31,3.69,0.0,94.5
2020-12-23 22:00:00+00:00,0.0,0.0,0.0,12.42,55.32,3.8,0.0,94.46
2020-12-23 23:00:00+00:00,0.0,0.0,0.0,12.24,55.31,3.85,0.0,94.42
2020-12-24 00:00:00+00:00,0.0,0.0,0.0,12.1,55.39,3.89,0.0,94.4
2020-12-24 01:00:00+00:00,0.0,0.0,0.0,12.01,55.3,3.96,0.0,94.41
2020-12-24 02:00:00+00:00,0.0,0.0,0.0,11.94,55.26,4.05,0.0,94.47
2020-12-24 03:00:00+00:00,4.68,0.0,7.16,12.14,54.35,4.25,0.0,94.52
2020-12-24 04:00:00+00:00,106.53,116.21,86.23,14.19,47.47,5.57,0.0,94.57
2020-12-24 05:00:00+00:00,283.75,326.16,161.61,16.35,41.25,4.99,0.0,94.61
2020-12-24 06:00:00+00:00,452.23,428.86,218.58,19.94,32.73,4.39,0.0,94.63
2020-12-24 07:00:00+00:00,562.4,444.87,251.48,22.94,27.33,4.13,0.0,94.58
2020-12-24 08:00:00+00:00,680.22,685.06,212.39,24.55,25.12,3.66,0.0,94.46
2020-12-24 09:00:00+00:00,661.85,685.52,236.6,25.51,24.06,3.34,0.0,94.35
2020-12-24 10:00:00+00:00,519.15,298.36,313.92,25.89,23.91,3.29,0.0,94.27
2020-12-24 11:00:00+00:00,389.92,289.94,257.28,25.87,24.29,3.16,0.0,94.23
2020-12-24 12:00:00+00:00,229.73,150.31,176.59,25.29,25.42,2.79,0.0,94.23
2020-12-24 13:00:00+00:00,70.25,21.2,61.92,22.69,30.55,1.61,0.0,94.27
2020-12-24 14:00:00+00:00,0.0,0.0,0.0,19.94,35.6,2.27,0.0,94.32
2020-12-24 15:00:00+00:00,0.0,0.0,0.0,18.16,40.18,3.39,0.0,94.4
2020-12-24 16:00:00+00:00,0.0,0.0,0.0,17.28,43.73,4.37,0.0,94.48
2020-12-24 17:00:00+00:00,0.0,0.0,0.0,16.05,49.88,5.8,0.0,94.54
2020-12-24 18:00:00+00:00,0.0,0.0,0.0,14.38,58.97,5.94,0.0,94.59
2020-12-24 19:00:00+00:00,0.0,0.0,0.0,13.39,65.55,5.58,0.0,94.61
2020-12-24 20:00:00+00:00,0.0,0.0,0.0,12.65,69.33,5.0,0.0,94.62
2020-12-24 21:00:00+00:00,0.0,0.0,0.0,12.1,69.65,4.44,0.0,94.64
2020-12-24 22:00:00+00:00,0.0,0.0,0.0,11.63,67.34,3.91,0.0,94.66
2020-12-24 23:00:00+00:00,0.0,0.0,0.0,11.08,64.23,3.39,0.0,94.66
2020-12-25 00:00:00+00:00,0.0,0.0,0.0,10.56,61.41,3.21,0.0,94.68
2020-12-25 01:00:00+00:00,0.0,0.0,0.0,10.31,59.09,3.28,0.0,94.73
2020-12-25 02:00:00+00:00,0.0,0.0,0.0,10.03,58.65,3.31,0.0,94.8
2020-12-25 03:00:00+00:00,4.55,0.92,7.45,9.59,59.58,3.37,0.0,94.89
2020-12-25 04:00:00+00:00,112.28,170.6,82.45,10.77,54.4,4.75,0.0,94.97
2020-12-25 05:00:00+00:00,303.42,431.12,146.95,13.24,45.27,5.22,0.0,95.06
2020-12-25 06:00:00+00:00,489.02,611.6,170.59,16.09,37.93,6.12,0.0,95.11
2020-12-25 07:00:00+00:00,632.95,739.23,164.94,17.78,35.33,5.87,0.0,95.09
2020-12-25 08:00:00+00:00,612.83,432.18,292.69,18.94,34.01,5.38,0.0,95.03
2020-12-25 09:00:00+00:00,571.38,330.77,322.35,19.61,33.6,5.01,0.0,94.97
2020-12-25 10:00:00+00:00,468.98,88.5,371.15,19.69,34.34,4.8,0.0,94.94
2020-12-25 11:00:00+00:00,362.62,78.4,298.46,19.23,35.95,4.74,0.0,94.93
2020-12-25 12:00:00+00:00,217.4,38.74,188.68,18.42,38.33,4.78,0.0,94.95
2020-12-25 13:00:00+00:00,62.88,2.73,54.43,17.21,41.77,4.27,0.0,94.99
2020-12-25 14:00:00+00:00,0.0,0.0,0.0,15.51,46.74,3.66,0.0,95.04
2020-12-25 15:00:00+00:00,0.0,0.0,0.0,14.5,49.91,4.16,0.0,95.09
2020-12-25 16:00:00+00:00,0.0,0.0,0.0,13.32,53.6,4.21,0.0,95.12
2020-12-25 17:00:00+00:00,0.0,0.0,0.0,12.29,56.82,4.18,0.0,95.13
2020-12-25 18:00:00+00:00,0.0,0.0,0.0,11.37,59.59,3.96,0.0,95.13
2020-12-25 19:00:00+00:00,0.0,0.0,0.0,10.57,61.52,3.87,0.0,95.1
2020-12-25 20:00:00+00:00,0.0,0.0,0.0,9.97,61.78,4.05,0.0,95.06
2020-12-25 21:00:00+00:00,0.0,0.0,0.0,9.31,61.07,4.1,0.0,95.04
2020-12-25 22:00:00+00:00,0.0,0.0,0.0,8.56,58.96,3.43,0.0,95.09
2020-12-25 23:00:00+00:00,0.0,0.0,0.0,7.88,53.75,3.53,0.0,95.1
2020-12-26 00:00:00+00:00,0.0,0.0,0.0,7.66,45.41,4.03,0.0,95.09
2020-12-26 01:00:00+00:00,0.0,0.0,0.0,7.26,39.08,3.41,0.0,95.15
2020-12-26 02:00:00+00:00,0.0,0.0,0.0,6.97,34.09,3.2,0.0,95.22
2020-12-26 03:00:00+00:00,3.53,0.0,4.04,6.65,31.12,2.9,0.0,95.27
2020-12-26 04:00:00+00:00,78.6,7.21,70.4,7.43,25.96,3.94,0.0,95.32
2020-12-26 05:00:00+00:00,200.2,12.82,169.65,9.23,20.62,4.52,0.0,95.35
2020-12-26 06:00:00+00:00,334.5,33.05,279.4,11.4,18.06,4.5,0.0,95.37
2020-12-26 07:00:00+00:00,490.98,223.06,312.96,13.52,17.88,4.13,0.0,95.33
2020-12-26 08:00:00+00:00,645.33,576.67,311.1,15.81,18.13,3.96,0.0,95.24
2020-12-26 09:00:00+00:00,660.33,717.91,289.63,17.2,16.03,3.82,0.0,95.14
2020-12-26 10:00:00+00:00,502.83,246.65,324.87,17.73,14.14,3.68,0.0,95.07
2020-12-26 11:00:00+00:00,391.23,253.55,271.14,17.9,12.8,3.75,0.0,95.05
2020-12-26 12:00:00+00:00,246.23,291.91,157.66,17.4,11.9,3.93,0.0,95.06
2020-12-26 13:00:00+00:00,86.53,181.94,59.29,15.49,12.75,3.09,0.0,95.1
2020-12-26 14:00:00+00:00,0.0,0.0,0.0,12.52,14.85,3.05,0.0,95.16
2020-12-26 15:00:00+00:00,0.0,0.0,0.0,11.83,14.23,3.45,0.0,95.24
2020-12-26 16:00:00+00:00,0.0,0.0,0.0,10.86,15.06,3.53,0.0,95.28
2020-12-26 17:00:00+00:00,0.0,0.0,0.0,9.77,16.71,3.26,0.0,95.29
2020-12-26 18:00:00+00:00,0.0,0.0,0.0,9.01,18.11,2.96,0.0,95.28
2020-12-26 19:00:00+00:00,0.0,0.0,0.0,8.41,19.42,2.67,0.0,95.26
2020-12-26 20:00:00+00:00,0.0,0.0,0.0,7.77,20.85,2.43,0.0,95.23
2020-12-26 21:00:00+00:00,0.0,0.0,0.0,7.24,21.92,2.26,0.0,95.21
2020-12-26 22:00:00+00:00,0.0,0.0,0.0,6.95,22.66,2.11,0.0,95.18
2020-12-26 23:00:00+00:00,0.0,0.0,0.0,6.78,23.07,1.96,0.0,95.17
2020-12-27 00:00:00+00:00,0.0,0.0,0.0,6.57,23.72,1.84,0.0,95.16
2020-12-27 01:00:00+00:00,0.0,0.0,0.0,6.37,24.37,1.74,0.0,95.17
2020-12-27 02:00:00+00:00,0.0,0.0,0.0,6.14,24.78,1.69,0.0,95.22
2020-12-27 03:00:00+00:00,4.57,1.26,7.37,5.98,24.9,1.73,0.0,95.26
2020-12-27 04:00:00+00:00,124.38,250.92,86.6,7.28,21.28,2.36,0.0,95.3
2020-12-27 05:00:00+00:00,336.75,570.17,139.07,9.53,17.76,2.89,0.0,95.32
2020-12-27 06:00:00+00:00,530.17,793.65,131.02,12.84,14.87,4.03,0.0,95.33
2020-12-27 07:00:00+00:00,673.1,902.7,116.63,14.85,13.5,4.38,0.0,95.27
2020-12-27 08:00:00+00:00,655.12,594.16,250.11,16.5,12.46,4.56,0.0,95.17
2020-12-27 09:00:00+00:00,525.35,308.2,307.85,17.67,12.23,4.52,0.0,95.06
2020-12-27 10:00:00+00:00,422.33,73.65,317.59,18.35,12.5,4.39,0.0,95.0
2020-12-27 11:00:00+00:00,329.62,105.76,254.68,18.51,13.23,4.36,0.0,94.97
2020-12-27 12:00:00+00:00,208.3,123.33,158.88,17.94,14.97,4.36,0.0,94.97
2020-12-27 13:00:00+00:00,76.68,67.78,64.3,15.59,19.97,3.13,0.0,94.99
2020-12-27 14:00:00+00:00,0.0,0.0,0.0,12.09,28.32,3.17,0.0,95.05
2020-12-27 15:00:00+00:00,0.0,0.0,0.0,11.21,33.36,3.39,0.0,95.1
2020-12-27 16:00:00+00:00,0.0,0.0,0.0,10.52,38.52,3.52,0.0,95.12
2020-12-27 17:00:00+00:00,0.0,0.0,0.0,9.73,43.9,3.52,0.0,95.12
2020-12-27 18:00:00+00:00,0.0,0.0,0.0,8.82,49.76,3.29,0.0,95.11
2020-12-27 19:00:00+00:00,0.0,0.0,0.0,7.91,55.65,2.96,0.0,95.12
2020-12-27 20:00:00+00:00,0.0,0.0,0.0,7.17,60.92,2.76,0.0,95.1
2020-12-27 21:00:00+00:00,0.0,0.0,0.0,6.58,65.78,2.59,0.0,95.08
2020-12-27 22:00:00+00:00,0.0,0.0,0.0,6.11,69.86,2.35,0.0,95.06
2020-12-27 23:00:00+00:00,0.0,0.0,0.0,5.88,72.13,2.04,0.0,95.05
2020-12-28 00:00:00+00:00,0.0,0.0,0.0,5.76,73.06,1.83,0.0,95.05
2020-12-28 01:00:00+00:00,0.0,0.0,0.0,5.39,74.48,1.93,0.0,95.08
2020-12-28 02:00:00+00:00,0.0,0.0,0.0,4.94,75.48,2.13,0.0,95.12
2020-12-28 03:00:00+00:00,3.92,0.0,5.87,4.57,74.26,2.46,0.0,95.17
2020-12-28 04:00:00+00:00,105.22,137.33,74.93,6.56,59.53,3.77,0.0,95.21
2020-12-28 05:00:00+00:00,270.9,348.15,144.91,8.9,46.09,3.83,0.0,95.25
2020-12-28 06:00:00+00:00,423.2,444.2,184.34,12.42,38.36,3.73,0.0,95.27
2020-12-28 07:00:00+00:00,505.05,524.39,194.27,15.49,40.93,2.83,0.0,95.24
2020-12-28 08:00:00+00:00,619.85,488.54,253.8,17.36,39.67,2.65,0.0,95.14
2020-12-28 09:00:00+00:00,666.3,582.21,251.37,18.51,37.65,2.73,0.0,95.03
2020-12-28 10:00:00+00:00,590.3,555.35,231.82,19.18,36.14,2.79,0.0,94.96
2020-12-28 11:00:00+00:00,449.73,481.85,197.12,19.34,35.77,2.88,0.0,94.91
2020-12-28 12:00:00+00:00,265.15,335.9,143.99,18.89,36.99,3.04,0.0,94.89
2020-12-28 13:00:00+00:00,83.3,79.77,62.14,16.74,43.32,2.38,0.0,94.92
2020-12-28 14:00:00+00:00,0.0,0.0,0.0,13.58,54.76,2.91,0.0,94.97
2020-12-28 15:00:00+00:00,0.0,0.0,0.0,12.7,60.01,3.16,0.0,95.03
2020-12-28 16:00:00+00:00,0.0,0.0,0.0,11.98,64.79,3.22,0.0,95.08
2020-12-28 17:00:00+00:00,0.0,0.0,0.0,11.25,70.06,3.21,0.0,95.1
2020-12-28 18:00:00+00:00,0.0,0.0,0.0,10.52,75.58,3.14,0.0,95.11
2020-12-28 19:00:00+00:00,0.0,0.0,0.0,9.77,81.35,3.0,0.0,95.11
2020-12-28 20:00:00+00:00,0.0,0.0,0.0,9.06,86.76,2.81,0.0,95.08
2020-12-28 21:00:00+00:00,0.0,0.0,0.0,8.46,91.15,2.57,0.0,95.06
2020-12-28 22:00:00+00:00,0.0,0.0,0.0,7.97,94.49,2.38,0.0,95.03
2020-12-28 23:00:00+00:00,0.0,0.0,0.0,7.5,97.39,2.18,0.0,95.0
2020-12-29 00:00:00+00:00,0.0,0.0,0.0,7.14,99.21,1.92,0.0,94.98
2020-12-29 01:00:00+00:00,0.0,0.0,0.0,6.98,99.73,1.63,0.0,95.01
2020-12-29 02:00:00+00:00,0.0,0.0,0.0,6.93,99.51,1.38,0.0,95.05
2020-12-29 03:00:00+00:00,3.47,0.86,5.25,6.94,98.88,1.22,0.0,95.09
2020-12-29 04:00:00+00:00,98.12,180.48,63.74,8.37,89.3,1.18,0.0,95.13
2020-12-29 05:00:00+00:00,257.48,383.09,127.16,10.27,79.58,1.01,0.0,95.17
2020-12-29 06:00:00+00:00,399.38,481.4,154.6,13.9,65.71,2.08,0.0,95.19
2020-12-29 07:00:00+00:00,553.95,615.48,170.42,17.68,51.64,3.09,0.0,95.15
2020-12-29 08:00:00+00:00,598.05,461.06,246.72,19.4,44.5,2.95,0.0,95.04
2020-12-29 09:00:00+00:00,619.25,477.15,275.47,20.38,40.05,2.91,0.0,94.92
2020-12-29 10:00:00+00:00,510.02,435.88,225.9,20.91,36.77,2.76,0.0,94.83
2020-12-29 11:00:00+00:00,398.73,389.71,197.49,21.0,34.85,2.63,0.0,94.8
2020-12-29 12:00:00+00:00,236.8,251.66,145.46,20.49,34.84,2.63,0.0,94.8
2020-12-29 13:00:00+00:00,77.18,49.22,64.17,18.08,40.35,2.05,0.0,94.83
2020-12-29 14:00:00+00:00,0.0,0.0,0.0,14.87,50.33,2.72,0.0,94.89
2020-12-29 15:00:00+00:00,0.0,0.0,0.0,13.71,55.06,3.1,0.0,94.94
2020-12-29 16:00:00+00:00,0.0,0.0,0.0,12.89,58.82,3.22,0.0,94.97
2020-12-29 17:00:00+00:00,0.0,0.0,0.0,12.13,62.58,3.26,0.0,94.97
2020-12-29 18:00:00+00:00,0.0,0.0,0.0,11.4,66.56,3.23,0.0,94.95
2020-12-29 19:00:00+00:00,0.0,0.0,0.0,10.63,70.86,3.12,0.0,94.92
2020-12-29 20:00:00+00:00,0.0,0.0,0.0,9.87,75.4,2.91,0.0,94.89
2020-12-29 21:00:00+00:00,0.0,0.0,0.0,9.23,79.62,2.63,0.0,94.88
2020-12-29 22:00:00+00:00,0.0,0.0,0.0,8.82,82.79,2.33,0.0,94.88
2020-12-29 23:00:00+00:00,0.0,0.0,0.0,8.62,84.86,2.07,0.0,94.88
2020-12-30 00:00:00+00:00,0.0,0.0,0.0,8.49,86.57,1.9,0.0,94.88
2020-12-30 01:00:00+00:00,0.0,0.0,0.0,8.34,88.3,1.8,0.0,94.9
2020-12-30 02:00:00+00:00,0.0,0.0,0.0,8.2,90.16,1.72,0.0,94.94
2020-12-30 03:00:00+00:00,3.72,0.0,5.56,8.15,91.07,1.63,0.0,94.99
2020-12-30 04:00:00+00:00,111.57,190.71,72.01,9.75,81.9,1.48,0.0,95.03
2020-12-30 05:00:00+00:00,309.7,481.98,128.56,12.33,68.61,1.88,0.0,95.08
2020-12-30 06:00:00+00:00,495.08,641.95,159.33,16.02,53.27,3.03,0.0,95.1
2020-12-30 07:00:00+00:00,631.7,722.31,175.09,18.62,43.82,3.02,0.0,95.03
2020-12-30 08:00:00+00:00,671.25,632.46,222.16,20.13,38.37,3.0,0.0,94.94
2020-12-30 09:00:00+00:00,656.2,600.46,228.04,21.06,34.62,3.11,0.0,94.85
2020-12-30 10:00:00+00:00,594.0,584.7,230.84,21.48,32.06,3.33,0.0,94.78
2020-12-30 11:00:00+00:00,448.27,483.72,209.69,21.36,30.92,3.52,0.0,94.75
2020-12-30 12:00:00+00:00,265.67,295.04,161.63,20.58,31.44,3.72,0.0,94.74
2020-12-30 13:00:00+00:00,88.43,103.08,69.53,18.56,35.44,2.88,0.0,94.76
2020-12-30 14:00:00+00:00,0.0,0.0,0.0,15.81,42.54,2.88,0.0,94.81
2020-12-30 15:00:00+00:00,0.0,0.0,0.0,14.32,46.76,3.16,0.0,94.87
2020-12-30 16:00:00+00:00,0.0,0.0,0.0,13.14,49.9,3.29,0.0,94.9
2020-12-30 17:00:00+00:00,0.0,0.0,0.0,12.27,51.77,3.32,0.0,94.91
2020-12-30 18:00:00+00:00,0.0,0.0,0.0,11.46,53.38,3.3,0.0,94.9
2020-12-30 19:00:00+00:00,0.0,0.0,0.0,10.67,55.05,3.21,0.0,94.86
2020-12-30 20:00:00+00:00,0.0,0.0,0.0,9.92,57.0,3.04,0.0,94.83
2020-12-30 21:00:00+00:00,0.0,0.0,0.0,9.3,58.77,2.86,0.0,94.81
2020-12-30 22:00:00+00:00,0.0,0.0,0.0,8.82,60.29,2.69,0.0,94.8
2020-12-30 23:00:00+00:00,0.0,0.0,0.0,8.44,61.59,2.54,0.0,94.8
2020-12-31 00:00:00+00:00,0.0,0.0,0.0,8.15,62.4,2.36,0.0,94.8
2020-12-31 01:00:00+00:00,0.0,0.0,0.0,7.92,63.12,2.24,0.0,94.83
2020-12-31 02:00:00+00:00,0.0,0.0,0.0,7.72,63.87,2.16,0.0,94.88
2020-12-31 03:00:00+00:00,0.0,0.0,0.0,7.58,64.37,2.1,0.0,94.93
2020-12-31 04:00:00+00:00,119.32,224.77,72.83,9.61,55.74,2.04,0.0,94.97
2020-12-31 05:00:00+00:00,306.35,490.9,128.01,12.06,47.27,2.5,0.0,95.01
2020-12-31 06:00:00+00:00,488.15,637.82,160.4,15.85,37.04,3.6,0.0,95.02
2020-12-31 07:00:00+00:00,620.47,693.88,180.52,18.41,30.9,3.8,0.0,94.94
2020-12-31 08:00:00+00:00,664.28,633.54,215.57,19.83,27.33,3.58,0.0,94.82
2020-12-31 09:00:00+00:00,671.28,634.18,222.28,20.79,25.11,3.28,0.0,94.71
2020-12-31 10:00:00+00:00,594.72,603.17,206.99,21.33,23.97,2.89,0.0,94.63
2020-12-31 11:00:00+00:00,439.95,487.89,190.62,21.38,23.83,2.51,0.0,94.6
2020-12-31 12:00:00+00:00,255.3,305.66,150.0,20.84,24.75,2.37,0.0,94.6
2020-12-31 13:00:00+00:00,83.9,85.78,72.2,18.2,29.69,2.16,0.0,94.63
2020-12-31 14:00:00+00:00,0.0,0.0,0.0,14.99,35.45,3.1,0.0,94.69
2020-12-31 15:00:00+00:00,0.0,0.0,0.0,14.16,36.96,3.46,0.0,94.74
2020-12-31 16:00:00+00:00,0.0,0.0,0.0,13.77,38.31,3.58,0.0,94.78
2020-12-31 17:00:00+00:00,0.0,0.0,0.0,13.31,40.97,3.43,0.0,94.8
2020-12-31 18:00:00+00:00,0.0,0.0,0.0,13.29,43.3,3.21,0.0,94.79
2020-12-31 19:00:00+00:00,0.0,0.0,0.0,13.39,45.67,3.05,0.0,94.75
2020-12-31 20:00:00+00:00,0.0,0.0,0.0,13.16,48.84,2.79,0.0,94.72
2020-12-31 21:00:00+00:00,0.0,0.0,0.0,12.66,52.93,2.66,0.0,94.69
2020-12-31 22:00:00+00:00,0.0,0.0,0.0,12.41,56.2,2.71,0.0,94.66
2020-12-31 23:00:00+00:00,0.0,0.0,0.0,12.03,59.44,2.48,0.0,94.64
